frame,object_id,X,Y,Z,n_views,cameras
3,0.0,-5.170652476596441,-4.343027725185012,0.967123678937264,3,out2+out4+out13
3,1.0,-8.532230901613994,1.8916736859053345,0.8190699030045968,2,out4+out13
3,2.0,-11.955209624204043,2.0128382519160963,0.9016310724033242,2,out4+out13
3,3.0,-11.261952204218904,-2.4848363771088375,0.9670974232167133,2,out4+out13
4,7.0,-1.3735001531285103,-1.5986436394928578,0.09834441620145364,2,out2+out13
4,0.0,-5.047041019276244,-4.3099620760956325,0.9490282940941382,3,out2+out4+out13
4,1.0,-8.375464640819331,1.8703741443021416,0.8430428833177895,2,out4+out13
4,6.0,-4.993902297070316,0.9284606370561076,0.8130346477878037,2,out4+out13
4,2.0,-12.035440197203858,2.0446048263140857,0.8658191619181625,2,out4+out13
4,3.0,-11.236825995261933,-2.5715920042765084,0.9475770096287047,2,out4+out13
5,7.0,-1.1821114033658677,-1.3844181522433037,0.20212504617883373,2,out2+out13
5,0.0,-4.940464139433635,-4.270435748516397,0.9564480772280305,3,out2+out4+out13
5,1.0,-8.181439722881821,1.8189784071704689,0.8494462553060264,2,out4+out13
5,6.0,-4.956346607200058,0.923790141209553,0.7881402603649302,2,out4+out13
5,3.0,-11.21767119040112,-2.610492997553027,0.9493293519931224,2,out4+out13
5,9.0,-7.864961435829778,-2.6300741611259633,0.8312932505820058,2,out4+out13
6,7.0,-1.0091670367550738,-1.1210018884512092,0.32298343349158554,2,out2+out13
6,0.0,-4.836452395804374,-4.246525606792926,0.952615894108656,3,out2+out4+out13
6,1.0,-8.054039994226793,1.801699232406805,0.8565121094257203,2,out4+out13
6,6.0,-4.9578685265153375,0.9369726770964972,0.7879152456601407,2,out4+out13
6,2.0,-12.245390551998709,2.1817870330819997,0.9256042957156394,2,out4+out13
6,3.0,-11.166621612772769,-2.642234801307117,0.9626703929231681,2,out4+out13
6,9.0,-7.872545327546247,-2.605290365513995,0.8426374218424131,2,out4+out13
7,7.0,-0.9070829052058532,-0.9707481537117946,0.39323852883885557,2,out2+out13
7,0.0,-4.749028923379191,-4.197522855815477,0.9747869149273249,3,out2+out4+out13
7,1.0,-7.928660715315431,1.770780142626685,0.857669730422085,2,out4+out13
7,6.0,-4.982362485440839,0.9551347715640952,0.8023139436556994,2,out4+out13
7,2.0,-12.253052468284878,2.183094149120263,0.9196031880696595,2,out4+out13
7,3.0,-11.190681868386093,-2.663006183826728,0.9923003673127777,2,out4+out13
7,9.0,-7.867141020221404,-2.601962964749107,0.8479631446154341,2,out4+out13
8,24.0,-1.918016379948008,-6.802144492691979,1.1235066885602891,2,out2+out4
8,7.0,-0.8052233424312037,-0.7420546190889522,0.4948262843746932,2,out2+out13
8,0.0,-4.679556722739731,-4.180564225713523,0.9800007525678833,3,out2+out4+out13
8,1.0,-7.817464190884361,1.738380908611687,0.8543744941810639,2,out4+out13
8,6.0,-4.9835576899905565,0.9548099617015461,0.8178995498337357,2,out4+out13
8,2.0,-12.23512867605613,2.171799798297855,0.9075065079512006,2,out4+out13
8,3.0,-11.08711612655401,-2.7528301380836493,0.9810823010384465,2,out4+out13
8,9.0,-7.838336887247826,-2.6255390982671676,0.8530036767624676,2,out4+out13
9,24.0,-1.873995609840994,-6.798544229304737,1.1286797306434257,2,out2+out4
9,7.0,-0.7549560468987536,-0.5438273191974409,0.587133958414946,2,out2+out13
9,0.0,-4.6054209979573,-4.150483741944195,0.9865258336933097,3,out2+out4+out13
9,1.0,-7.705630282011982,1.6983018900642646,0.850800338866753,2,out4+out13
9,10.0,-9.828242985647526,1.012228135630877,0.9797314886623952,2,out4+out13
9,6.0,-4.995503266298128,0.958314083137782,0.8336697361774672,2,out4+out13
9,2.0,-12.251047148143092,2.1657847311853913,0.9170799833477221,2,out4+out13
9,3.0,-11.025190426882308,-2.837783738848174,0.9744049295616125,2,out4+out13
9,9.0,-7.801387008602595,-2.667827558213431,0.8664233513230544,2,out4+out13
10,24.0,-1.781482215867927,-6.776202115131126,1.1402596165275078,2,out2+out4
10,7.0,-0.7083088029151751,-0.4076372502556363,0.6476021438842754,2,out2+out13
10,0.0,-4.512657606767831,-4.116232674666567,0.9865065922771357,3,out2+out4+out13
10,1.0,-7.581665725680039,1.6539359422355804,0.867361612036048,2,out4+out13
10,10.0,-9.81528658517584,1.0350135744630586,0.9658139202953119,2,out4+out13
10,6.0,-5.041161121698916,0.9753138738633224,0.8471489650409635,2,out4+out13
10,2.0,-12.22353058273509,2.1358624749302915,0.908509111040055,2,out4+out13
10,3.0,-10.990832507589992,-2.921612782256725,0.9759810824450859,2,out4+out13
10,9.0,-7.7331309395241465,-2.720788443829161,0.8827642111872749,2,out4+out13
11,24.0,-1.6893856739515436,-6.767402814528125,1.156648258094867,2,out2+out4
11,7.0,-0.6502957420640179,-0.35196154924866035,0.6689804519688192,2,out2+out13
11,0.0,-4.408423139034268,-4.078060195237311,0.9990768857400096,3,out2+out4+out13
11,1.0,-7.467647031418951,1.6159632777628024,0.886178178220259,2,out4+out13
11,10.0,-9.79740642420279,1.0852580433946342,0.97119679016697,2,out4+out13
11,6.0,-5.043088140709685,0.9649444067652339,0.8417608625539047,2,out4+out13
11,2.0,-12.241350067786083,2.1471406496784855,0.9205444473632178,2,out4+out13
11,3.0,-10.970263450870888,-2.9799032302895205,0.9708446798564302,2,out4+out13
11,9.0,-7.667630649165846,-2.77842458568724,0.9027523674417445,2,out4+out13
12,24.0,-1.601690569766092,-6.7632923061795776,1.1786168957135494,2,out2+out4
12,7.0,-0.6311374325942337,-0.3442186659723498,0.6702743525788212,2,out2+out13
12,0.0,-4.373270869389254,-4.0722576368236405,0.9998836569328032,3,out2+out4+out13
12,1.0,-7.353629195032815,1.5740249956514694,0.8894574924504128,2,out4+out13
12,10.0,-9.777694393286138,1.1224882256345554,0.949432260591462,2,out4+out13
12,6.0,-5.07332776980643,0.9757160395358611,0.8451607116246068,2,out4+out13
12,2.0,-12.245547069828135,2.150707649196521,0.9179758172807155,2,out4+out13
12,3.0,-10.958661160451225,-3.0144136351355457,0.9779690616766271,2,out4+out13
12,9.0,-7.5460259790469495,-2.8827540000673277,0.8999558355176649,2,out4+out13
13,24.0,-1.5016769753271404,-6.761505190891106,1.200335180682998,2,out2+out4
13,7.0,-0.594540842083399,-0.2997746755093088,0.6863052741141353,2,out2+out13
13,0.0,-4.313497554206708,-4.025914451913057,0.9977525881237156,3,out2+out4+out13
13,1.0,-7.222241219007526,1.5307409781631633,0.9034454598895355,2,out4+out13
13,10.0,-9.76585218223554,1.1572320733335075,0.944681519864988,2,out4+out13
13,6.0,-5.077726707824588,0.9851311318999292,0.8394696617813913,2,out4+out13
13,2.0,-12.276713771049085,2.178501884634089,0.9232061114543297,2,out4+out13
13,3.0,-10.922597885415165,-3.0615713774252282,0.9609968379539036,2,out4+out13
13,9.0,-7.475115570494069,-2.9007881242187934,0.8945261185891206,2,out4+out13
14,24.0,-1.4449104111364746,-6.763290840965311,1.2107813695196752,2,out2+out4
14,7.0,-0.5366054770118642,-0.27515460609843945,0.7003782313571213,2,out2+out13
14,0.0,-4.219431321164471,-3.966094943986167,0.9844320790349372,3,out2+out4+out13
14,1.0,-7.102693408510052,1.4950118367402825,0.9027057224242542,2,out4+out13
14,10.0,-9.740612315393406,1.180994173191822,0.932832125199679,2,out4+out13
14,2.0,-12.289277876453653,2.1891954768651,0.9155096623130534,2,out4+out13
14,3.0,-10.879094197362926,-3.1171041981274135,0.9477401113983751,2,out4+out13
14,9.0,-7.4193931457127364,-2.92052952767357,0.8820745572998773,2,out4+out13
15,24.0,-1.3988708284857394,-6.798774325699266,1.2121963104239182,2,out2+out4
15,7.0,-0.46497216621318277,-0.22544528932010038,0.7385248420667447,2,out2+out13
15,0.0,-4.106100617245729,-3.9222765011899017,0.9741655432607967,3,out2+out4+out13
15,1.0,-6.965505574743952,1.4437485770597813,0.8910743787954835,2,out4+out13
15,10.0,-9.732260494024176,1.2099148098808072,0.9331420039994147,2,out4+out13
15,6.0,-5.1103317018915915,1.0522771172521512,0.8321360424485984,2,out4+out13
15,2.0,-12.293473786818739,2.1927697909714547,0.9129455428892604,2,out4+out13
15,3.0,-10.84339820720149,-3.163808607219427,0.9309630251087729,2,out4+out13
15,9.0,-7.364459006937212,-2.9547660455643823,0.8489020711538798,2,out4+out13
16,24.0,-1.303805521890012,-6.851498126188727,1.1986923873198039,2,out2+out4
16,7.0,-0.3998932026189159,-0.15833842227637612,0.780174444396105,2,out2+out13
16,0.0,-4.013914400105699,-3.8607817668063196,0.9789815768635154,3,out2+out4+out13
16,1.0,-6.833981226843074,1.389272137573216,0.8897693999509942,2,out4+out13
16,10.0,-9.719026003052806,1.2657112400754282,0.9351843471692396,2,out4+out13
16,6.0,-5.117038489371312,1.0811610742814681,0.8262819279285034,2,out4+out13
16,2.0,-12.308721533088358,2.196695479959928,0.9216138647664056,2,out4+out13
16,3.0,-10.789051250545336,-3.2274408217572463,0.9142954308574812,2,out4+out13
16,9.0,-7.344215070125923,-2.9479228833356887,0.8359055607201179,2,out4+out13
17,24.0,-1.2098840164323237,-6.904710565011951,1.1908728983551644,2,out2+out4
17,7.0,-0.33465615393607645,-0.10907882504318743,0.8102391165272556,2,out2+out13
17,0.0,-3.8998764433438238,-3.8236467357507498,0.989544080063316,3,out2+out4+out13
17,1.0,-6.70831377158176,1.3213389636485053,0.8938591974257319,2,out4+out13
17,10.0,-9.786310572316697,1.4168275280128795,0.987965966007423,2,out4+out13
17,6.0,-5.139898350933918,1.1141831559030246,0.8293717349874283,2,out4+out13
17,2.0,-12.309352470817252,2.2024054934810056,0.9224433464080898,2,out4+out13
17,3.0,-10.761869969943845,-3.2503697028386442,0.9096741039129731,2,out4+out13
18,24.0,-1.1248284481634747,-6.9370236629329165,1.1669204916698661,2,out2+out4
18,7.0,-0.29596928934508043,-0.05052977173706487,0.8554205232266743,2,out2+out13
18,0.0,-3.7839597322686993,-3.7905932710071006,0.9923315923214701,3,out2+out4+out13
18,1.0,-6.58076567639128,1.2725282491887608,0.8897617832678211,2,out4+out13
18,10.0,-9.769678542397463,1.4761392604938268,1.0045154736735573,2,out4+out13
18,6.0,-5.148844648014158,1.141394929666746,0.819457320903382,2,out4+out13
18,2.0,-12.30644165852227,2.2102723471117067,0.9266621555252698,2,out4+out13
18,3.0,-10.712230686771274,-3.302386853229497,0.9246542310384168,2,out4+out13
19,24.0,-1.0521472425505725,-6.939485787405102,1.1645030344096068,2,out2+out4
19,7.0,-0.2694025814672859,-0.0032908210463410774,0.8752659356042285,2,out2+out13
19,0.0,-3.6972559227203208,-3.763417428500128,0.9983903133380468,3,out2+out4+out13
19,1.0,-6.49591418122623,1.2453206515682747,0.9121268272718897,2,out4+out13
19,10.0,-9.708087364753128,1.469702171719302,0.977408081611703,2,out4+out13
19,6.0,-5.1346239870836,1.1480321453098736,0.8091985082847162,2,out4+out13
19,2.0,-12.308437577103128,2.227496332511232,0.9291793962454871,2,out4+out13
19,3.0,-10.696774058934341,-3.319903924474268,0.9321476160587788,2,out4+out13
20,24.0,-1.0086581592345318,-6.920999200507144,1.159233835582056,2,out2+out4
20,7.0,-0.19027237333249983,0.046509327827034694,0.9047014058608314,2,out2+out13
20,0.0,-3.5995266602174554,-3.7237928189276865,1.0161054405719525,3,out2+out4+out13
20,1.0,-6.265937208817298,1.1125913509835774,0.9139533132422785,2,out4+out13
20,10.0,-9.73924542887938,1.5242185589956723,0.9982006398962971,2,out4+out13
20,6.0,-5.128646234549763,1.1623911555902067,0.8047662272329003,2,out4+out13
20,2.0,-12.305423579173095,2.250876595917805,0.9332438651309148,2,out4+out13
20,3.0,-10.69085545770492,-3.3376321798662114,0.9359785572714436,2,out4+out13
21,24.0,-0.9609224222504525,-6.9285859911287995,1.1568280281544292,2,out2+out4
21,7.0,-0.14769081403798148,0.07187340133200881,0.9206335681269461,2,out2+out13
21,0.0,-3.4834564107421024,-3.6658426813498273,1.0446628539112282,3,out2+out4+out13
21,1.0,-6.145967403749753,1.0163864386729633,0.9256985919665746,2,out4+out13
21,10.0,-9.617090472947385,1.480408727432886,0.9416204624072922,2,out4+out13
21,6.0,-5.091565577350727,1.1573295778884094,0.7954318427962704,2,out4+out13
21,2.0,-12.263156872668901,2.2385478113831976,0.9166127463917121,2,out4+out13
21,3.0,-10.676362874242514,-3.391477717969086,0.9549354724747465,2,out4+out13
22,24.0,-0.9118723764148406,-6.921834044853508,1.1683013692699185,2,out2+out4
22,7.0,-0.09641987206248818,0.10153184432276678,0.9247900208440355,2,out2+out13
22,0.0,-3.3670679125245115,-3.6166827076923846,1.0426060012188023,3,out2+out4+out13
22,1.0,-6.052328278887013,0.98305000860812,0.9297731325530939,2,out4+out13
22,10.0,-9.536829704917391,1.5139816515569455,0.9286105909031396,2,out4+out13
22,6.0,-5.045960152486874,1.168385406920739,0.7859326217825009,2,out4+out13
22,2.0,-12.265109691001712,2.25584758719656,0.9190815295632083,2,out4+out13
22,3.0,-10.650684430740986,-3.454350970800272,0.970571235694632,2,out4+out13
22,9.0,-6.937047955796558,-3.347349961614583,0.9106961688372285,2,out4+out13
23,24.0,-0.8457088398089395,-6.915723013413293,1.1792837424976612,2,out2+out4
23,7.0,-0.08029323048912637,0.10514446884868767,0.9317727036962405,2,out2+out13
23,0.0,-3.2888397223660606,-3.594747921323484,1.016893324240722,3,out2+out4+out13
23,1.0,-5.99416945404535,0.9361364923341808,0.9257802084613052,2,out4+out13
23,10.0,-9.510800971215248,1.601979817000841,0.9351827188664917,2,out4+out13
23,6.0,-5.029597863218587,1.185817314897325,0.7813877965548224,2,out4+out13
23,2.0,-12.263635698498831,2.2754542188940587,0.924977897056561,2,out4+out13
23,3.0,-10.598865822751973,-3.5606846222708044,0.9581729968828256,2,out4+out13
23,9.0,-6.876486385110644,-3.3794464094051406,0.8800184928807921,2,out4+out13
24,24.0,-0.7727334714952083,-6.907313854311349,1.2024050481941417,2,out2+out4
24,7.0,-0.042894267893337466,0.12322808266170449,0.9248334069932141,2,out2+out13
24,0.0,-3.154966255982405,-3.534882910713908,1.005859931284654,3,out2+out4+out13
24,1.0,-5.945998112759553,0.9028216331405271,0.9267570855728348,2,out4+out13
24,10.0,-9.469924787033667,1.6948249961628876,0.9410486726720482,2,out4+out13
24,6.0,-4.99344748168146,1.174609409715943,0.7877847786739521,2,out4+out13
24,2.0,-12.243503404814,2.2781386179505687,0.9179006669566071,2,out4+out13
24,3.0,-10.549655248335842,-3.6417839701387886,0.9432944577396696,2,out4+out13
24,9.0,-6.8700078261827,-3.3594546568177734,0.9353421300420545,2,out4+out13
25,24.0,-0.6927888452535962,-6.906138984654037,1.230838585266452,2,out2+out4
25,7.0,-0.021358685298832614,0.13510611053811433,0.9112996089868282,2,out2+out13
25,0.0,-3.0103757927631456,-3.4763852973077136,1.010939368336028,3,out2+out4+out13
25,1.0,-5.900469296629897,0.9055043954662277,0.9502531440741786,2,out4+out13
25,10.0,-9.393456190891431,1.758321934796769,0.9319820560201139,2,out4+out13
25,6.0,-4.929792482809143,1.1627194724713916,0.7697210298997778,2,out4+out13
25,2.0,-12.201969203252887,2.2721213256120016,0.9021289240448994,2,out4+out13
25,3.0,-10.534511935739152,-3.673620163420756,0.9356541239325165,2,out4+out13
25,9.0,-6.788042190008913,-3.406139454523351,0.962948454240252,2,out4+out13
26,24.0,-0.6056399406204959,-6.912442010448145,1.2459566131098883,2,out2+out4
26,7.0,0.03112048964957959,0.1551645628304866,0.915782566478894,2,out2+out13
26,0.0,-2.8780020163859934,-3.405549840760801,1.0220106134554041,3,out2+out4+out13
26,1.0,-5.7983732366241885,0.8759892771114319,0.9551266939284716,2,out4+out13
26,10.0,-9.374129236100739,1.858092995795886,0.9441958104362244,2,out4+out13
26,6.0,-4.88774659959132,1.171105818317939,0.7551182806449508,2,out4+out13
26,2.0,-12.226222773608383,2.304338196320888,0.9141599978440369,2,out4+out13
26,3.0,-10.499965477163757,-3.7266832955398286,0.9130129178310423,2,out4+out13
26,9.0,-6.583491675774133,-3.5509821196769322,0.9454859411705547,2,out4+out13
27,24.0,-0.48876647947941465,-6.947888379119754,1.2571613128465167,2,out2+out4
27,7.0,0.04804677297497691,0.16196084471780053,0.919117794480969,2,out2+out13
27,0.0,-2.8004048180849863,-3.3849760181446857,1.0372955668882837,3,out2+out4+out13
27,1.0,-5.665714144681682,0.8083209027353678,0.9507073174200051,2,out4+out13
27,10.0,-9.31427848363596,1.8939678378579066,0.9368597721999654,2,out4+out13
27,6.0,-4.871717364994352,1.1959980373495525,0.7509075935060407,2,out4+out13
27,2.0,-12.160607448565804,2.266424879603023,0.8864310628140132,2,out4+out13
27,3.0,-10.438370025882923,-3.802350862803325,0.8863868257565699,2,out4+out13
27,9.0,-6.3860584689792645,-3.7042384532303885,0.9122428424801778,2,out4+out13
28,24.0,-0.3719388899568528,-6.960148219401342,1.2581083518082563,2,out2+out4
28,7.0,0.1012663068893006,0.17147024399147104,0.925189613194887,2,out2+out13
28,0.0,-2.6849291715905346,-3.3363292353207132,1.039146802119999,3,out2+out4+out13
28,1.0,-5.487863706421827,0.7157938604657714,0.9490773011802648,2,out4+out13
28,10.0,-9.292626690134046,1.9988670981687404,0.935350369387952,2,out4+out13
28,6.0,-4.879753966877962,1.252919211954994,0.7461816348226065,2,out4+out13
28,2.0,-12.180471090290574,2.294986363585104,0.9009756254972807,2,out4+out13
28,3.0,-10.398778464117857,-3.865473016285406,0.8752416857419201,2,out4+out13
28,9.0,-6.307228803167433,-3.752454414027731,0.9002702775949938,2,out4+out13
29,24.0,-0.23980310370829774,-7.005994501286726,1.2179502606022197,2,out2+out4
29,7.0,0.18358675777794597,0.18713638626856605,0.9571125881812316,2,out2+out13
29,0.0,-2.5735367076472055,-3.265489407295049,1.0374909042198868,3,out2+out4+out13
29,1.0,-5.335986260342986,0.6164938895037813,0.9571969038157706,2,out4+out13
29,10.0,-9.266145084370335,2.0921680132377287,0.9366113830472882,2,out4+out13
29,6.0,-4.867624209662654,1.288029402756859,0.7369411371020659,2,out4+out13
29,2.0,-12.141488109944127,2.291723944337808,0.8880985125222897,2,out4+out13
29,3.0,-10.377378070131787,-3.9117936340752073,0.8632929979908864,2,out4+out13
29,9.0,-6.17847383925157,-3.832921736499398,0.8576400107220978,2,out4+out13
30,24.0,-0.10330569864327797,-7.012302404396934,1.2065517069369878,2,out2+out4
30,7.0,0.2534873696642947,0.191544255955859,0.97269577626073,2,out2+out13
30,0.0,-2.461850781682297,-3.208672722881183,1.044874351891759,3,out2+out4+out13
30,1.0,-5.192453554652662,0.5192175795400502,0.9569110845033859,2,out4+out13
30,10.0,-9.232919582221305,2.0762435656519194,0.9286282876239847,2,out4+out13
30,6.0,-4.862047186639504,1.301013556086804,0.7316303235152095,2,out4+out13
30,2.0,-12.131479853384967,2.3203623126145088,0.898922611465915,2,out4+out13
30,3.0,-10.366840048236567,-3.9122248278604514,0.8670148471603285,2,out4+out13
30,9.0,-6.070716053529623,-3.908371558711298,0.817798953309082,2,out4+out13
31,24.0,-0.001078536814885622,-7.027093185053998,1.1892518772727037,2,out2+out4
31,7.0,0.30067120395511543,0.1877898022247501,0.9880737572104767,2,out2+out13
31,0.0,-2.357114333311632,-3.145213764049269,1.0514835429793867,3,out2+out4+out13
31,1.0,-5.106473564466837,0.44754112731546686,0.9686408133671279,2,out4+out13
31,10.0,-9.198026625450046,2.1811043924336873,0.9308338836552104,2,out4+out13
31,6.0,-4.851555460161526,1.300204041638979,0.736321270785682,2,out4+out13
31,2.0,-12.06302177650687,2.308509794556817,0.9043087769210528,2,out4+out13
31,3.0,-10.33262053743231,-3.9476064929375054,0.8761282889851226,2,out4+out13
31,9.0,-5.994014174193068,-3.9611033705735066,0.7904967539340754,2,out4+out13
32,24.0,0.035619736576205124,-7.068169655913151,1.1764587782500628,2,out2+out4
32,7.0,0.3343998118893006,0.1587021724965051,0.9921673482677643,2,out2+out13
32,0.0,-2.296479209625024,-3.106395748316151,1.0388034432535396,3,out2+out4+out13
32,1.0,-4.957187046243514,0.3603343456482803,0.9457774402437028,2,out4+out13
32,10.0,-9.156784686732124,2.2035066581824996,0.9269363557155444,2,out4+out13
32,6.0,-4.847741446310935,1.2976107457405806,0.7418774450779639,2,out4+out13
32,2.0,-12.04999432621587,2.346499368575702,0.9400100391929946,2,out4+out13
32,3.0,-10.302558260102396,-3.994168955072433,0.8928917900691327,2,out4+out13
32,9.0,-5.905581339610201,-4.014335499261806,0.7762160780083988,2,out4+out13
33,24.0,0.10002235870040996,-7.060510257355833,1.1625061113053632,2,out2+out4
33,7.0,0.4085576852910076,0.12679070471546755,1.0026692100457977,2,out2+out13
33,0.0,-2.2177645507368093,-3.082127361575913,1.0235099110095258,3,out2+out4+out13
33,1.0,-4.801034115138358,0.2934341988783619,0.9074364575087104,2,out4+out13
33,10.0,-9.151048259197667,2.2539200816556777,0.9376584113595825,2,out4+out13
33,6.0,-4.835579376972962,1.3086722756899434,0.7528178707748369,2,out4+out13
33,2.0,-11.99120352587588,2.355254265484538,0.9625863829861492,2,out4+out13
33,3.0,-10.274778253661312,-4.050106945240231,0.9102101002558678,2,out4+out13
33,9.0,-5.819221202614535,-4.075810749734012,0.7778945586990842,2,out4+out13
33,8.0,-14.357157473643682,-1.9467145664154055,0.834022166813889,2,out4+out13
34,24.0,0.1333792944027536,-7.065701182679638,1.153869242393832,2,out2+out4
34,7.0,0.4649025885464332,0.07477793443596686,0.9959375105373566,2,out2+out13
34,0.0,-2.0754482881081886,-3.0049917516386233,1.0178020743378648,3,out2+out4+out13
34,1.0,-4.699067581444798,0.2592172625391868,0.906336516170313,2,out4+out13
34,10.0,-9.119974581652244,2.318103482899912,0.9534708172696367,2,out4+out13
34,6.0,-4.7927674934863465,1.3284117233810453,0.7560908790802311,2,out4+out13
34,2.0,-11.916808581533779,2.3509305351164818,0.9758046052628362,2,out4+out13
34,3.0,-10.23033052819209,-4.093701621788013,0.9166733529309842,2,out4+out13
34,9.0,-5.768376486989072,-4.099678766134641,0.7805537383092797,2,out4+out13
34,8.0,-14.363083033984068,-1.960350974544547,0.8399075951820034,2,out4+out13
35,24.0,0.19920733402855095,-7.061551942398579,1.1577782505459442,2,out2+out4
35,7.0,0.5185154802689167,0.03302986969898043,0.9963229116254937,2,out2+out13
35,0.0,-1.8537804618616516,-2.903137632339987,1.0219827348922486,3,out2+out4+out13
35,1.0,-4.605816468164766,0.2128915192786476,0.9391319060088623,2,out4+out13
35,10.0,-9.090204099071446,2.392050216666136,0.9753333571635046,2,out4+out13
35,2.0,-11.878792940234677,2.3782758651586846,0.9853587621463261,2,out4+out13
35,3.0,-10.208461449751733,-4.098043808698362,0.9083468755402438,2,out4+out13
35,9.0,-5.717683317818076,-4.123283292621762,0.7833904029656241,2,out4+out13
35,8.0,-14.368945769463863,-1.9265937826138215,0.8537881518292784,2,out4+out13
36,24.0,0.2574465791285401,-7.072443962975984,1.1669766114608084,2,out2+out4
36,7.0,0.5589537980171162,-0.013548839988710374,0.9765242602413204,2,out2+out13
36,0.0,-1.7678246863512612,-2.8286453800245623,1.0319431127677137,3,out2+out4+out13
36,1.0,-4.557707669334497,0.19335167153458266,0.9844622190262067,2,out4+out13
36,10.0,-8.99281056213951,2.431459183506949,0.9705748255164327,2,out4+out13
36,2.0,-11.799785904695005,2.381009717947055,0.959391633874764,2,out4+out13
36,3.0,-10.15437864130308,-4.150384208373004,0.8942788876926837,2,out4+out13
36,9.0,-5.573872722112899,-4.23172462080411,0.7789078429468826,2,out4+out13
36,8.0,-14.370193880461645,-1.838449646492005,0.8766313831031284,2,out4+out13
37,24.0,0.31232958027766383,-7.089205464113296,1.1751110118096988,2,out2+out4
37,7.0,0.5940398725881445,-0.04814190235002912,0.9737944971809331,2,out2+out13
37,0.0,-1.7382225647308618,-2.7867566410052214,1.0415499055265105,3,out2+out4+out13
37,1.0,-4.350913270070128,0.05135426905722698,1.1464998817801815,2,out4+out13
37,10.0,-8.922431251811862,2.5078009099711727,0.9756417770940865,2,out4+out13
37,2.0,-11.754044983440178,2.4186778026838995,0.9327831005863263,2,out4+out13
37,3.0,-10.11547819930264,-4.17830079289007,0.8804626514345492,2,out4+out13
37,9.0,-5.517228982685553,-4.269420937701156,0.7886370845460717,2,out4+out13
37,8.0,-14.373254688034098,-1.775734910815681,0.8870931303557231,2,out4+out13
38,24.0,0.40558466753806743,-7.139587219718497,1.191093775239633,2,out2+out4
38,7.0,0.6130907874631767,-0.05982113265154547,0.97429454348436,2,out2+out13
38,0.0,-1.6957627791415069,-2.723857657727321,1.0421204904977415,3,out2+out4+out13
38,1.0,-4.268968622375037,0.0001973060066437626,1.0876588627716524,2,out4+out13
38,10.0,-8.860562349522644,2.5864412925828146,0.9663575446829438,2,out4+out13
38,2.0,-11.666343247664557,2.4494722648416554,0.8901745780513362,2,out4+out13
38,3.0,-10.03298362096583,-4.250206740951697,0.8559213361833637,2,out4+out13
38,9.0,-5.415285781559112,-4.33092958484034,0.8067920637605548,2,out4+out13
38,8.0,-14.364800483072097,-1.7436825808019885,0.8819941463499877,2,out4+out13
39,24.0,0.7128459115067873,-7.3133200220425945,1.1796730209444901,2,out2+out4
39,7.0,0.6301456086167532,-0.07181415230219373,0.9643529024198784,2,out2+out13
39,0.0,-1.6267211151428786,-2.6196659066509635,1.0442182230427168,3,out2+out4+out13
39,1.0,-4.152718646174849,-0.07457977177891294,1.050637663632722,2,out4+out13
39,10.0,-8.830077718583542,2.6482186855785863,0.9614024087919097,2,out4+out13
39,2.0,-11.603182325899569,2.4813338245294134,0.8578352338553015,2,out4+out13
39,3.0,-9.960577148113137,-4.279644966034763,0.8306336406594361,2,out4+out13
39,9.0,-5.302734656407946,-4.4148538262141575,0.8277631742310263,2,out4+out13
39,8.0,-14.342874115572856,-1.7249597830905683,0.8809402154754062,2,out4+out13
40,24.0,0.8349156257436066,-7.334344870264692,1.1802473933897453,2,out2+out4
40,7.0,0.677945677681868,-0.05232079888931849,0.9722905949685863,2,out2+out13
40,0.0,-1.5148916360670315,-2.534633795888583,1.0503218575001267,3,out2+out4+out13
40,1.0,-3.9784089967204332,-0.16593868973081483,1.0027201784811315,2,out4+out13
40,10.0,-8.741187137504896,2.69623598570932,0.9468723307793211,2,out4+out13
40,2.0,-11.502668119665648,2.493847605781944,0.8223263441361137,2,out4+out13
40,3.0,-9.902698983772467,-4.311968110707635,0.8162698580614376,2,out4+out13
40,9.0,-5.168776839879968,-4.514597855831395,0.8199999599186305,2,out4+out13
40,8.0,-14.321007706688746,-1.6954332367577267,0.8703703633020985,2,out4+out13
41,24.0,0.9319255171702374,-7.32118896194271,1.1856631188088362,2,out2+out4
41,7.0,0.712573709522674,-0.037649216357226234,0.9793551197349979,2,out2+out13
41,0.0,-1.4231337007914293,-2.4827770200202184,1.0389198945501468,3,out2+out4+out13
41,1.0,-3.8390672466128217,-0.24034325058918585,0.9690648805276284,2,out4+out13
41,10.0,-8.680150586071743,2.755602949043261,0.9296213723195823,2,out4+out13
41,2.0,-11.49022713791932,2.5257155527090815,0.8221097048360491,2,out4+out13
41,3.0,-9.824661518740676,-4.351629443842636,0.8029961936885107,2,out4+out13
41,9.0,-5.13100958440817,-4.52277785329121,0.8391908427488055,2,out4+out13
41,8.0,-14.2827406144535,-1.6747750821024538,0.8444011643841443,2,out4+out13
42,24.0,1.0000751558141303,-7.317173211326832,1.1845303344376386,2,out2+out4
42,7.0,0.7471298780531258,-0.044320947596029024,0.9909946424821142,2,out2+out13
42,0.0,-1.3240090300758378,-2.4422698389502058,1.0159368046403436,3,out2+out4+out13
42,1.0,-3.7300632278282366,-0.2891513536078715,0.9365004677411887,2,out4+out13
42,10.0,-8.630271667828564,2.789003423690541,0.92485276125932,2,out4+out13
42,6.0,-4.597776194429643,1.443251661262647,0.7637660500888187,2,out4+out13
42,2.0,-11.500933961874953,2.558714170994181,0.8407199230432723,2,out4+out13
42,3.0,-9.74881540287526,-4.398173723865972,0.80621225669764,2,out4+out13
42,9.0,-4.975648578913999,-4.629609408149581,0.8281163345230892,2,out4+out13
42,8.0,-14.230237260843493,-1.6328609434678936,0.8340618134659701,2,out4+out13
43,24.0,0.9629987347463979,-7.215874479121244,1.1713769730084473,2,out2+out4
43,7.0,0.8186284431239598,-0.06550172896304707,1.004570535035867,2,out2+out13
43,0.0,-1.220127798430625,-2.363441837455352,0.9926001646373341,3,out2+out4+out13
43,1.0,-3.623538728764331,-0.32151145072087883,0.9034330066254005,2,out4+out13
43,10.0,-8.58114805434634,2.798847572828759,0.9084195321328277,2,out4+out13
43,6.0,-4.598271161838056,1.4580405050203673,0.7644608914340796,2,out4+out13
43,2.0,-11.465937311267725,2.559162138761506,0.8469418645603718,2,out4+out13
43,3.0,-9.717780301046497,-4.406302097460157,0.8111721263408013,2,out4+out13
43,9.0,-4.83636492714779,-4.734618894878114,0.8191456701019013,2,out4+out13
43,8.0,-14.2025576230026,-1.5980154476663146,0.8220586324308683,2,out4+out13
44,24.0,1.0518211099203956,-7.238016709316163,1.15317226478427,2,out2+out4
44,7.0,0.8949064899010852,-0.10308995187037148,0.9984868349437084,2,out2+out13
44,0.0,-1.0946697358952486,-2.2833428970603746,0.9834178842311422,3,out2+out4+out13
44,1.0,-3.581050830378565,-0.3385655642322997,0.9307680295280291,2,out4+out13
44,10.0,-8.517656378097225,2.780390192915961,0.8839903018272834,2,out4+out13
44,6.0,-4.520866540119417,1.445405692955802,0.7535562461739125,2,out4+out13
44,2.0,-11.404558515299676,2.5309973538739996,0.8633083138596291,2,out4+out13
44,3.0,-9.694423410771359,-4.403253862444517,0.8275285100256186,2,out4+out13
44,9.0,-4.720728261391005,-4.7989471074125785,0.8354282322666814,2,out4+out13
44,8.0,-14.16794667278607,-1.5915115540263685,0.8210202640424851,2,out4+out13
45,24.0,1.1119754513019324,-7.24694483223512,1.136801273906101,2,out2+out4
45,7.0,0.9512807769917262,-0.1630703923241642,1.0019901237511606,2,out2+out13
45,0.0,-1.047400075724487,-2.223641779228794,0.9816483778807729,3,out2+out4+out13
45,1.0,-3.4601714395529974,-0.417650492891968,0.921359391829964,2,out4+out13
45,10.0,-8.443111960935674,2.763064938814487,0.8782366438500339,2,out4+out13
45,6.0,-4.476617541734219,1.4393870806461677,0.7568365332154272,2,out4+out13
45,2.0,-11.358667121754404,2.517017341433094,0.8958072552153246,2,out4+out13
45,3.0,-9.631806877391867,-4.418200553253901,0.8533624050999139,2,out4+out13
45,9.0,-4.553340217006211,-4.912991404848094,0.8415832202016119,2,out4+out13
45,8.0,-14.147555657854507,-1.574148173523421,0.8400744136544865,2,out4+out13
46,24.0,1.1589632293822127,-7.236700642467123,1.1236063063385757,2,out2+out4
46,7.0,1.0309643318796995,-0.2552123730138108,0.9928259420837081,2,out2+out13
46,0.0,-1.00255101178534,-2.1857209047454824,0.9961838850997088,3,out2+out4+out13
46,1.0,-3.3533738582165227,-0.478789572651333,0.9254437361043439,2,out4+out13
46,10.0,-8.441127473766299,2.7979181552072143,0.8952542443696809,2,out4+out13
46,6.0,-4.460106020696558,1.4467902555828218,0.7691209041409073,2,out4+out13
46,2.0,-11.182023481617083,2.4573615831551305,0.8796619993415629,2,out4+out13
46,3.0,-9.610645932661877,-4.385403861177324,0.8568395606665982,2,out4+out13
46,9.0,-4.414670605638838,-4.981351203382041,0.8300822470725748,2,out4+out13
46,8.0,-14.095677998893132,-1.6017280898671284,0.8369874563657904,2,out4+out13
47,24.0,1.215613111559501,-7.217913611988563,1.1240692476847607,2,out2+out4
47,7.0,1.0775962934200745,-0.18034835485440345,0.9949597708501801,2,out2+out13
47,0.0,-0.8684396555743694,-2.1250702951504494,0.9866085034669202,3,out2+out4+out13
47,1.0,-3.271511301068624,-0.5313340678049328,0.9510373277311847,2,out4+out13
47,10.0,-8.385288636156258,2.8146913103679063,0.9123697650843241,2,out4+out13
47,6.0,-4.426797370519956,1.4442537484557827,0.7882022462066407,2,out4+out13
47,2.0,-11.203207029412482,2.503167091408035,0.9452379145909786,2,out4+out13
47,3.0,-9.568197533975942,-4.401149967965799,0.8744911715594486,2,out4+out13
47,9.0,-4.302181348034228,-4.997618260279365,0.8251807026733735,2,out4+out13
47,8.0,-14.020482868026402,-1.6423115962424815,0.8310118074354982,2,out4+out13
48,24.0,1.2665790119923817,-7.205632280084823,1.1300224345199443,2,out2+out4
48,7.0,1.1221165033758052,-0.29922457348596876,0.9657045675010691,2,out2+out13
48,0.0,-0.7332838380687426,-1.9588411016217078,0.9943376895430425,2,out2+out13
48,1.0,-3.0910676039496954,-0.7474229753781864,0.976810400484657,2,out4+out13
48,10.0,-8.353619796913511,2.860101154789824,0.9236960169453501,2,out4+out13
48,6.0,-4.359944458493991,1.4130727561312866,0.7923877111681288,2,out4+out13
48,2.0,-11.120774408278693,2.4770546559926796,0.955764613742284,2,out4+out13
48,3.0,-9.474650193153561,-4.476722775712935,0.8801122543593761,2,out4+out13
48,9.0,-4.2434429314411535,-5.001180628426558,0.8233616650935772,2,out4+out13
48,8.0,-13.897048042763572,-1.6845946979764723,0.8463944600946091,2,out4+out13
49,7.0,1.155109686258396,-0.2727318356657812,0.9565111463058774,2,out2+out13
49,0.0,-0.6491097440790311,-1.8918374516709393,1.0102733961850967,2,out2+out13
49,1.0,-2.9233480739884596,-0.8419782714762004,0.9924417256713718,2,out4+out13
49,6.0,-4.282725924302227,1.386198984870714,0.7813772724760203,2,out4+out13
49,2.0,-11.07322221612479,2.476544836538636,0.9945137852796012,2,out4+out13
49,3.0,-9.38501286832531,-4.532250603516331,0.8733446971562352,2,out4+out13
49,9.0,-4.170777631556821,-4.952236925520908,0.8389252269842246,2,out4+out13
49,8.0,-13.721479669076691,-1.7336981481931144,0.8641602666236525,2,out4+out13
50,24.0,1.4875975378310438,-7.225096581802252,1.14021270204009,2,out2+out4
50,7.0,1.1974673898386465,-0.3173233499061843,0.9437991240526765,2,out2+out13
50,0.0,-0.5659825955681997,-1.8245260067354234,0.995492630354378,2,out2+out13
50,1.0,-2.813242646285119,-0.8545918378333867,0.9628530049738285,2,out4+out13
50,6.0,-4.228188245493889,1.3773949801149625,0.7693264179721379,2,out4+out13
50,2.0,-10.968125202725496,2.448265485113744,0.952875606244832,2,out4+out13
50,3.0,-9.266537292539008,-4.58763982480965,0.8636145699293626,2,out4+out13
50,9.0,-4.066099521037605,-5.035759383603251,0.8510318968401083,2,out4+out13
50,8.0,-13.600026744566918,-1.6961058674374139,0.8710466095611511,2,out4+out13
51,24.0,1.6536879376800395,-7.256363999783654,1.1389149858903216,2,out2+out4
51,7.0,1.2011383374364355,-0.369338575115805,0.9233778228409947,2,out2+out13
51,0.0,-0.5929494902728127,-1.7534879129932601,0.9589933153452017,3,out2+out4+out13
51,1.0,-2.6366244791348814,-1.0355275945128668,0.942609840279255,2,out4+out13
51,10.0,-8.199552088952135,3.0415117146963753,0.9687730410322775,2,out4+out13
51,6.0,-4.189103978217275,1.3697063903511764,0.772063370946627,2,out4+out13
51,2.0,-10.90365985415827,2.4740195450593867,0.9144893041119826,2,out4+out13
51,3.0,-9.15577983343833,-4.632301826809649,0.8259301090220038,2,out4+out13
51,9.0,-3.911001774779552,-5.136445250915533,0.8544460771200513,2,out4+out13
51,8.0,-13.442143846970197,-1.654759354521699,0.8560262703371257,2,out4+out13
52,24.0,1.819587607191728,-7.2856895594993025,1.1509653291783406,2,out2+out4
52,7.0,1.2677591527437448,-0.4563281733253613,0.9049485164529301,2,out2+out13
52,0.0,-0.5348677838238299,-1.697202703366247,0.9483202272774764,3,out2+out4+out13
52,1.0,-2.5145810183378376,-1.1252095514165137,0.9186616306867458,2,out4+out13
52,10.0,-8.032008676720562,2.9817846954911147,0.8849885230165977,2,out4+out13
52,2.0,-10.778822361615925,2.4761379456201746,0.855795952780192,2,out4+out13
52,3.0,-9.12006893506087,-4.6510382845867335,0.8166661128347528,2,out4+out13
52,9.0,-3.7514516935170064,-5.239730528252814,0.8861275249774956,2,out4+out13
52,8.0,-13.357857202286382,-1.6054718403979693,0.8799227724818943,2,out4+out13
53,24.0,1.9421059518548747,-7.299009774748967,1.14042497316058,2,out2+out4
53,7.0,1.3444532800543256,-0.4620129477918406,0.8962330655959958,2,out2+out13
53,0.0,-0.49019713518849456,-1.7293615430333176,0.9645978359392805,3,out2+out4+out13
53,1.0,-2.430180688852994,-1.1805913241523447,0.9271714733248607,2,out4+out13
53,10.0,-7.907258304477247,2.937238589521771,0.8322865490280118,2,out4+out13
53,2.0,-10.725783044192449,2.522374971365997,0.8192081321910886,2,out4+out13
53,3.0,-9.080041247598995,-4.658365918653549,0.7870046399098397,2,out4+out13
53,9.0,-3.6555901050159325,-5.270518260196902,0.9242789584619675,2,out4+out13
53,8.0,-13.253425340114438,-1.5766176198033957,0.8940197604057085,2,out4+out13
54,24.0,2.0640229796511385,-7.2703616685185,1.140843728557179,2,out2+out4
54,7.0,1.4494155593879117,-0.4665545472160895,0.9077856551015901,2,out2+out13
54,0.0,-0.4134674642841892,-1.655082096126426,0.9723989013236063,3,out2+out4+out13
54,9.0,-3.686518145158085,-5.161604681332182,1.001662721411173,3,out2+out4+out13
54,1.0,-2.354694473011998,-1.1683021719723654,0.9375203754385755,2,out4+out13
54,10.0,-7.8289703977711325,2.9094763366164758,0.8173795259856463,2,out4+out13
54,2.0,-10.626505079857356,2.454214112663911,0.7476761240370483,2,out4+out13
54,3.0,-8.92654718950212,-4.816056978161394,0.7381701960735999,2,out4+out13
54,8.0,-13.11704413155942,-1.5972315064143825,0.9008911403503721,2,out4+out13
55,24.0,2.1497690158354783,-7.237864454455425,1.1541024808556506,2,out2+out4
55,7.0,1.537160269661733,-0.5010318294335203,0.9378598651593464,2,out2+out13
55,9.0,-3.551702004833951,-5.240156255525404,0.9766251632240146,3,out2+out4+out13
55,1.0,-2.165199832278218,-1.2930927466506947,0.9357646779953102,2,out4+out13
55,10.0,-7.743133792162216,2.869404031497762,0.7670411848609285,2,out4+out13
55,2.0,-10.579258903897047,2.550560368140413,0.7233670960968023,2,out4+out13
55,3.0,-8.843771084567678,-4.899397799767325,0.7467888428813422,2,out4+out13
55,8.0,-12.95781905708636,-1.5707730095316932,0.9174637025870143,2,out4+out13
55,0.0,-0.1618577546127798,-1.607616956504563,0.9026846644859885,2,out4+out13
56,24.0,2.248380701325596,-7.231142564825488,1.1710531530580512,2,out2+out4
56,7.0,1.6045472211745233,-0.5321464527485446,0.9382309009095989,2,out2+out13
56,9.0,-3.3551146655206545,-5.284547361416458,0.9667165934819957,3,out2+out4+out13
56,0.0,-0.30161350530961983,-1.4978178273264096,1.0602330460086526,3,out2+out4+out13
56,1.0,-2.0323306899361335,-1.3961572632284116,0.9713463368629177,2,out4+out13
56,10.0,-7.749167306069734,2.8832072975881458,0.6920012051975603,2,out4+out13
56,2.0,-10.452987706838561,2.53950239120996,0.791906814994593,2,out4+out13
56,3.0,-8.805749226704432,-4.9057178750914225,0.7412529109194066,2,out4+out13
56,8.0,-12.808462215119649,-1.5693312443781566,0.9245893749825901,2,out4+out13
57,24.0,2.3236669122526057,-7.255300503234515,1.1737043241547138,2,out2+out4
57,7.0,1.6803526667310873,-0.5912426533618397,0.9492494726762589,2,out2+out13
57,9.0,-3.2377302132992596,-5.338948120088797,0.9788658090906414,3,out2+out4+out13
57,1.0,-1.8823235348263314,-1.5067234053620753,1.0085550016046978,2,out4+out13
57,10.0,-7.707298263267538,2.877013829136582,0.713589925567604,2,out4+out13
57,2.0,-10.444448668264947,2.719182026998218,0.8543096244913136,2,out4+out13
57,3.0,-8.706437853289904,-4.916369924491913,0.7474545054134651,2,out4+out13
57,8.0,-12.693024796035685,-1.5736341144397301,0.920580604084367,2,out4+out13
57,0.0,-0.04349553845836365,-1.5430240328402995,0.9035905505000199,2,out4+out13
58,24.0,2.4293478399011676,-7.281378449754611,1.168885699902499,2,out2+out4
58,7.0,1.7624099778504427,-0.6332939069613872,0.9584886510081745,2,out2+out13
58,9.0,-3.1363676035511765,-5.3919237431997935,0.9800753164828397,3,out2+out4+out13
58,0.0,-0.3732567616932967,-1.2538135755454105,1.1153142486024157,3,out2+out4+out13
58,1.0,-1.7242177169301431,-1.6175680547206124,1.0131601637644407,2,out4+out13
58,10.0,-7.727850459611602,2.9183773972017972,0.652246448648656,2,out4+out13
58,2.0,-10.367867857161478,2.7737322606527735,0.8412323442292482,2,out4+out13
58,3.0,-8.491629779880272,-5.057597475622332,0.8013429625006097,2,out4+out13
58,8.0,-12.54986730034054,-1.569286304635006,0.9226695415026498,2,out4+out13
59,24.0,2.50963010182268,-7.317406852924429,1.163826902777037,2,out2+out4
59,7.0,1.8646236917195864,-0.6793725568131972,0.9449823875486357,2,out2+out13
59,9.0,-3.01289654190154,-5.437405950317978,1.0025720594599095,3,out2+out4+out13
59,0.0,-0.22894598643733038,-1.1996125548922179,1.0933467566711994,3,out2+out4+out13
59,10.0,-7.73245483293949,2.9716872456029453,0.6156941281070183,2,out4+out13
59,2.0,-10.345937449535581,2.796211224479532,0.8824281557042164,2,out4+out13
59,3.0,-8.316835719580679,-5.163153634233255,0.8486956591940131,2,out4+out13
59,8.0,-12.368527834073726,-1.522270890091244,0.9068285247286063,2,out4+out13
60,24.0,2.6264231484702565,-7.347566666113986,1.1586251985445748,2,out2+out4
60,7.0,1.932655864113896,-0.7376358366811482,0.9265950443484011,2,out2+out13
60,9.0,-2.9157232899209227,-5.4684326437743564,1.0249888477070637,3,out2+out4+out13
60,2.0,-10.25351240959626,2.7666683986144514,0.9587331209345797,2,out4+out13
60,3.0,-8.072960525103358,-5.342187039691611,0.8755549293903088,2,out4+out13
60,8.0,-12.143954794396844,-1.4423865157400673,0.8893519294163305,2,out4+out13
60,0.0,0.11859720570228938,-1.24978461730708,0.9294163855753034,2,out4+out13
60,1.0,-1.3712310402270829,-1.7267778810412995,0.9482432743597736,2,out4+out13
61,24.0,2.753323660577683,-7.348782749758708,1.150534845662652,2,out2+out4
61,7.0,2.0220027546577617,-0.831124691187506,0.9017781612857877,2,out2+out13
61,9.0,-2.7616666134293886,-5.5185203360059685,1.0490109941428807,3,out2+out4+out13
61,2.0,-10.139428829342382,2.722805739215196,0.9328866930043093,2,out4+out13
61,3.0,-7.968808565849263,-5.329978380823899,0.8919450876863001,2,out4+out13
61,8.0,-12.083293251028927,-1.3331543130245598,0.9109652563294979,2,out4+out13
61,0.0,0.27273879934090506,-1.2272020162385557,0.8898889160265503,2,out4+out13
61,1.0,-1.294926454879532,-1.7837676052045885,0.9362270458247947,2,out4+out13
62,24.0,2.8604726858389244,-7.366250360509967,1.1358177931775935,2,out2+out4
62,7.0,2.1000729443820014,-0.8678954284142477,0.8998676731449746,2,out2+out13
62,9.0,-2.6097141228493013,-5.532361911187124,1.0703534510289316,3,out2+out4+out13
62,0.0,0.1534257620932481,-0.9899851970844777,0.8909804544930925,3,out2+out4+out13
62,2.0,-10.060846569848577,2.69752541811561,0.9094477698859154,2,out4+out13
62,8.0,-11.973455442378775,-1.3205110430447309,0.9216009851415203,2,out4+out13
62,1.0,-1.1861423114140384,-1.851130027857948,0.9252380978273923,2,out4+out13
63,24.0,2.960138828529356,-7.39150435209017,1.1453606619392143,2,out2+out4
63,7.0,2.1667099356324857,-0.9147576969497739,0.8983369527346254,2,out2+out13
63,9.0,-2.460703829404865,-5.5403446724424,1.092141552239355,3,out2+out4+out13
63,11.0,-2.41682289597613,-1.3181555259104283,1.0315768045571263,2,out2+out13
63,0.0,0.17117693645976484,-0.899931655976001,0.8736474241187148,3,out2+out4+out13
63,2.0,-10.029954671451172,2.7077488376618817,0.8355167669352147,2,out4+out13
63,8.0,-11.84630364612296,-1.3313633932209268,0.9149704553463311,2,out4+out13
63,1.0,-1.0257150823734673,-1.9692180661188734,0.9166594433253534,2,out4+out13
64,24.0,3.0811189197202427,-7.420191539990528,1.1490865448744174,2,out2+out4
64,7.0,2.2182768914697686,-0.9521576679133092,0.9052282453764215,2,out2+out13
64,9.0,-2.2830291145148927,-5.54545125507851,1.0916244332715581,3,out2+out4+out13
64,11.0,-2.2729505066387405,-1.2702176310301447,1.0646350996580203,2,out2+out13
64,0.0,0.19286961059949073,-0.8301346553292592,0.878521019193688,3,out2+out4+out13
64,2.0,-9.91172281869476,2.7033106844704866,0.8063475054248992,2,out4+out13
64,8.0,-11.677882175131973,-1.3750613020319709,0.9215485924096938,2,out4+out13
65,24.0,3.2047406870540565,-7.448383266299892,1.171143509550464,2,out2+out4
65,7.0,2.2471757339704026,-0.9853425313422812,0.9069151821646173,2,out2+out13
65,9.0,-2.1016169305306804,-5.576622513848791,1.095142507664261,3,out2+out4+out13
65,11.0,-2.1761394143689907,-1.2463601864373093,1.0759284972161764,2,out2+out13
65,0.0,0.19220041859140374,-0.765421122581943,0.9034118726213224,3,out2+out4+out13
65,2.0,-9.852223995557807,2.747388389971655,0.7968868580036439,2,out4+out13
65,8.0,-11.506613186308249,-1.3747117897374468,0.9319821936178109,2,out4+out13
66,24.0,3.317138870990867,-7.485104261691859,1.175167664576102,2,out2+out4
66,7.0,2.33281898683174,-0.9937337224246217,0.9157793907935116,2,out2+out13
66,9.0,-1.9837900723745006,-5.614002440786071,1.1039591582194812,3,out2+out4+out13
66,11.0,-1.9972419991441186,-1.182840267339701,1.091602814348241,2,out2+out13
66,0.0,0.20812966365855753,-0.7556120617941352,0.9174490406261313,3,out2+out4+out13
66,2.0,-9.794756558408766,2.7617848818008945,0.8069793423218836,2,out4+out13
66,8.0,-11.34828704626579,-1.4617403121202013,0.9407015699610113,2,out4+out13
66,3.0,-7.474658362105261,-5.390716379062915,0.9375250913966792,2,out4+out13
67,24.0,3.418751230681897,-7.508506135809206,1.17319270823103,2,out2+out4
67,7.0,2.4567987196061387,-0.9762685497706638,0.9301891625011085,2,out2+out13
67,9.0,-1.8657582509699115,-5.665713871484494,1.1242548333821298,3,out2+out4+out13
67,11.0,-1.8944305828131516,-1.131196118572897,1.0809856117581012,2,out2+out13
67,0.0,0.21421142453413547,-0.7381966011736304,0.9180383334897001,3,out2+out4+out13
67,2.0,-9.684779840944898,2.7951951005484243,0.8563454534858499,2,out4+out13
67,8.0,-11.203099365323364,-1.4610795212596699,0.9350203691432378,2,out4+out13
67,3.0,-7.35070051557714,-5.415785045145942,0.9006866137797938,2,out4+out13
68,24.0,3.5148688756074775,-7.526175419653811,1.1893931157676165,2,out2+out4
68,7.0,2.4546050026916735,-1.0174950737674795,0.9353232212637212,2,out2+out13
68,9.0,-1.7381311449769967,-5.69914519026995,1.135015738536876,3,out2+out4+out13
68,11.0,-1.7444802285204393,-1.1004955564077008,1.145194580870591,2,out2+out13
68,0.0,0.1989337336597424,-0.6951835587416155,0.9130228076537835,3,out2+out4+out13
68,2.0,-9.584362231715005,2.841822730928859,0.8487343453639078,2,out4+out13
68,8.0,-11.063975970160024,-1.4454976539663313,0.9044764296278356,2,out4+out13
68,3.0,-7.213874781287543,-5.486948036643364,0.9097626147943122,2,out4+out13
69,24.0,3.5809539505795818,-7.547439401353882,1.180803186153075,2,out2+out4
69,7.0,2.548626415417132,-1.0233409396393724,0.9522744483821163,2,out2+out13
69,9.0,-1.62019901819938,-5.736372744030845,1.1391297069323694,3,out2+out4+out13
69,11.0,-1.6033827131952147,-1.0768081783105061,1.1897726089345628,2,out2+out13
69,0.0,0.2244619288275073,-0.6825294542036798,0.930682866917392,3,out2+out4+out13
69,2.0,-9.45961150071452,2.8301795759785886,0.8886516470268339,2,out4+out13
69,8.0,-10.926345911052547,-1.3777675917122287,0.8854636129247152,2,out4+out13
69,3.0,-7.061128503200922,-5.552715998264851,0.9313268211765748,2,out4+out13
70,24.0,3.64248898829513,-7.556670171388849,1.17968900108967,2,out2+out4
70,7.0,2.5891467643772588,-1.0590500997106718,0.986216816528736,2,out2+out13
70,9.0,-1.467314527029091,-5.761569747519298,1.159614397397213,3,out2+out4+out13
70,0.0,0.16826173129775224,-0.6201351201854415,0.9489440925566046,3,out2+out4+out13
70,2.0,-9.336764498881085,2.8089064650067703,0.8346607979248379,2,out4+out13
70,8.0,-10.81867925858167,-1.3252651664218034,0.8986799303835037,2,out4+out13
70,1.0,-0.10601127938859245,-2.665999660461322,0.9634724288189015,2,out4+out13
71,24.0,3.8651141362888395,-7.475622673623294,1.1777465159754916,2,out2+out4
71,7.0,2.6633177111326636,-1.118786973693577,1.020755018918421,2,out2+out13
71,9.0,-1.3435141577566772,-5.781382458339327,1.1843745837579442,3,out2+out4+out13
71,0.0,0.25507033523450184,-0.668135806436932,0.9585314580172642,3,out2+out4+out13
71,2.0,-9.139082392845069,2.7500513772649238,0.804757256266286,2,out4+out13
71,8.0,-10.709693687707722,-1.334054327151041,0.9063576248535606,2,out4+out13
71,1.0,0.05682669850049285,-2.778734752873607,0.9708323227296163,2,out4+out13
71,3.0,-6.719946767574008,-5.60251161193251,0.8990507442073042,2,out4+out13
72,24.0,3.997349299814705,-7.478195939509843,1.1713052191840836,2,out2+out4
72,7.0,2.714981798591015,-1.139059007384087,1.0394310561531093,2,out2+out13
72,9.0,-1.2248563051130774,-5.8024888374961545,1.1709608796508033,3,out2+out4+out13
72,0.0,0.24613069919912603,-0.6822154240828893,0.9907173883504945,3,out2+out4+out13
72,2.0,-9.018700805431845,2.7523723839086043,0.7779100434357102,2,out4+out13
72,8.0,-10.548277579066658,-1.3914177182184346,0.8937400707542916,2,out4+out13
72,1.0,0.19368580050431403,-2.870043903086205,0.9898907496748006,2,out4+out13
72,3.0,-6.603915988616127,-5.525377324671595,0.8839220269763058,2,out4+out13
73,24.0,4.146825120853174,-7.485581429944906,1.1664779030788948,2,out2+out4
73,7.0,2.7724508074953653,-1.1742043017517807,1.055024354069111,2,out2+out13
73,9.0,-1.0588117806943964,-5.826452457272356,1.1633844092778511,3,out2+out4+out13
73,0.0,0.23877848459174442,-0.6874033563938954,1.012461768512143,3,out2+out4+out13
73,2.0,-8.974646580272093,2.7965777465018817,0.784593555217973,2,out4+out13
73,8.0,-10.427663884929311,-1.3730765700096987,0.9295325476252472,2,out4+out13
73,1.0,0.3455203533817838,-2.941511762050434,1.0036473932414132,2,out4+out13
73,3.0,-6.551210608665601,-5.384222820158326,0.8575723795655388,2,out4+out13
74,24.0,4.36338589246652,-7.550192700218841,1.1669862965154216,2,out2+out4
74,7.0,2.8785373333511424,-1.1963148196265045,1.1146045433520262,2,out2+out13
74,9.0,-0.8718349671628937,-5.836303442653059,1.1514941209536018,3,out2+out4+out13
74,0.0,0.18363453245959183,-0.6692556269756427,1.0447666746514839,3,out2+out4+out13
74,2.0,-8.922304605612743,2.791488267254718,0.8045951627736222,2,out4+out13
74,8.0,-10.231867939123873,-1.4414710153989827,0.940096993031893,2,out4+out13
74,1.0,0.5305374347303946,-3.012945884794998,0.9849934061187391,2,out4+out13
74,3.0,-6.43731116702019,-5.381488588185193,0.8690975484935876,2,out4+out13
75,24.0,4.491011921041039,-7.544178430433304,1.1972973339134185,2,out2+out4
75,7.0,2.9557370956766533,-1.2447556075221107,1.0749287207931992,2,out2+out13
75,9.0,-0.7585438321043638,-5.870976066627278,1.157397669779921,3,out2+out4+out13
75,0.0,0.17290107239761232,-0.6596205238984869,1.058826423219444,3,out2+out4+out13
75,2.0,-8.846172307368441,2.769354954853887,0.8358563374922888,2,out4+out13
75,8.0,-10.051547629268166,-1.5283959341196875,0.9564361493500665,2,out4+out13
75,1.0,0.698492706515999,-3.0889415048575932,0.9588707058725632,2,out4+out13
75,3.0,-6.287126688882218,-5.433799693894591,0.8719253401421247,2,out4+out13
76,24.0,4.606466003028668,-7.504848594528117,1.1317646061960576,2,out2+out4
76,7.0,3.057744453684369,-1.239084188601904,1.0543579360743207,2,out2+out13
76,9.0,-0.6187206996487679,-5.900610053400739,1.1724746973326816,3,out2+out4+out13
76,0.0,0.23349083251769265,-0.640440129055285,1.0481036317352035,3,out2+out4+out13
76,2.0,-8.745417211298868,2.715463854514062,0.8339339193404122,2,out4+out13
76,8.0,-9.902908160710073,-1.5842518527330613,0.9379072319919982,2,out4+out13
76,1.0,0.8699357230708744,-3.1904282841189273,0.9593842831049127,2,out4+out13
76,3.0,-6.08114717585388,-5.538173554625557,0.8967990474202493,2,out4+out13
77,7.0,3.101855933299155,-1.2718446350843096,1.0419351845829703,2,out2+out13
77,9.0,-0.5116714574090693,-5.948299639356035,1.1925360615173701,3,out2+out4+out13
77,0.0,0.24756603608017955,-0.6102236154003458,1.0480347421345972,3,out2+out4+out13
77,2.0,-8.585338381450898,2.6304413618540785,0.836093707146085,2,out4+out13
77,8.0,-9.68233732867399,-1.5845316432016132,0.8767755351208464,2,out4+out13
77,1.0,0.9459517345486338,-3.2454374462866147,0.9397691033660763,2,out4+out13
77,3.0,-5.87389416312158,-5.654810731023765,0.9137446783117745,2,out4+out13
78,7.0,3.10725920891951,-1.3046482192130457,1.0087763720771716,2,out2+out13
78,9.0,-0.3603568550097171,-5.953392430717127,1.199581308851409,3,out2+out4+out13
78,0.0,0.2666394564371213,-0.5984226404099786,1.0632263122856642,3,out2+out4+out13
78,2.0,-8.485964969129466,2.6200584578788324,0.868887228038569,2,out4+out13
78,8.0,-9.569736594651342,-1.560276023989503,0.8595300105079305,2,out4+out13
78,1.0,0.9882207124314133,-3.307066443364425,0.9259763155074896,2,out4+out13
78,3.0,-5.68963560732765,-5.705664605093023,0.92750089556733,2,out4+out13
79,7.0,3.1624650157649032,-1.2879728654220168,1.0050253121756572,2,out2+out13
79,9.0,-0.18349146058363047,-5.96856314117976,1.215370578653485,3,out2+out4+out13
79,0.0,0.3321882339699619,-0.5729432511591638,1.075887756638729,3,out2+out4+out13
79,24.0,4.9664315225296045,-7.619232314424131,1.171109978316489,2,out2+out4
79,2.0,-8.41919141390628,2.627514797875001,0.8996361958621844,2,out4+out13
79,8.0,-9.429531080357147,-1.530174744986709,0.8468063718379493,2,out4+out13
79,1.0,1.0736345774099783,-3.298564859078984,0.9103797202532373,2,out4+out13
79,3.0,-5.5701187414135305,-5.694722717543446,0.9125774012790862,2,out4+out13
80,7.0,3.2201177031406,-1.3113484635806791,1.0188109171567457,2,out2+out13
80,9.0,-0.01681590462382209,-5.978011827034278,1.2150806277159827,3,out2+out4+out13
80,0.0,0.44064345933963467,-0.562816125925093,1.092035487617578,3,out2+out4+out13
80,24.0,5.047908708652375,-7.634138665683364,1.183465840707137,2,out2+out4
80,2.0,-8.21094872510598,2.5691960590018343,0.8412576284284344,2,out4+out13
80,8.0,-9.320445601882685,-1.5229674059474398,0.8599068572534153,2,out4+out13
80,1.0,1.2017799786438434,-3.350651348927836,0.8945693790776172,2,out4+out13
80,3.0,-5.456207910675411,-5.632143730181718,0.891170134058499,2,out4+out13
81,7.0,3.266344775581362,-1.3401652470537815,1.031509171049889,2,out2+out13
81,9.0,0.16892163188913534,-5.989984340287632,1.2038926288999139,3,out2+out4+out13
81,0.0,0.5407627017277556,-0.5405765589289181,1.1225505199433778,3,out2+out4+out13
81,24.0,5.205108143455327,-7.730874553036978,1.204325126071885,2,out2+out4
81,2.0,-8.061999137026165,2.549703963556135,0.8035543581263168,2,out4+out13
81,8.0,-9.233585162236352,-1.5187961560880632,0.8734339834902748,2,out4+out13
81,1.0,1.423371029937257,-3.4568628313243424,0.8913962582979246,2,out4+out13
81,3.0,-5.308224983460112,-5.616062854295855,0.8566864314968463,2,out4+out13
82,7.0,3.3092524627670157,-1.3996699578013372,1.0477002697027198,2,out2+out13
82,9.0,0.2934558239665528,-5.98740894878791,1.1936342448193538,3,out2+out4+out13
82,0.0,0.8046059071440197,-0.5515489821637952,1.1537567816338825,3,out2+out4+out13
82,24.0,5.283939546574379,-7.716437422745739,1.1999328498099144,2,out2+out4
82,1.0,1.2274958447351279,-3.2900292813980987,1.022500895013114,3,out2+out4+out13
82,2.0,-7.886339587935442,2.5293978756642908,0.7747837445626579,2,out4+out13
82,8.0,-9.081296000380867,-1.541511153302574,0.8838908894082524,2,out4+out13
82,3.0,-5.137826397314332,-5.631743031753555,0.8447293507279299,2,out4+out13
83,7.0,3.3521380710329174,-1.4602602960308528,1.063162035844848,2,out2+out13
83,9.0,0.5017170674383257,-6.00071238011515,1.1744460146999007,3,out2+out4+out13
83,0.0,1.4274956415241176,-0.5399215820077947,1.2139701261716005,3,out2+out4+out13
83,24.0,5.4150766290092225,-7.7513016272836035,1.2903145552192063,2,out2+out4
83,1.0,1.3435204143191501,-3.3120420733594624,1.0478821042997704,3,out2+out4+out13
83,2.0,-7.798068794816985,2.5367039847856887,0.7811278916413539,2,out4+out13
83,8.0,-8.883420524085684,-1.610912072950342,0.9062102894610496,2,out4+out13
83,3.0,-5.045175630806276,-5.611443192004944,0.871408153808371,2,out4+out13
84,7.0,3.4090458831105117,-1.5322640774178247,1.0693511069160662,2,out2+out13
84,9.0,0.658717950611551,-6.033170924252504,1.1662584181596385,3,out2+out4+out13
84,0.0,2.1860973702294335,-0.5092919833273093,1.2740860089838848,3,out2+out4+out13
84,24.0,5.506053783189882,-7.773089981611839,1.2973096216306435,2,out2+out4
84,1.0,1.427490559521646,-3.337907353498388,1.0671415227505519,3,out2+out4+out13
84,2.0,-7.70625728202529,2.5177691248663248,0.7859027320927566,2,out4+out13
84,8.0,-8.726488272925558,-1.626758917020068,0.9247027611614794,2,out4+out13
84,3.0,-4.931168484445927,-5.621145267658579,0.8928957812149064,2,out4+out13
85,7.0,3.4855815591560098,-1.574505987475319,1.0736095809687047,2,out2+out13
85,9.0,0.8088628327747758,-6.05230323663424,1.182445908474892,3,out2+out4+out13
85,0.0,5.634066825966541,-0.4222811554494172,1.4586017716695412,3,out2+out4+out13
85,24.0,5.641389623145675,-7.827300397215551,1.3272798392499345,2,out2+out4
85,1.0,1.6035454491269028,-3.393843984208417,1.0743585710208077,3,out2+out4+out13
85,2.0,-7.61591648282742,2.5047267640122226,0.7914609433478719,2,out4+out13
85,8.0,-8.481579139309307,-1.729234430960191,0.9280157835696562,2,out4+out13
85,3.0,-4.811768981360407,-5.655391847485313,0.9052744340821843,2,out4+out13
86,7.0,3.521444364930758,-1.6615820072695304,1.0536619860429364,2,out2+out13
86,9.0,0.9326270269384982,-6.082854531742604,1.179675824075512,3,out2+out4+out13
86,0.0,8.439610275006025,-0.34937372933529753,1.583304417075076,3,out2+out4+out13
86,24.0,5.766925938462024,-7.858519139488988,1.3396943291151937,2,out2+out4
86,1.0,1.7908453457344147,-3.3654779337140113,1.079660962818557,3,out2+out4+out13
86,2.0,-7.517940298710806,2.501687826792375,0.8363259826582117,2,out4+out13
86,8.0,-8.36146055001735,-1.7342487558387139,0.9034095744203099,2,out4+out13
86,3.0,-4.596354188601037,-5.786521385389329,0.9512299531353178,2,out4+out13
87,7.0,3.562961813128231,-1.7168495102526233,1.0398251640449432,2,out2+out13
87,9.0,1.0746811084057297,-6.094216911825602,1.1951019109692615,3,out2+out4+out13
87,0.0,13.549901934390473,-0.24593042556895947,1.841262065028093,3,out2+out4+out13
87,24.0,5.881866079791121,-7.869377294343461,1.3461411139493826,2,out2+out4
87,1.0,1.9531488553966856,-3.429697094676754,1.0909588522192664,3,out2+out4+out13
87,2.0,-7.3540065732499675,2.450899224273162,0.8332314555519306,2,out4+out13
87,8.0,-8.240193945010217,-1.7379750810790766,0.8608082996868224,2,out4+out13
87,3.0,-4.429505778949155,-5.853116371470279,0.9513890678923262,2,out4+out13
88,7.0,3.610599589582544,-1.7781672159560882,1.026672914308098,2,out2+out13
88,9.0,1.2451844672227046,-6.097088536788623,1.207115221326599,3,out2+out4+out13
88,0.0,13.82431819726457,-0.22264471633097557,1.8851517617548188,3,out2+out4+out13
88,24.0,5.963679984527613,-7.873535680449258,1.368285043173802,2,out2+out4
88,1.0,2.0830414415840646,-3.508832063549972,1.0604815186171161,3,out2+out4+out13
88,2.0,-7.222869747204202,2.4314154134866617,0.8484714106796544,2,out4+out13
88,8.0,-8.029949153840969,-1.759346924552616,0.8167968921520975,2,out4+out13
88,3.0,-4.260041969017618,-5.847384676405803,0.9480576426036363,2,out4+out13
89,7.0,3.6617610997130305,-1.817473214021511,1.0089009541124072,2,out2+out13
89,9.0,1.386449766770477,-6.10685223098236,1.1861684988473324,3,out2+out4+out13
89,0.0,15.886453630938457,-0.1745703253987725,1.9845811387423997,3,out2+out4+out13
89,24.0,6.112903927870929,-7.892980276562498,1.3847764491146926,2,out2+out4
89,1.0,2.221307403890571,-3.5428932581888035,1.0261829210005158,3,out2+out4+out13
89,2.0,-7.037905603489073,2.403166113829286,0.818697537497129,2,out4+out13
89,8.0,-7.901967859408644,-1.7400066626168649,0.8013111497520194,2,out4+out13
89,3.0,-4.126624305939302,-5.8723870571215615,0.9469941892634474,2,out4+out13
90,7.0,3.695423631149825,-1.8480280859593683,1.0077535277116958,2,out2+out13
90,9.0,1.5436577220786112,-6.137723753649221,1.1660483108273139,3,out2+out4+out13
90,0.0,13.50322462407555,-0.1988301690936439,1.8315195466383432,3,out2+out4+out13
90,24.0,6.223852135008545,-7.922044848631727,1.3848346725988314,2,out2+out4
90,1.0,2.4528191420815246,-3.551782030120121,0.9965434472388902,3,out2+out4+out13
90,2.0,-6.849833374029656,2.3836530596850474,0.7653759978916241,2,out4+out13
90,8.0,-7.775502232562015,-1.7362670948805161,0.814331973213732,2,out4+out13
90,3.0,-4.013243237471866,-5.913011290959913,0.9409826179766027,2,out4+out13
91,7.0,3.7254198246243386,-1.8409050848066546,1.003101166539224,2,out2+out13
91,9.0,1.671652545140902,-6.14527253385703,1.1520991594415846,3,out2+out4+out13
91,0.0,14.532978945520542,-0.1679261182242731,1.8723664738901766,3,out2+out4+out13
91,24.0,6.356508974550941,-7.94085451886375,1.37952815833388,2,out2+out4
91,1.0,2.647134154551981,-3.592052317700186,0.9822425230337486,3,out2+out4+out13
91,2.0,-6.767193483306916,2.4099204573192927,0.7569526007517349,2,out4+out13
91,8.0,-7.693828039536735,-1.7192340143474418,0.8351260015780612,2,out4+out13
91,3.0,-3.877964243846915,-5.912814708584049,0.9228614044736333,2,out4+out13
92,7.0,3.833433614950367,-1.8088823219793402,1.0206860211269662,2,out2+out13
92,9.0,1.8192351298258378,-6.160036694471166,1.1439657760882036,3,out2+out4+out13
92,0.0,13.904812506165692,-0.17633067472382913,1.8278815053028008,3,out2+out4+out13
92,24.0,6.490366713101112,-7.974639802762448,1.3792263252571777,2,out2+out4
92,1.0,2.8704706797207993,-3.6234203796018436,0.9781159317520711,3,out2+out4+out13
92,2.0,-6.684890875352199,2.405682627399359,0.7567753051702543,2,out4+out13
92,8.0,-7.49029761249155,-1.7981537685101583,0.8420025339653299,2,out4+out13
92,3.0,-3.696545276232509,-5.912947867962512,0.8884507891520798,2,out4+out13
93,7.0,3.902471197789894,-1.7773368173244124,1.026861848091038,2,out2+out13
93,9.0,1.9934819906253132,-6.150981675177349,1.1388079103293338,3,out2+out4+out13
93,0.0,15.03579172428381,-0.12984248782732888,1.8938305855682533,3,out2+out4+out13
93,24.0,6.65223093962749,-7.988430322894029,1.3724047982940217,2,out2+out4
93,1.0,3.0262954937172264,-3.6407425613377065,0.9806648449959664,3,out2+out4+out13
93,2.0,-6.602057741721194,2.3715422330436593,0.7695012706647699,2,out4+out13
93,8.0,-7.2775559384987165,-1.8572191543714978,0.8636724605093492,2,out4+out13
93,3.0,-3.514331995261336,-5.9349240891435135,0.8740443950449662,2,out4+out13
94,7.0,3.892785029646299,-1.8220291789744194,1.0189218601303254,2,out2+out13
94,9.0,2.113383017999177,-6.17552720049821,1.1714005239887224,3,out2+out4+out13
94,0.0,27.573651775754758,-0.02151507393322417,2.657209412161028,3,out2+out4+out13
94,1.0,3.1432884025780212,-3.660582797118063,0.9859778018348658,3,out2+out4+out13
94,2.0,-6.443323119737397,2.305209047976427,0.770520944243775,2,out4+out13
94,8.0,-7.100061889393892,-1.900401508414389,0.8860378682884116,2,out4+out13
94,3.0,-3.4038037622106296,-5.942149119625293,0.9045965860140838,2,out4+out13
95,9.0,2.230169792826752,-6.209594625655783,1.1858528884348163,3,out2+out4+out13
95,0.0,53.31829442230828,0.22276235266063663,4.196462371302339,3,out2+out4+out13
95,24.0,6.874386246626527,-7.974133357204626,1.3845735410476292,2,out2+out4
95,1.0,3.2434075075426487,-3.6449899423195644,0.9606597417285022,3,out2+out4+out13
95,2.0,-6.38449005572894,2.288012643259118,0.8053200287621347,2,out4+out13
95,8.0,-6.835317689706924,-2.034362786942639,0.8812537886857968,2,out4+out13
95,3.0,-3.286844155670635,-5.968004151766157,0.9216922958207252,2,out4+out13
96,9.0,2.3378282317871837,-6.211045822591986,1.1714168040046675,3,out2+out4+out13
96,0.0,3.1614051369579466,1.678887309481492,1.0019974586242693,2,out2+out13
96,1.0,3.3612719195110667,-3.6551142528404577,0.938663733391623,3,out2+out4+out13
96,2.0,-6.197251562542556,2.2173737828157405,0.8030833553802467,2,out4+out13
96,8.0,-6.64131114384759,-2.0991228763506693,0.8361396862253871,2,out4+out13
97,9.0,2.469020175012946,-6.228471698195306,1.1382774922230698,3,out2+out4+out13
97,0.0,3.2294517509506626,1.743730362568205,0.9622833743173437,2,out2+out13
97,1.0,3.5015081480179533,-3.674531939371769,0.9086396518990265,3,out2+out4+out13
97,2.0,-6.082643254535909,2.180816151526174,0.8134666706357704,2,out4+out13
97,8.0,-6.495358941279345,-2.031766624002094,0.8189490974709619,2,out4+out13
97,3.0,-2.9314572374053194,-6.061825924185388,0.9703355007671324,2,out4+out13
98,9.0,2.649255030101168,-6.2091745800127836,1.122666256166529,3,out2+out4+out13
98,0.0,3.2816847393999202,1.790359764203329,0.9591793602268306,2,out2+out13
98,1.0,3.6820840845784346,-3.6845690730705978,0.8961042302683841,3,out2+out4+out13
98,8.0,-1.9820191068651491,-6.173052123196654,-1.2907851434706707,3,out2+out4+out13
98,2.0,-5.949052560609496,2.160206260407881,0.7439627749357022,2,out4+out13
98,3.0,-2.764630965272226,-6.044335788745056,0.9795910419529712,2,out4+out13
99,7.0,4.0608561880984215,-1.9716381290213654,1.0849265636725893,2,out2+out13
99,9.0,2.7875752904266715,-6.217280531260461,1.1307424493831075,3,out2+out4+out13
99,0.0,3.3865353229221467,1.8665350197795245,0.9356128620941349,2,out2+out13
99,1.0,3.865749818608601,-3.6786118663670604,0.8998307331498524,3,out2+out4+out13
99,8.0,-2.010835863678582,-5.99447606757357,-1.1954985169955064,3,out2+out4+out13
99,2.0,-5.813658103925537,2.1482865832875517,0.7319768480527654,2,out4+out13
99,3.0,-2.625483478519073,-6.062080366383196,0.9731146047162491,2,out4+out13
100,7.0,4.108735044359785,-1.9943657853202303,1.0758240283448377,2,out2+out13
100,9.0,2.8964697960136117,-6.203576365792024,1.0995328328231981,3,out2+out4+out13
100,0.0,3.492663533634585,1.9274087578942134,0.936225312811237,2,out2+out13
100,1.0,4.045157057974041,-3.692591801167967,0.9042317649289769,3,out2+out4+out13
100,8.0,-2.0362845988891616,-5.858330403153155,-1.1114309719049924,3,out2+out4+out13
100,2.0,-5.65730775611953,2.1149423698303003,0.6992795246611134,2,out4+out13
100,3.0,-2.5044271113700614,-6.072574304805221,1.004323302254257,2,out4+out13
101,7.0,4.141391896978913,-2.036744383894859,1.0608951904921613,2,out2+out13
101,9.0,3.057420974268115,-6.214266306601483,1.0799971501991703,3,out2+out4+out13
101,0.0,3.5764192672414272,1.986720535642946,0.9235531765663567,2,out2+out13
101,1.0,4.16501084812035,-3.705968173791881,0.9085992927271687,3,out2+out4+out13
101,8.0,-2.1462138916503526,-5.660315390966341,-0.9815388081512983,3,out2+out4+out13
101,3.0,-2.4216579446770705,-6.063531162962604,0.9826678984919138,2,out4+out13
102,7.0,4.16648390327022,-2.151430018612159,1.0235984917743122,2,out2+out13
102,9.0,3.229339212486538,-6.215303282194039,1.0712753619948867,3,out2+out4+out13
102,0.0,3.6591610377447457,2.050887838679956,0.933397542912534,2,out2+out13
102,1.0,4.293396863641258,-3.724670601851666,0.9257455398953838,3,out2+out4+out13
102,8.0,-2.242211735956533,-5.3798427603253085,-0.8055162795863754,3,out2+out4+out13
102,3.0,-2.2840611677452314,-6.00320911533994,0.9722415552522794,2,out4+out13
103,7.0,4.207941728790665,-2.239911192373235,0.9906537418440695,2,out2+out13
103,9.0,3.3578302622160887,-6.241342754691639,1.0716300070205864,3,out2+out4+out13
103,0.0,3.74581180709464,2.12085675984565,0.9372143389931806,2,out2+out13
103,1.0,4.423723550427766,-3.754034315633385,0.941946684408795,3,out2+out4+out13
103,8.0,-2.45285368773715,-4.978411021336499,-0.5815379254901181,3,out2+out4+out13
103,3.0,-2.0561981237183673,-6.113307190014804,0.956144197444938,2,out4+out13
104,7.0,4.249964125561556,-2.317642280733806,0.9596440258470775,2,out2+out13
104,9.0,3.485921858088232,-6.241482177179255,1.0873638740466876,3,out2+out4+out13
104,0.0,3.8179800221694844,2.1672631114196066,0.959525238795669,2,out2+out13
104,1.0,4.561412601500515,-3.7897984382379084,0.9227209685382707,3,out2+out4+out13
104,8.0,-2.692678027720376,-4.575317890838139,-0.3521296711526423,3,out2+out4+out13
104,3.0,-1.9198054429011184,-6.1147832638480635,0.9707520018576861,2,out4+out13
105,7.0,4.2672927370859295,-2.401205190167465,0.9412338058736602,2,out2+out13
105,9.0,3.598977035784763,-6.249607021602847,1.0864336787179074,3,out2+out4+out13
105,0.0,3.8987995277959198,2.221696083406275,0.9645829613195851,2,out2+out13
105,1.0,4.692246383395403,-3.8112637184164977,0.8867605571849545,3,out2+out4+out13
105,8.0,-2.4360467461086297,-4.098648764514262,-0.2578654168991419,2,out2+out4
105,3.0,-1.8382471130131286,-6.074993723950227,1.0042621523501294,2,out4+out13
106,7.0,4.303961119758398,-2.461441497706553,0.9214465922498069,2,out2+out13
106,9.0,3.717455157169343,-6.2479373940202025,1.0711410346817618,3,out2+out4+out13
106,0.0,3.96551143940298,2.2811688451422154,0.9386313431433329,2,out2+out13
106,1.0,4.810516059446278,-3.819612567771957,0.8560293328815864,3,out2+out4+out13
106,8.0,-3.282041198284285,-3.7416950172300676,0.0379499872152331,3,out2+out4+out13
106,3.0,-1.7370741544684432,-6.075054687164702,1.0219898474575533,2,out4+out13
107,7.0,4.336545487582673,-2.511107408499142,0.9127831860269017,2,out2+out13
107,9.0,3.809755288172953,-6.253384187009451,1.0716145618065267,3,out2+out4+out13
107,0.0,4.043401368819117,2.339496825351242,0.9176612194039002,2,out2+out13
107,1.0,4.926137647754824,-3.8173317012299703,0.8213370514161984,3,out2+out4+out13
107,8.0,-3.6090068489790355,-3.24557599978755,0.27045524065370347,3,out2+out4+out13
107,3.0,-1.6032583752404876,-6.0962975992642745,1.0469855699581034,2,out4+out13
108,7.0,4.3521740869842445,-2.5329700716153583,0.8995381164454305,2,out2+out13
108,9.0,3.947383799337284,-6.250150873610967,1.052798441597178,3,out2+out4+out13
108,0.0,4.155432475158354,2.38364250850655,0.9327517741628883,2,out2+out13
108,1.0,4.984918615535873,-3.8158773771106973,0.7878875816521754,2,out2+out4
108,8.0,-3.845136271065473,-2.8786099055556935,0.4694327567843321,3,out2+out4+out13
108,3.0,-1.43750704105231,-6.141077121382426,1.08617813494684,2,out4+out13
109,7.0,4.360919291598201,-2.5390437394995713,0.897534580794547,2,out2+out13
109,9.0,4.038829430971533,-6.288708915262994,1.0286047001284746,3,out2+out4+out13
109,0.0,4.234965469654123,2.4361048564507537,0.9099563897331682,2,out2+out13
109,1.0,5.142525500485803,-3.8338661875485927,0.7960483691514257,3,out2+out4+out13
109,8.0,-4.010098209414157,-2.6232514031058702,0.6331932434260682,3,out2+out4+out13
109,3.0,-1.2856814461472081,-6.154857422441755,1.1030822575940786,2,out4+out13
110,7.0,4.389542402376846,-2.5319104582684306,0.8921032176746493,2,out2+out13
110,9.0,4.157021069184746,-6.306538310669981,1.0146316950900458,3,out2+out4+out13
110,0.0,4.347810633515283,2.490217616017727,0.909059354742786,2,out2+out13
110,1.0,5.248484817141972,-3.858045650616023,0.8089589184749274,3,out2+out4+out13
110,8.0,-4.024600768399318,-2.507934451712303,0.7296119957592748,3,out2+out4+out13
110,3.0,-1.1883719418656178,-6.177998321823991,1.1069929398045713,2,out4+out13
111,7.0,3.969216315580426,-2.889725239034016,0.7446542890683185,3,out2+out4+out13
111,9.0,4.271635282024241,-6.304911302543717,1.0072133382125006,3,out2+out4+out13
111,0.0,4.3943514524326694,2.5062698571401927,0.8968834943746986,2,out2+out13
111,1.0,5.375455902177853,-3.896774784632175,0.8061948370929114,3,out2+out4+out13
111,8.0,-4.328570897107103,-2.1759051224065358,0.9506795311174935,2,out4+out13
111,3.0,-1.0933027506362936,-6.210076066488834,1.0919704317917331,2,out4+out13
112,7.0,4.003225564927265,-2.9125008730905573,0.7549743154264462,3,out2+out4+out13
112,9.0,4.371602869317687,-6.310833517402183,1.0101432410665172,3,out2+out4+out13
112,0.0,4.525750307950601,2.5630621449521134,0.9140863646573465,2,out2+out13
112,1.0,5.494305397852657,-3.9316004555816844,0.7950510770630445,3,out2+out4+out13
112,8.0,-4.043395381487825,-2.272383610571568,0.9263121251332864,3,out2+out4+out13
112,3.0,-0.9614424755075738,-6.19332386272958,1.062756294276322,2,out4+out13
113,7.0,4.061140643749025,-2.9436055873682814,0.7512327587189953,3,out2+out4+out13
113,9.0,4.489703478629195,-6.316165670585724,1.021879737716419,3,out2+out4+out13
113,0.0,4.5942382500106484,2.6007771444320897,0.93308737279302,2,out2+out13
113,1.0,5.5901703813004655,-3.9683468183205672,0.7837477966831076,3,out2+out4+out13
113,8.0,-3.981686810016224,-2.2246553364252972,0.989524251375561,3,out2+out4+out13
113,3.0,-0.7894378656004551,-6.251920758861942,1.0491909954014376,2,out4+out13
114,7.0,4.106414607907475,-2.97078073523028,0.7514960256287933,3,out2+out4+out13
114,9.0,4.551420382764895,-6.342814138115088,1.0362082152969305,3,out2+out4+out13
114,0.0,4.665737941040805,2.6438757403436464,0.9396035395073449,2,out2+out13
114,1.0,5.708691684140688,-4.011209693884104,0.7611266403596303,3,out2+out4+out13
114,8.0,-3.8909504363813547,-2.2011590083052166,1.0470018125601193,3,out2+out4+out13
114,3.0,-0.6451817331903275,-6.160980660928084,1.0458851306947665,2,out4+out13
115,7.0,4.158393622847561,-3.0021805083780375,0.7508536710657444,3,out2+out4+out13
115,9.0,4.633832940018318,-6.336871168665546,1.0282698239522954,2,out2+out4
115,0.0,4.744987707757844,2.6945812352282954,0.9226902671125653,2,out2+out13
115,1.0,6.463281754474761,-3.4098668107478676,0.9078541895009355,2,out2+out13
115,8.0,-3.7906112909850305,-2.183040434844195,1.0497465467133191,3,out2+out4+out13
115,3.0,-0.5490569396516111,-6.175080189118072,1.0658552965771477,2,out4+out13
116,7.0,4.223045431493514,-3.0264533804029448,0.7466244664888866,3,out2+out4+out13
116,9.0,4.753615027731335,-6.3580498663131175,1.0156118255136117,3,out2+out4+out13
116,0.0,4.828524198504254,2.7454945842873455,0.8986341035022106,2,out2+out13
116,1.0,6.578778025192234,-3.426175601163988,0.8840186735810384,2,out2+out13
116,8.0,-3.627161343198059,-2.160198759022966,1.038303556832151,3,out2+out4+out13
116,3.0,-0.46512450088432705,-6.153925008064825,1.099540012642641,2,out4+out13
117,7.0,4.251214644849409,-3.0389356636884717,0.7302942513906451,3,out2+out4+out13
117,9.0,4.8675814067008725,-6.325623271136237,0.9960322891728828,3,out2+out4+out13
117,0.0,4.898009111979334,2.779511770813218,0.8991594965048363,2,out2+out13
117,1.0,6.6355790721805095,-3.482129304620703,0.8356114056591453,2,out2+out13
117,8.0,-3.46795205212775,-2.132109533351036,1.0375230303918597,3,out2+out4+out13
117,3.0,-0.30983849077520925,-6.194177528832736,1.1125824872694825,2,out4+out13
118,7.0,4.286938452242841,-3.051258099232878,0.7150850202726905,3,out2+out4+out13
118,9.0,4.970073685707287,-6.348596286920915,0.984296627569773,3,out2+out4+out13
118,0.0,5.01046050366875,2.8422538125664296,0.8850603519212155,2,out2+out13
118,1.0,6.72852790764751,-3.452551692082449,0.8023258717102661,2,out2+out13
118,8.0,-3.3241728605326637,-2.149636890309672,1.0412830510523632,3,out2+out4+out13
118,3.0,-0.16888976264112712,-6.186801518608743,1.1165530707805646,2,out4+out13
119,7.0,4.304948196402211,-3.0549121495684033,0.6996130368667041,3,out2+out4+out13
119,9.0,5.074306322255669,-6.3382186975380925,0.9835859206745694,3,out2+out4+out13
119,0.0,5.07372811199034,2.8790606669399197,0.8622737391515689,2,out2+out13
119,1.0,6.832215293879177,-3.387719109584084,0.7972696653659539,2,out2+out13
119,8.0,-3.15716312165327,-2.189999349349307,1.0488823835647998,3,out2+out4+out13
119,3.0,-0.03253992034114033,-6.164710861226191,1.139057354668539,2,out4+out13
120,7.0,4.334239594289873,-3.066287247121006,0.6874138298525554,3,out2+out4+out13
120,9.0,5.170600246012635,-6.309581920765098,0.9777068149669439,3,out2+out4+out13
120,0.0,5.15753934203502,2.9233815655214532,0.8582992514842749,2,out2+out13
120,1.0,6.90009458832562,-3.345678660723732,0.7862394617542103,2,out2+out13
120,8.0,-3.007942013809671,-2.2368669416662934,1.0651516498355793,3,out2+out4+out13
120,3.0,0.07464218787332005,-6.14630021601768,1.1568011648565337,2,out4+out13
121,7.0,4.330617999113343,-3.0697022707574275,0.6871151840525962,3,out2+out4+out13
121,9.0,5.333234319896241,-6.339771920917222,0.9842060792655676,3,out2+out4+out13
121,0.0,5.23305541278295,2.9582655246589615,0.8687654485921027,2,out2+out13
121,1.0,6.967777392319844,-3.3120056554216206,0.7899912292833651,2,out2+out13
121,8.0,-2.8347060161076,-2.2715804145456113,1.081532797760988,3,out2+out4+out13
121,3.0,0.1987079972541536,-6.1657971786318715,1.1496738216371438,2,out4+out13
122,7.0,4.310913117288611,-3.1275053291454644,0.7123655756993179,3,out2+out4+out13
122,9.0,5.432973249420697,-6.370841627370122,0.9957511697783732,3,out2+out4+out13
122,0.0,5.3089297708704315,2.997189707607741,0.876584914449893,2,out2+out13
122,1.0,7.043919531017983,-3.3015133290905188,0.8045914701859571,2,out2+out13
122,8.0,-2.619272455213683,-2.2961687879880324,1.0929710613094108,3,out2+out4+out13
122,3.0,0.5108351121193596,-6.284975947959961,1.1160486573506179,2,out4+out13
123,7.0,4.318111671103746,-3.1582597834153106,0.7084834414049569,3,out2+out4+out13
123,9.0,5.521240230069719,-6.372410172551735,0.9861442284769137,3,out2+out4+out13
123,1.0,7.285818292477351,-3.1680321377607465,0.8996143658522789,2,out2+out13
123,8.0,-2.420820359994367,-2.3331432738370306,1.0966396663353841,3,out2+out4+out13
123,3.0,0.5758271346954114,-6.182322689283124,1.1103305671573183,2,out4+out13
124,7.0,4.296105326975735,-3.1829015047280445,0.6998014880305982,3,out2+out4+out13
124,9.0,5.625666613256129,-6.340567430703527,0.9867488977873599,3,out2+out4+out13
124,1.0,7.4021188724338725,-3.143064931857101,0.9421249269193311,2,out2+out13
124,8.0,-2.2422961422020045,-2.345060066240215,1.0857673373262275,3,out2+out4+out13
124,3.0,0.7048023974534445,-6.174987927422457,1.1146378225682791,2,out4+out13
125,7.0,4.281946337551063,-3.1981677827121837,0.6926581833973785,3,out2+out4+out13
125,9.0,5.701120438226283,-6.344625369577869,0.9679349007584248,3,out2+out4+out13
125,1.0,7.451893917847827,-3.139688296395815,0.9614503668069883,2,out2+out13
125,8.0,-2.1281087046514173,-2.3701180539264395,1.0604113093786809,3,out2+out4+out13
125,3.0,0.7896111432113398,-6.149804962752959,1.1368550316788484,2,out4+out13
126,7.0,4.357895985528995,-3.1141704209987733,0.6673536162104151,3,out2+out4+out13
126,9.0,5.791243187757861,-6.358407327926283,0.9643848576228241,3,out2+out4+out13
126,0.0,5.615215307935714,3.15580773283204,0.8312981730346581,2,out2+out13
126,1.0,7.505513387390663,-3.135559045656605,0.964692809613406,2,out2+out13
126,8.0,-1.9487780638282355,-2.4068953969084994,1.0290379647676144,3,out2+out4+out13
126,3.0,0.8593729021468862,-6.113702828144037,1.1620709392526367,2,out4+out13
127,7.0,4.371826340049425,-3.114643230841546,0.6564810210102523,3,out2+out4+out13
127,9.0,5.868619470047569,-6.369677987367816,0.9773582187021967,3,out2+out4+out13
127,1.0,7.710980862014171,-3.063793377215424,0.9990164108110023,2,out2+out13
127,8.0,-1.6709944504330465,-2.409229875368923,1.011360673149673,3,out2+out4+out13
127,4.0,10.561380214359792,-7.70099110239376,1.1315458671254832,2,out2+out13
127,3.0,0.946806644100762,-6.131151829444118,1.1710509761060233,2,out4+out13
128,7.0,4.374378174444332,-3.114221773635868,0.652059505369275,3,out2+out4+out13
128,9.0,5.985865296894889,-6.422976766167508,0.9965335440646266,3,out2+out4+out13
128,1.0,7.7907486276386715,-3.062681406009792,0.9837497139101125,2,out2+out13
128,8.0,-1.5401795990887326,-2.4427178431687016,1.0038141008533847,3,out2+out4+out13
128,4.0,10.795975713956032,-7.605975888274236,1.1396093680853958,2,out2+out13
128,3.0,1.0647181885661459,-6.114664500640164,1.1872699420080333,2,out4+out13
129,7.0,4.387735698098083,-3.124500914851683,0.6464772387527493,3,out2+out4+out13
129,9.0,6.069114512345103,-6.424126515097159,0.9902663870427744,3,out2+out4+out13
129,1.0,7.897973255101471,-3.073102094942948,0.9758513002525456,2,out2+out13
129,8.0,-1.4226358568601498,-2.4405698607308572,1.0207376522177485,3,out2+out4+out13
129,4.0,10.999653330627371,-7.563979749688944,1.1515399320538309,2,out2+out13
129,3.0,1.185440253396997,-6.102319822134054,1.2100213247761096,2,out4+out13
130,7.0,4.397496909691063,-3.1288931298840796,0.6457449437353612,3,out2+out4+out13
130,9.0,6.131761561540373,-6.403248433595482,1.002020249009609,3,out2+out4+out13
130,1.0,7.995509528057218,-3.0524575296813583,0.9773692381165678,2,out2+out13
130,8.0,-1.272391183750137,-2.465802950712772,1.0262579713508042,3,out2+out4+out13
130,4.0,11.129892639376438,-7.508681713091079,1.1659778341990106,2,out2+out13
130,3.0,1.3014161618202142,-6.114318791202563,1.22141085035312,2,out4+out13
131,7.0,4.424201283280164,-3.1532888928130434,0.6346985374052574,3,out2+out4+out13
131,9.0,6.172770477360351,-6.403949093605524,1.0137187693669205,3,out2+out4+out13
131,0.0,6.048735922157177,3.383497934386269,0.7899639923608488,2,out2+out13
131,1.0,7.978526572315083,-3.180186348044376,0.9418760173891271,2,out2+out13
131,8.0,-1.0889487220140142,-2.502601515467166,1.023079152445209,3,out2+out4+out13
131,4.0,11.237752624176965,-7.456309532904873,1.1750509753676193,2,out2+out13
131,3.0,1.4159754935511313,-6.1371016589144505,1.2240403149810493,2,out4+out13
132,7.0,4.459963843133092,-3.189579533866943,0.6328802757301355,3,out2+out4+out13
132,9.0,6.2573715761887785,-6.43451646294156,1.0335535790264714,3,out2+out4+out13
132,0.0,6.102858430805396,3.4069805447996715,0.783437991555061,2,out2+out13
132,1.0,7.931041533635201,-3.2968968651077386,0.9003917538564553,2,out2+out13
132,8.0,-0.8735538333283606,-2.5485769097555564,1.0158663498298912,3,out2+out4+out13
132,4.0,11.270888343896607,-7.4536560282203626,1.152292521311044,2,out2+out13
132,3.0,1.616862850328169,-6.198356109553086,1.2085256585318649,2,out4+out13
133,7.0,4.48553237532863,-3.2027403890779578,0.6296276476050432,3,out2+out4+out13
133,9.0,6.3230960946298875,-6.450716479144975,1.0514610720762214,3,out2+out4+out13
133,0.0,6.246730147607936,3.4731404442971687,0.792536001991006,2,out2+out13
133,1.0,7.993103464830761,-3.3560381506315307,0.8972549707347456,2,out2+out13
133,8.0,-0.728763196092019,-2.570415630648256,1.0065870976666038,3,out2+out4+out13
133,4.0,11.33557373349777,-7.444577954566141,1.154462503247209,2,out2+out13
133,3.0,1.7191642988360927,-6.142675360915893,1.1851542324638338,2,out4+out13
134,7.0,4.512258510749867,-3.2256808134764694,0.626999632882718,3,out2+out4+out13
134,9.0,6.400964053185027,-6.453033383781021,0.9969334337787092,3,out2+out4+out13
134,0.0,6.308224977473361,3.511318942146492,0.7590936798622561,2,out2+out13
134,1.0,7.954076649388849,-3.436112207033355,0.8652223738886299,2,out2+out13
134,8.0,-0.601594637956633,-2.587159673431129,0.9924829280777279,3,out2+out4+out13
134,4.0,11.571006907196617,-7.402061051734201,1.190648532199226,2,out2+out13
134,3.0,1.8223034263448188,-6.1302516830226494,1.1787820855112305,2,out4+out13
135,7.0,4.542512702397726,-3.232218578825915,0.6178328325941838,3,out2+out4+out13
135,9.0,6.50112837932193,-6.468958023350903,1.0111201898764322,3,out2+out4+out13
135,0.0,6.478065520666547,3.586533728804951,0.7934252237759571,2,out2+out13
135,1.0,7.9844691065001,-3.435385623758696,0.8564863856877402,2,out2+out13
135,8.0,-0.47818005717243095,-2.5657875539068344,0.9779370256870878,3,out2+out4+out13
135,4.0,11.66199136649376,-7.416666598956858,1.1962185352400172,2,out2+out13
135,3.0,1.9201218407824696,-6.103920716544212,1.1794172813704658,2,out4+out13
136,7.0,4.5504887567705525,-3.2446509267332972,0.6157639840805581,3,out2+out4+out13
136,9.0,6.59298099772871,-6.511599773351595,1.0052285474710516,3,out2+out4+out13
136,0.0,6.627413890641543,3.650680575122194,0.820353272485755,2,out2+out13
136,1.0,7.995571985163825,-3.46104106732218,0.8475158883642575,2,out2+out13
136,8.0,-0.31825451597828835,-2.5379409104417108,0.965783661323548,3,out2+out4+out13
136,4.0,11.774051501708431,-7.374883307671339,1.1953703940712466,2,out2+out13
136,3.0,2.023083764000784,-6.118353778992437,1.1934792993836167,2,out4+out13
137,7.0,4.576171389308005,-3.231745385499275,0.6399082986600695,3,out2+out4+out13
137,9.0,6.650221031464439,-6.490819019054713,1.036719140750015,3,out2+out4+out13
137,0.0,6.662064038258395,3.6688292856598936,0.8050380029057613,2,out2+out13
137,1.0,8.014059193619675,-3.4921797041212046,0.8343298933267309,2,out2+out13
137,8.0,-0.16923767182128516,-2.535603452476891,0.971564907026445,3,out2+out4+out13
137,4.0,11.868732431311448,-7.332067694260262,1.183402891104482,2,out2+out13
137,3.0,2.1363607145790646,-6.1259554423360925,1.1951600865019267,2,out4+out13
138,7.0,4.578494244970209,-3.23246797908224,0.6265340024913596,3,out2+out4+out13
138,9.0,6.7166128770965,-6.466651674493869,1.0640618707644913,3,out2+out4+out13
138,0.0,6.710082666659242,3.6941974922266954,0.7913739914330296,2,out2+out13
138,1.0,8.02333998290536,-3.502673729077953,0.8267563506177968,2,out2+out13
138,8.0,-0.043368492105314675,-2.536538985963275,0.9783402186989015,3,out2+out4+out13
138,4.0,11.945094863144186,-7.296573940495642,1.181765709237383,2,out2+out13
138,3.0,2.2174370791069347,-6.113294533021925,1.2119468748706663,2,out4+out13
139,7.0,4.598918927995239,-3.227143742771098,0.6315498753727773,3,out2+out4+out13
139,9.0,6.818140691833613,-6.444683521906482,1.0710004152658812,3,out2+out4+out13
139,0.0,6.785960136691165,3.7120302863094663,0.788248567688161,2,out2+out13
139,1.0,8.06490057067362,-3.47643566481373,0.8385521004019041,2,out2+out13
139,8.0,0.09845698032476534,-2.5456922319706083,0.9927522552966055,3,out2+out4+out13
139,4.0,12.009190170622743,-7.293222397028058,1.1964639730403481,2,out2+out13
139,3.0,2.3812653452650028,-6.1033869893357355,1.2111103207564646,2,out4+out13
140,7.0,4.655873318812431,-3.263314534973447,0.6446379949366875,3,out2+out4+out13
140,9.0,6.91599677599759,-6.424748664774522,1.0764562270303388,3,out2+out4+out13
140,1.0,8.15497915833329,-3.4167812286801014,0.8727750748287458,2,out2+out13
140,8.0,0.25463880065369754,-2.5434968473749535,0.9819191577055444,3,out2+out4+out13
140,4.0,12.091046546710352,-7.256010224953468,1.1955910223310746,2,out2+out13
140,3.0,2.5078130169891497,-6.0742310969585045,1.2096498480828668,2,out4+out13
141,7.0,4.716103273713656,-3.302192673123754,0.6027189688092109,3,out2+out4+out13
141,9.0,6.998523155256454,-6.454193786961391,1.0478640836367135,3,out2+out4+out13
141,0.0,6.951299967899092,3.7348309502294366,0.9130250589681967,2,out2+out13
141,1.0,8.234263569931755,-3.390734549262852,0.885961617495281,2,out2+out13
141,8.0,0.5179785907118032,-2.462367520578255,1.0525969568436573,2,out2+out13
141,4.0,12.15577318682583,-7.246863537210206,1.2029289490645565,2,out2+out13
141,3.0,2.6052526368737485,-6.074100574223842,1.2097725387926914,2,out4+out13
142,7.0,4.775689080781159,-3.351190684836593,0.5910180654408013,3,out2+out4+out13
142,9.0,7.048970466165455,-6.465178424563124,1.0237759369782387,3,out2+out4+out13
142,0.0,7.046777035915753,3.7443683679495057,0.9752092013925047,2,out2+out13
142,1.0,8.316025320758147,-3.383625776038827,0.911122285343204,2,out2+out13
142,8.0,0.4847201334716097,-2.458538479462969,0.9904247835245312,3,out2+out4+out13
142,4.0,12.239287813942068,-7.215321607310801,1.1709531295068276,2,out2+out13
142,3.0,2.7554122397489285,-6.116364977983195,1.184754606237689,2,out4+out13
143,7.0,4.8373969233776055,-3.416665597648671,0.5952877551563247,3,out2+out4+out13
143,9.0,7.133568737720594,-6.479736090807306,1.0079342099866295,3,out2+out4+out13
143,1.0,8.418274143542531,-3.3701235529357496,0.9215884884612787,2,out2+out13
143,8.0,0.5798912638593888,-2.527824825873312,0.969479562328326,3,out2+out4+out13
143,4.0,12.299604855813062,-7.213959727906256,1.1600758601907988,2,out2+out13
143,3.0,2.930198185718119,-6.123245461401407,1.1517287622011834,2,out4+out13
144,7.0,4.8936274253710055,-3.487810550866308,0.6008813863437,3,out2+out4+out13
144,9.0,7.232483907483987,-6.4702479895857925,1.0040347118712358,3,out2+out4+out13
144,1.0,8.486940250916346,-3.324503498028765,0.8986642767085629,2,out2+out13
144,8.0,0.6671275717689861,-2.5402491842032195,0.9469994459004581,3,out2+out4+out13
144,4.0,12.385733673789895,-7.1729861396182475,1.1614634350572588,2,out2+out13
144,3.0,3.070940848551832,-6.157741065702004,1.1413074304184598,2,out4+out13
145,7.0,4.951893654629612,-3.534905446538031,0.6161310281714306,3,out2+out4+out13
145,9.0,7.281108059419774,-6.508689949541594,0.9925323146105907,3,out2+out4+out13
145,1.0,8.482892967701654,-3.3546992950203167,0.8979260364898975,2,out2+out13
145,4.0,12.484011758853379,-7.083362194643089,1.1426042071633185,2,out2+out13
145,3.0,3.1626954273519203,-6.152051401530145,1.1328560422460987,2,out4+out13
145,8.0,1.044413157239904,-2.70004597257633,0.8914460125691923,2,out4+out13
146,7.0,4.963013149965113,-3.580083989863933,0.6412522552893118,3,out2+out4+out13
146,9.0,7.3488612483312235,-6.528413474934456,0.9717715983505195,3,out2+out4+out13
146,1.0,8.536193888771892,-3.3062456912379825,0.8902309112555653,2,out2+out13
146,4.0,12.55278460899789,-7.044773196921838,1.145879745412585,2,out2+out13
146,8.0,0.890784186242428,-2.5121013370761958,0.9387126184653415,3,out2+out4+out13
146,3.0,3.248354324573047,-6.142408135931627,1.1372897352599625,2,out4+out13
147,7.0,5.010464847407232,-3.621225322614449,0.6364964581008183,3,out2+out4+out13
147,9.0,7.41200500186087,-6.533450736345427,0.9611459638220331,3,out2+out4+out13
147,1.0,8.561732710533933,-3.358485378579016,0.8689642729992128,2,out2+out13
147,4.0,12.637624377091278,-6.970214005987478,1.1375075734562698,2,out2+out13
147,8.0,1.0385040278937758,-2.5115506734208446,0.9578296315545551,3,out2+out4+out13
147,3.0,3.3379770076232615,-6.1395039327053595,1.1460226287743536,2,out4+out13
148,7.0,5.056301326946749,-3.6517123387070356,0.6363065065306968,3,out2+out4+out13
148,9.0,7.484163441250951,-6.53301752948707,0.9726305712154021,3,out2+out4+out13
148,1.0,8.59835846305801,-3.3678315808942925,0.8549215413890422,2,out2+out13
148,4.0,12.705789262772049,-6.936265831381773,1.14676273532555,2,out2+out13
148,8.0,1.1333693488062069,-2.505805261836196,0.9707307600892547,3,out2+out4+out13
148,3.0,3.4009744833874342,-6.118716915336107,1.1497629076847729,2,out4+out13
149,7.0,5.107870715059872,-3.675951949306602,0.6270352937663363,3,out2+out4+out13
149,9.0,7.561634334230165,-6.536978977769487,0.9884818664466029,3,out2+out4+out13
149,1.0,8.609529738596704,-3.3994430986080686,0.86225497913542,2,out2+out13
149,4.0,12.763117414016035,-6.921534600207935,1.1497617499572623,2,out2+out13
149,8.0,1.2390403364299791,-2.5113455476168567,0.9688472482454288,3,out2+out4+out13
149,3.0,3.503766764163447,-6.120348928120088,1.1388468003832184,2,out4+out13
150,7.0,5.200011024028811,-3.7158142006922112,0.6048424321374211,3,out2+out4+out13
150,9.0,7.651949822188643,-6.550193319057787,0.9890034466147459,3,out2+out4+out13
150,0.0,7.733389232888457,3.8814596821719487,1.0649921991068447,2,out2+out13
150,1.0,8.64490581026441,-3.519178132328395,0.8497744125390432,2,out2+out13
150,4.0,12.84611337649425,-6.867307446968466,1.1235047371116391,2,out2+out13
150,8.0,1.3585966863472299,-2.5155318487796188,0.9662814178834555,3,out2+out4+out13
150,3.0,3.607741764548913,-6.148796412076298,1.1277412579732595,2,out4+out13
151,7.0,5.313113859664859,-3.751869112784331,0.5763881105376558,3,out2+out4+out13
151,9.0,7.73987361574582,-6.562336645906806,1.0005108366462976,3,out2+out4+out13
151,0.0,7.776260290641323,3.8850338647677214,1.0761725566275744,2,out2+out13
151,1.0,8.658977289505462,-3.5160794010306273,0.8533532375055322,2,out2+out13
151,4.0,12.900556310499972,-6.836886962298204,1.152441158776517,2,out2+out13
151,8.0,1.5032577069688848,-2.508134211028361,0.9626877924426289,3,out2+out4+out13
151,3.0,3.7215688216728067,-6.191133015033278,1.0995277223849906,2,out4+out13
152,7.0,5.4382123633777395,-3.8015398579125725,0.5579767958411506,3,out2+out4+out13
152,9.0,7.803473491022651,-6.5764836081528575,0.9975099803596776,3,out2+out4+out13
152,0.0,7.808221601920827,3.8833539571774467,1.06695142955981,2,out2+out13
152,1.0,8.684732545192986,-3.48136779734901,0.8644651814585498,2,out2+out13
152,4.0,12.982571079218536,-6.7813997551436636,1.1181496819449506,2,out2+out13
152,8.0,1.5563002876877425,-2.462072532909288,0.9574896967695263,3,out2+out4+out13
152,3.0,3.8511508308356586,-6.264561791971304,1.1272964184353211,2,out4+out13
153,7.0,5.5368611059104635,-3.850799950826504,0.5486418155322715,3,out2+out4+out13
153,9.0,7.88582846583744,-6.585819734678956,1.013066549179544,3,out2+out4+out13
153,0.0,7.869063553058168,3.864583231263859,1.0498258815940216,2,out2+out13
153,1.0,8.733085595138673,-3.5198929115344786,0.8718923102759636,2,out2+out13
153,4.0,13.029905212093864,-6.766784712157774,1.1136013290765092,2,out2+out13
153,8.0,1.6971771748542537,-2.4286140975539423,0.9513641083449189,3,out2+out4+out13
153,3.0,4.008396450674101,-6.299788738405472,1.1185649518173282,2,out4+out13
154,7.0,5.6047912660360115,-3.875266193381039,0.5347926884993536,3,out2+out4+out13
154,9.0,7.965031562362728,-6.606623891523983,1.0115552389717457,3,out2+out4+out13
154,1.0,8.747283632833707,-3.5298826103088548,0.8726113277018457,2,out2+out13
154,4.0,13.084347416399982,-6.729995743164608,1.108771870018726,2,out2+out13
154,8.0,1.7725085791684307,-2.4583575805552504,0.9458543013513366,3,out2+out4+out13
154,3.0,4.144385796379931,-6.307684680235239,1.1027544180963882,2,out4+out13
155,7.0,5.657655710296223,-3.877950992456489,0.5158252846169282,3,out2+out4+out13
155,9.0,8.031501046839752,-6.628825087090714,1.0110904094146538,3,out2+out4+out13
155,1.0,8.775260171191091,-3.524001328762394,0.8797687659754287,2,out2+out13
155,4.0,13.176074934524074,-6.658673311915831,1.1100624984216774,2,out2+out13
155,8.0,1.9017288540363166,-2.442877577117194,0.9345383311902633,3,out2+out4+out13
155,3.0,4.223506371737251,-6.271721184489485,1.101562542995488,2,out4+out13
156,7.0,5.696964176459374,-3.888764634273993,0.5105072643324574,3,out2+out4+out13
156,1.0,8.806226502184483,-3.542511279938314,0.8852947982887677,2,out2+out13
156,4.0,13.255061743287788,-6.594514783482374,1.137439625471828,2,out2+out13
156,8.0,2.0538096763590064,-2.4418568621857735,0.9331539276179216,3,out2+out4+out13
156,9.0,7.921271309572837,-6.504866411634641,0.9312528248540227,2,out4+out13
156,3.0,4.319183172157536,-6.308737049227871,1.1145306102309056,2,out4+out13
157,7.0,5.732050779044481,-3.8928386575598077,0.5199399704222513,3,out2+out4+out13
157,1.0,8.820409048426894,-3.604655570670732,0.8744798807545936,2,out2+out13
157,4.0,13.317381717216875,-6.56269391273803,1.1496175374717397,2,out2+out13
157,8.0,2.162512603745017,-2.462333884263331,0.936306059511185,3,out2+out4+out13
157,9.0,7.953492945084479,-6.508349743286352,0.9265863171317228,2,out4+out13
157,3.0,4.395355815687154,-6.331563427102252,1.109731664122416,2,out4+out13
158,7.0,5.780917662658781,-3.9115988210678667,0.5345725273451059,3,out2+out4+out13
158,1.0,8.869708008965898,-3.596550383056587,0.8803918803050592,2,out2+out13
158,4.0,13.365609083009495,-6.557013388635366,1.158694843013687,2,out2+out13
158,8.0,2.239155286432783,-2.4801005728714323,0.9579393497295204,3,out2+out4+out13
158,9.0,8.23168653044575,-6.680498239779252,0.9713956531619656,3,out2+out4+out13
158,3.0,4.456212437475281,-6.322100974191555,1.1142610011301604,2,out4+out13
159,7.0,5.825507510608811,-3.9579970122946295,0.5349605976514663,3,out2+out4+out13
159,1.0,8.915252770060027,-3.577989347779848,0.8847936041493358,2,out2+out13
159,4.0,13.406822806815118,-6.539166311867646,1.1703478699660526,2,out2+out13
159,8.0,2.3897391687005554,-2.5337428468850947,0.9550920011058588,3,out2+out4+out13
159,9.0,8.034212913740044,-6.525222071515603,0.9248430754845991,2,out4+out13
159,3.0,4.580105906867248,-6.362194775309601,1.1113878861189899,2,out4+out13
160,7.0,5.91337947199648,-4.052245890195525,0.5570132202435227,3,out2+out4+out13
160,1.0,8.947987446039052,-3.5704804943037116,0.8851166283298132,2,out2+out13
160,4.0,13.431388065880673,-6.550231134590581,1.1602697241237911,2,out2+out13
160,8.0,2.5034518941325454,-2.5489248797151856,0.956230165107672,3,out2+out4+out13
160,9.0,8.148980667728994,-6.585456389717394,0.9115822001591147,2,out4+out13
160,3.0,4.685952968238302,-6.369806091531527,1.115375232228527,2,out4+out13
161,7.0,5.971533345918972,-4.128689953181164,0.5865149310905371,3,out2+out4+out13
161,1.0,8.980175214662461,-3.5405953998385655,0.8890844595285695,2,out2+out13
161,4.0,13.442051153174583,-6.556610459881471,1.1569355086043778,2,out2+out13
161,8.0,2.6302423501360193,-2.546680712641726,0.9706490264454151,3,out2+out4+out13
161,9.0,8.238648941291373,-6.633382696971224,0.9123586876438213,2,out4+out13
161,3.0,4.7658283421134975,-6.345566538107199,1.0910888446177247,2,out4+out13
162,7.0,5.98752407060799,-4.1774747067468265,0.60063693768604,3,out2+out4+out13
162,1.0,9.009560898349536,-3.552331408327106,0.8950884738555829,2,out2+out13
162,4.0,13.466220037028812,-6.549509492832744,1.1425241544817162,2,out2+out13
162,8.0,2.789695000118669,-2.5659866121304447,0.9600818831800061,3,out2+out4+out13
162,9.0,8.335729392329172,-6.672573969689018,0.9224552391697768,2,out4+out13
162,3.0,4.8155086833461755,-6.3341302806274165,1.048504412728643,2,out4+out13
163,7.0,6.013807682580804,-4.213877817466551,0.619661378419826,3,out2+out4+out13
163,1.0,8.979985827083706,-3.6655596222205773,0.8758265719878676,2,out2+out13
163,4.0,13.493045731922823,-6.5302348041532134,1.1367374686892795,2,out2+out13
163,8.0,2.8904696521328033,-2.5778222289342456,0.9474041331640303,3,out2+out4+out13
163,9.0,8.538082608599668,-6.826016437778803,1.0214753894144721,3,out2+out4+out13
163,3.0,4.914769880916644,-6.377342179568685,1.025063356587642,2,out4+out13
164,7.0,6.896835391110926,-3.421587009237366,0.9268766014775847,2,out2+out13
164,0.0,8.554083838570609,3.824727628838752,1.066541215230185,2,out2+out13
164,1.0,9.044431909584377,-3.6888221203372358,0.8962351365322597,2,out2+out13
164,4.0,13.537417179947614,-6.507528324023582,1.1412203601800006,2,out2+out13
164,8.0,3.013827820122685,-2.554219807485338,0.9293858736228745,3,out2+out4+out13
164,9.0,8.426192694243841,-6.720968812902521,0.9232377904330158,2,out4+out13
164,3.0,5.026202397381251,-6.408444322039049,1.0254057482110566,2,out4+out13
165,7.0,6.911898413843175,-3.4761625903045594,0.9172987200048198,2,out2+out13
165,0.0,8.586467727427065,3.774064695991493,1.0604506327856014,2,out2+out13
165,1.0,9.086470621213303,-3.6997458092801114,0.890631607503443,2,out2+out13
165,4.0,13.570548512983642,-6.474542695892335,1.1470727925315412,2,out2+out13
165,8.0,3.1429697666766927,-2.578631805865522,0.9086245930862019,3,out2+out4+out13
165,9.0,8.432697030849049,-6.725462471399729,0.9193421965317793,2,out4+out13
165,3.0,5.093310316239632,-6.408263635258248,1.0164890855574207,2,out4+out13
166,7.0,6.963394202163011,-3.518421328714639,0.8879430878505233,2,out2+out13
166,0.0,8.652175260625317,3.6898386645243697,1.0573647040243017,2,out2+out13
166,1.0,9.057248472635072,-3.809947986123206,0.8755885635767585,2,out2+out13
166,4.0,13.604251859596934,-6.44876275747167,1.1391170973630598,2,out2+out13
166,8.0,3.320524227637434,-2.6024389518931237,0.8688109766966773,3,out2+out4+out13
166,9.0,8.454581155025537,-6.7510608988892855,0.916311736091757,2,out4+out13
166,3.0,5.15723106147015,-6.399135658295007,1.0352681132778367,2,out4+out13
167,7.0,7.063628686155398,-3.566365262529783,0.8654571988117481,2,out2+out13
167,0.0,8.723578788253077,3.62727132835932,1.0637910618990403,2,out2+out13
167,1.0,9.018323168734492,-3.9122509940758383,0.8506238332994529,2,out2+out13
167,4.0,13.638535655704388,-6.426194781312488,1.1092970632686499,2,out2+out13
167,8.0,3.4258489438820674,-2.637593895935936,0.8438287038391916,3,out2+out4+out13
167,9.0,8.470867542712563,-6.760162575913755,0.9128744442306475,2,out4+out13
167,3.0,5.210768755767842,-6.383813092696108,1.0555794113098889,2,out4+out13
168,7.0,7.104642548433548,-3.682989270975277,0.830099666469652,2,out2+out13
168,0.0,8.748376553100641,3.537696508369344,1.0393323810363784,2,out2+out13
168,1.0,9.064590642285753,-3.902115666393896,0.8663734585277735,2,out2+out13
168,4.0,13.690177590224266,-6.358756881287049,1.10600914855071,2,out2+out13
168,8.0,3.4938194423364384,-2.6612544203757498,0.8517476836215051,3,out2+out4+out13
168,9.0,8.507621925086822,-6.766429036381506,0.9060412933257967,2,out4+out13
168,3.0,5.240981601998627,-6.366227756829747,1.0694157092901946,2,out4+out13
169,7.0,7.141773437496803,-3.7838620489594574,0.7982807000221389,2,out2+out13
169,0.0,8.749477705563544,3.458448505439309,1.006657230063671,2,out2+out13
169,1.0,9.008492606985605,-3.980402795913525,0.8392075029878705,2,out2+out13
169,4.0,13.7524847914997,-6.286713849613523,1.1055844537061683,2,out2+out13
169,8.0,3.567165931316595,-2.7340838221857027,0.8889674323992873,3,out2+out4+out13
169,9.0,8.544480694956428,-6.7727430287726005,0.8991784809257589,2,out4+out13
169,3.0,5.246722528101594,-6.322977742030281,1.083317356386356,2,out4+out13
170,7.0,7.171268448627923,-3.8956425635505765,0.7586021317289913,2,out2+out13
170,0.0,8.752313284511674,3.3926176170948508,0.9822237077641404,2,out2+out13
170,1.0,8.995819286620257,-4.031554732046634,0.8285351070547221,2,out2+out13
170,4.0,13.794779993044168,-6.234677358353356,1.118264281290868,2,out2+out13
170,8.0,3.676282901093265,-2.7485086425176304,0.8652768687756396,3,out2+out4+out13
170,9.0,8.580030387638738,-6.7917824028628315,0.9078705238943856,2,out4+out13
170,3.0,5.250589575742325,-6.289963362701884,1.0879628128399326,2,out4+out13
171,7.0,7.218714755832455,-3.9033026135416833,0.7205960036948977,2,out2+out13
171,0.0,8.714460262864888,3.3445827779416493,0.9415780130208992,2,out2+out13
171,1.0,8.983064912603115,-4.057650715519682,0.8215547965202941,2,out2+out13
171,4.0,13.811304402796274,-6.216342965250001,1.1323231597452197,2,out2+out13
171,8.0,4.541487145383284,-2.196711325247394,0.9431357964053478,2,out2+out13
171,9.0,8.642925129462993,-6.812715226637327,0.9091911231265136,2,out4+out13
171,3.0,5.291289848807196,-6.263997383969989,1.0770277660134406,2,out4+out13
172,7.0,7.273980401306065,-3.8708578763109274,0.7051173883749478,2,out2+out13
172,0.0,8.702086366565734,3.3345924627345362,0.9291661996045887,2,out2+out13
172,1.0,8.99046875510541,-4.0747793027573245,0.8289410972804085,2,out2+out13
172,4.0,13.844132081934122,-6.149275270529709,1.1411963822617506,2,out2+out13
172,8.0,3.923011736100921,-2.8015154811647442,0.7143643666585491,3,out2+out4+out13
172,9.0,9.034396737091816,-7.052615907254996,0.9791567155963031,3,out2+out4+out13
172,3.0,5.34415567776448,-6.233872211707953,1.060304608304836,2,out4+out13
173,7.0,7.293446961172896,-3.8530985042497066,0.7039397647076313,2,out2+out13
173,0.0,8.662080592180569,3.307208562274873,0.8980287057539624,2,out2+out13
173,1.0,8.997271932737519,-4.136705628489358,0.839663322860913,2,out2+out13
173,4.0,13.854905502032539,-6.1529999484937035,1.129937589315025,2,out2+out13
173,8.0,4.00662254972734,-2.841102340624861,0.694088210561043,3,out2+out4+out13
173,9.0,9.085718577491077,-7.077726168709703,0.9790265002165549,3,out2+out4+out13
174,7.0,6.699437483291928,-4.477886200658862,0.5078066216533339,3,out2+out4+out13
174,0.0,8.708171430318767,3.322104413438013,0.9079729940862094,2,out2+out13
174,1.0,9.022540055585944,-4.180558848856711,0.8497235946543501,2,out2+out13
174,4.0,13.857587707559397,-6.144423530090016,1.146502666857079,2,out2+out13
174,8.0,4.0970400940480545,-2.867998548578565,0.6480823312993315,3,out2+out4+out13
174,9.0,9.140691445638577,-7.0812343561658375,0.9780653047006714,3,out2+out4+out13
174,2.0,4.592651090543504,2.637481244676763,0.854916859540115,2,out2+out13
174,3.0,5.44228895007449,-6.161831941001067,0.965733165800475,2,out4+out13
175,7.0,6.696560992588586,-4.479170271461336,0.5164488217138762,3,out2+out4+out13
175,0.0,8.750387505939353,3.3067386182716763,0.9152546997842889,2,out2+out13
175,1.0,9.026231760363617,-4.2541797645300665,0.8733359501612572,2,out2+out13
175,4.0,13.871397792803021,-6.134614302652506,1.1439849720431734,2,out2+out13
175,8.0,4.9261249228128685,-2.2916819011939094,0.867038087408397,2,out2+out13
175,9.0,9.180206011474917,-7.088077237659375,0.9728443301199726,3,out2+out4+out13
175,2.0,4.594132119386581,2.6466874412342265,0.8532953429653073,2,out2+out13
175,3.0,5.4796697550078886,-6.128645804397224,0.9012394454079924,2,out4+out13
176,7.0,6.6623201875393425,-4.491703531044077,0.5260278524773591,3,out2+out4+out13
176,0.0,8.788862669033605,3.2920247573395764,0.908807025075107,2,out2+out13
176,1.0,9.043971943264296,-4.292266824409352,0.8964132196281137,2,out2+out13
176,4.0,13.888290975263324,-6.11966342047026,1.1363972039422727,2,out2+out13
176,8.0,4.22167183598941,-2.9530117200144406,0.5880255759710566,3,out2+out4+out13
176,2.0,4.7474413934585415,2.7232299297703713,0.8440913018549504,2,out2+out13
176,9.0,8.952432508657989,-6.908125071424594,0.8935546610399722,2,out4+out13
176,3.0,5.504996830836194,-6.0780334119004715,0.8596473605068697,2,out4+out13
177,7.0,6.634877673049253,-4.499398119826143,0.5416823648832281,3,out2+out4+out13
177,0.0,8.89187737657389,3.3058273717700946,0.9256660926654049,2,out2+out13
177,1.0,9.052768267882906,-4.347764633980885,0.9003599378795065,2,out2+out13
177,4.0,13.914020937584183,-6.085802434111734,1.1352610409614834,2,out2+out13
177,8.0,4.311112956199833,-2.941366835923424,0.5322273618658923,3,out2+out4+out13
177,2.0,4.938094327204008,2.799488278647555,0.8512648790146433,2,out2+out13
177,9.0,9.270117363732425,-7.090538218124908,0.960377709205527,3,out2+out4+out13
178,7.0,6.624149507201413,-4.49543322667839,0.5537883208282579,3,out2+out4+out13
178,0.0,8.99181195668969,3.3346825681894887,0.9598429600098826,2,out2+out13
178,1.0,9.075203021634783,-4.393882222457669,0.9031194368499125,2,out2+out13
178,4.0,14.006203650871708,-5.950310344488291,0.9864858837256835,2,out2+out13
178,8.0,4.198485711439356,-2.9972751955992796,0.4767490915659393,2,out2+out4
178,2.0,5.065345554521714,2.813142689661499,0.8730159200076347,2,out2+out13
178,9.0,9.336949394153857,-7.085320952297457,0.9497697743649953,3,out2+out4+out13
178,3.0,5.495223700188203,-6.016764970926046,0.8315715789069671,2,out4+out13
179,7.0,6.6315111866110525,-4.5117491399962795,0.5621312331548771,3,out2+out4+out13
179,0.0,8.991979525952061,3.3137222542803655,0.9457656959594165,2,out2+out13
179,1.0,9.090139921661416,-4.523792397016292,0.9041771781839745,2,out2+out13
179,4.0,14.070800509415516,-5.865496258408139,0.9445433835390263,2,out2+out13
179,8.0,4.419786442141129,-2.9878535305232248,0.47787655708488674,3,out2+out4+out13
179,2.0,5.13545268662223,2.803859217845719,0.8115116593476799,2,out2+out13
179,9.0,9.417474820392261,-7.086740627094556,0.943617768962861,3,out2+out4+out13
179,3.0,5.4758858711828005,-5.979692243132284,0.8490244744730898,2,out4+out13
180,7.0,6.654746568184031,-4.5132850216887785,0.5490765301557713,3,out2+out4+out13
180,0.0,9.038234116471877,3.3271613597382474,0.9375864211971499,2,out2+out13
180,1.0,9.113708233536434,-4.634451894883921,0.9017635903061001,2,out2+out13
180,4.0,14.113226815803834,-5.817196341146235,0.9371879895130535,2,out2+out13
180,8.0,5.274306116584388,-2.250095279412557,0.7151965983909663,2,out2+out13
180,2.0,5.261116215893039,2.795111735697297,0.7857684454322237,2,out2+out13
180,9.0,9.47080231273242,-7.100824652540523,0.9255474275294142,3,out2+out4+out13
180,3.0,5.413621963300591,-5.93254262764576,0.870252941117306,2,out4+out13
181,7.0,6.675977762184566,-4.517267336656895,0.5339722858525888,3,out2+out4+out13
181,0.0,9.089755519148433,3.308524847200869,0.9127266884292711,2,out2+out13
181,1.0,9.138509152962339,-4.70988133330839,0.910954130929481,2,out2+out13
181,4.0,14.143026063864816,-5.789622651009456,0.9492861014475229,2,out2+out13
181,8.0,5.308537761116574,-2.195102373544911,0.7271005667401308,2,out2+out13
181,2.0,5.545313468511543,2.8458145651796083,0.8320653721482643,2,out2+out13
181,9.0,9.075039087125623,-6.841089007812721,0.8738894160692783,2,out4+out13
181,3.0,5.34610333199482,-5.869654594832908,0.9054585097754191,2,out4+out13
182,7.0,6.698402156116858,-4.5105539572677875,0.5136950115223897,3,out2+out4+out13
182,0.0,9.10355857553646,3.270356437219962,0.935815401398554,2,out2+out13
182,1.0,9.157846844242872,-4.7259321745557195,0.8986741666253321,2,out2+out13
182,4.0,14.174302060161553,-5.741967835903393,0.9608765605580859,2,out2+out13
182,8.0,5.306382925822004,-2.142130063981436,0.7450716571662309,2,out2+out13
182,2.0,5.66331901785435,2.840649239614116,0.8470424720030614,2,out2+out13
182,9.0,9.59741076249934,-7.099273810404364,0.8022184575363552,3,out2+out4+out13
182,3.0,5.26830825962683,-5.78830699918828,0.9423506397737357,2,out4+out13
183,7.0,6.706336460120614,-4.502325086253863,0.5044451267896268,3,out2+out4+out13
183,0.0,9.151392005088692,3.236478221202307,0.8978643058041988,2,out2+out13
183,1.0,9.208785746729315,-4.704595027468499,0.8913415440215996,2,out2+out13
183,4.0,14.207130363584266,-5.674156587867385,0.9721491670236293,2,out2+out13
183,8.0,5.277606097051972,-2.049474953742389,0.7769461460772555,2,out2+out13
183,2.0,5.757420185073444,2.8621201349882726,0.8539452353858832,2,out2+out13
183,9.0,9.613894326545553,-7.093458275161856,0.8037475899997223,3,out2+out4+out13
183,3.0,5.169671276051041,-5.7089922402670945,0.9800486798715572,2,out4+out13
184,7.0,6.701210108072369,-4.498850275997062,0.49231303415435257,3,out2+out4+out13
184,0.0,9.147265940784985,3.1999426649477196,0.8933086359968843,2,out2+out13
184,1.0,9.20183188459555,-4.769936856850614,0.882029004045026,2,out2+out13
184,4.0,14.232115079139934,-5.636660036262046,0.9934296284642901,2,out2+out13
184,8.0,5.253347666592562,-1.952582238030498,0.8028432531325461,2,out2+out13
184,2.0,5.809646803414641,2.8718079694528957,0.8708861203307858,2,out2+out13
184,9.0,9.622673328531143,-7.086129768112667,0.7983824571135612,3,out2+out4+out13
184,3.0,5.101739970965955,-5.635008137462772,1.0112449418434428,2,out4+out13
185,7.0,6.7027850463389465,-4.487123499806706,0.4890086527013418,3,out2+out4+out13
185,0.0,9.232893116633614,3.2199354044302013,0.8383674095766954,2,out2+out13
185,1.0,9.184513690440832,-4.811314212130429,0.8879640484602463,2,out2+out13
185,4.0,14.259193611630401,-5.573471953349523,1.0068396755894486,2,out2+out13
185,8.0,5.264486978057578,-2.002947560764085,0.7847404787431721,2,out2+out13
185,2.0,5.894225597035205,2.8849710376700535,0.870116536189461,2,out2+out13
185,9.0,9.63872284747596,-7.093983761932416,0.8031871562910046,3,out2+out4+out13
185,3.0,5.064125584178301,-5.57588574966191,1.0304332775703768,2,out4+out13
186,7.0,6.680884116624238,-4.486318224130484,0.4952603813837151,3,out2+out4+out13
186,0.0,9.228781100823467,3.1826315060336574,0.7965624229588157,2,out2+out13
186,1.0,9.198345322682437,-4.815543910457832,0.8986879274884094,2,out2+out13
186,4.0,14.285126354503458,-5.534210739062343,0.9994309173350447,2,out2+out13
186,8.0,5.2675425664101505,-1.7914194958160334,0.816144268518182,2,out2+out13
186,2.0,6.01910130826222,2.908259456029208,0.8638689167018351,2,out2+out13
186,9.0,9.662042090391472,-7.09236974250291,0.7984820913128539,3,out2+out4+out13
186,3.0,5.013103615696905,-5.525125653714591,1.0561250724298301,2,out4+out13
187,7.0,6.648817759519037,-4.481198426203071,0.49233008681288104,3,out2+out4+out13
187,0.0,9.278156605768357,3.1873824231447303,0.7817041513939442,2,out2+out13
187,1.0,9.22497661319169,-4.82408322540013,0.8977251244817148,2,out2+out13
187,4.0,14.30960266233863,-5.4798552464239965,0.9966348346276839,2,out2+out13
187,8.0,5.220930679157118,-1.8177591989567286,0.7681684802017359,2,out2+out13
187,2.0,6.138443008289586,2.897856787541076,0.8473718026826125,2,out2+out13
187,9.0,9.684856107605336,-7.103449593727162,0.7979334341959563,3,out2+out4+out13
187,3.0,4.972725250558413,-5.479149651605748,1.0706115699740473,2,out4+out13
188,7.0,6.635501356566197,-4.464729077186708,0.4903633232466301,3,out2+out4+out13
188,0.0,9.302699948619395,3.188333485641059,0.7646777646475617,2,out2+out13
188,1.0,9.227772279076113,-4.862983399507185,0.9256814612878037,2,out2+out13
188,4.0,14.31565506251407,-5.460534677231119,1.0007773016201238,2,out2+out13
188,8.0,5.23644479047153,-1.656529117313374,0.7879833117482109,2,out2+out13
188,2.0,6.291815552011952,2.888162906919467,0.823548948429366,2,out2+out13
188,9.0,9.720191782870048,-7.107751237593166,0.7977491704552857,3,out2+out4+out13
188,3.0,4.938633459362619,-5.4103967914023325,1.0625658662713497,2,out4+out13
189,7.0,6.629498111561472,-4.457593501590929,0.4824348181216751,3,out2+out4+out13
189,4.0,14.340919232781863,-5.418943371651463,0.9636472023117202,2,out2+out13
189,8.0,5.264373883529736,-1.5058732326513717,0.7918207532972189,2,out2+out13
189,2.0,6.4262333754015355,2.852694827315226,0.8049651276563685,2,out2+out13
189,9.0,9.748410601710814,-7.112378761469152,0.8044793111230679,3,out2+out4+out13
189,3.0,4.891992787928747,-5.321319086805914,1.0469678810783594,2,out4+out13
190,7.0,6.5863023543284855,-4.4474901260372235,0.4740034359867386,3,out2+out4+out13
190,4.0,14.378667326743516,-5.347516519020088,0.9218582800691217,2,out2+out13
190,8.0,5.219080625279579,-1.4255907243051928,0.7828389826996914,2,out2+out13
190,9.0,9.76738308802554,-7.11010066872582,0.803496150325432,3,out2+out4+out13
190,3.0,4.859496523815647,-5.229992490641401,1.024201378168202,2,out4+out13
191,7.0,6.515954378220332,-4.414398819582114,0.49290002579610076,3,out2+out4+out13
191,4.0,14.419185767633383,-5.266768059134679,0.8971127452610433,2,out2+out13
191,8.0,5.232188980662689,-1.2214758268982129,0.8153047197533642,2,out2+out13
191,9.0,9.786024746471046,-7.095920192053488,0.7975448222265813,3,out2+out4+out13
191,3.0,4.83194531436517,-5.128483236505601,0.9787050471643425,2,out4+out13
192,7.0,6.391692844112789,-4.4455360180394035,0.4475647839161215,3,out2+out4+out13
192,4.0,14.436979256792542,-5.264895932288374,0.8563647297921552,2,out2+out13
192,8.0,5.227446372220366,-1.102221232329085,0.820845231685972,2,out2+out13
192,9.0,9.794406663751317,-7.086734049697274,0.799271738173608,3,out2+out4+out13
192,3.0,4.852202255787042,-5.058652593044249,0.9131520778057098,3,out2+out4+out13
193,7.0,6.298862530532232,-4.471182839215712,0.43165746882589673,3,out2+out4+out13
193,4.0,14.462601209697182,-5.226139026721698,0.8497648869282726,2,out2+out13
193,8.0,5.1975160055983824,-1.137448798804509,0.7958015112746002,2,out2+out13
193,9.0,9.800011995576572,-7.0895992822889635,0.7986820805928201,3,out2+out4+out13
193,3.0,4.737592770547327,-4.95505656554254,0.8823627946062651,3,out2+out4+out13
194,7.0,6.215851619648745,-4.451599555596544,0.43263447785949655,3,out2+out4+out13
194,0.0,9.348612655893604,3.3012801937781746,0.9329024435673808,2,out2+out13
194,4.0,14.514904957989645,-5.173747976339146,0.8471753407849746,2,out2+out13
194,8.0,5.196752810429202,-0.7662771751244709,0.8517157231961535,2,out2+out13
194,2.0,7.148890008796911,2.8382480249989475,0.866273041957826,2,out2+out13
194,9.0,9.794406663751317,-7.086734049697274,0.799271738173608,3,out2+out4+out13
194,3.0,4.676228960150395,-4.905316971886862,0.8676153630214182,3,out2+out4+out13
195,7.0,6.206169391013225,-4.379980691032144,0.5024772306385612,3,out2+out4+out13
195,0.0,9.36254242410214,3.3300052721637305,0.9047002034104618,2,out2+out13
195,4.0,14.532873949348389,-5.129639464633672,0.8546640903942204,2,out2+out13
195,8.0,5.25374801469156,-0.5178649082586749,0.8918699826583348,2,out2+out13
195,2.0,7.315899602502298,2.9039488386770973,0.8792227965208538,2,out2+out13
195,9.0,9.787038819762268,-7.0829297054510345,0.7997821664194679,3,out2+out4+out13
195,3.0,4.61607093739577,-4.86489685665106,0.849450193580983,3,out2+out4+out13
196,7.0,6.1553899646351615,-4.3500345124088815,0.5010029946180867,3,out2+out4+out13
196,4.0,14.56099277512155,-5.086069572430277,0.8724717200329898,2,out2+out13
196,8.0,5.222958303684546,-0.3544661246527364,0.9068931741897417,2,out2+out13
196,2.0,7.415291974395004,2.831920442863169,0.8462014291190882,2,out2+out13
196,9.0,9.766893527526454,-7.08353327754087,0.8071776929293444,3,out2+out4+out13
196,3.0,4.602948268940851,-4.841294339722667,0.8513731419358054,3,out2+out4+out13
197,7.0,6.101732777599582,-4.338838442121173,0.4813409009749133,3,out2+out4+out13
197,4.0,14.595520477595644,-5.031968425001104,0.8815273810270599,2,out2+out13
197,8.0,5.228119181843025,-0.24776366697437172,0.9159264159010324,2,out2+out13
197,2.0,7.4749653923527175,2.820238839584155,0.824215288129492,2,out2+out13
197,9.0,9.757749100076289,-7.07881004438364,0.807601081475091,3,out2+out4+out13
197,3.0,4.593092094874974,-4.801341309023434,0.8629467400559404,3,out2+out4+out13
198,7.0,6.065316498363851,-4.3201372598093615,0.4494398892614525,3,out2+out4+out13
198,4.0,14.61680368879833,-4.986924576555074,0.8925397856584243,2,out2+out13
198,8.0,5.22957077775671,-0.16400666874132264,0.9268838417731357,2,out2+out13
198,3.0,4.738486039449512,-4.526346461249837,0.8776494754391497,2,out2+out13
198,9.0,9.26759448759044,-6.826220100455627,0.8635803351514307,2,out4+out13
199,7.0,5.983573372586665,-4.346883495071945,0.3807411604535954,3,out2+out4+out13
199,12.0,8.7013853570073,-0.22253986908267281,0.9560646636520425,2,out2+out13
199,4.0,14.634917278782984,-4.947012560884909,0.9079768284180152,2,out2+out13
199,8.0,5.289192672475863,-0.023710003350710558,0.876225461348909,2,out2+out13
199,2.0,7.384825868817731,2.7181855566212456,0.8000183338739125,2,out2+out13
199,3.0,4.543183447693932,-4.631076733302447,0.8922590910786115,3,out2+out4+out13
199,9.0,9.691589227379792,-7.044567869635299,0.8182900518680243,3,out2+out4+out13
200,7.0,5.957276231613618,-4.27770645918776,0.37838750950099176,3,out2+out4+out13
200,12.0,8.71710393689016,-0.18782191403382015,0.9629197557910882,2,out2+out13
200,4.0,14.66275888119311,-4.886550374617431,0.9029389572973954,2,out2+out13
200,8.0,5.327424010357417,0.09163177140571652,0.8634891112203191,2,out2+out13
200,2.0,7.559368382141711,2.772165617399868,0.8569894795003723,2,out2+out13
200,3.0,4.512413198857311,-4.54260805193534,0.9167811031476956,3,out2+out4+out13
200,9.0,9.666665996854498,-7.033170849317949,0.8235990982279001,3,out2+out4+out13
201,7.0,5.7994000232085545,-4.369388412805594,0.3324082534642447,3,out2+out4+out13
201,12.0,8.707611869075382,-0.16135912262963834,0.9416726444846297,2,out2+out13
201,4.0,14.679150822021942,-4.87694367640569,0.9044674980408673,2,out2+out13
201,8.0,5.356102754298412,0.25714946421543383,0.8582038582917307,2,out2+out13
201,3.0,4.441842105307677,-4.429564953195647,0.9410670846498581,3,out2+out4+out13
201,9.0,9.637528173837454,-7.0180907360103735,0.8254236843532293,3,out2+out4+out13
202,7.0,5.733198151342831,-4.383292247043123,0.31592041584902253,3,out2+out4+out13
202,12.0,8.75517228071848,-0.0887579961293593,0.9287131478264967,2,out2+out13
202,4.0,14.690680798189693,-4.830628250371029,0.9057440774219883,2,out2+out13
202,8.0,5.4297619036896565,0.4255363779749747,0.8632900359205221,2,out2+out13
202,3.0,4.4558297622473155,-4.322833341525427,1.0168154125545432,3,out2+out4+out13
202,9.0,9.841153230168013,-6.678529169960618,0.9324155755438149,2,out2+out13
202,2.0,7.6486666633375275,2.8142341792292127,0.8412742050108745,2,out2+out13
203,7.0,5.683589105761826,-4.390053702160574,0.30223801113018556,3,out2+out4+out13
203,12.0,8.707634199197782,-0.08084292476577307,0.8888610415002136,2,out2+out13
203,4.0,14.696523437580444,-4.8111144913213915,0.9102458267618512,2,out2+out13
203,8.0,5.463820963003925,0.6042930260283877,0.870232475675656,2,out2+out13
203,3.0,4.419610260045013,-4.2570688216106145,1.0292864767471341,3,out2+out4+out13
203,9.0,9.792327502728876,-6.679249178293227,0.9273401758452047,2,out2+out13
203,2.0,7.695117043540631,2.809179234066225,0.8237423909648588,2,out2+out13
204,7.0,5.666841008733307,-4.397841548711344,0.2896493102288125,3,out2+out4+out13
204,12.0,8.759983864045529,-0.003938442822587169,0.8548660773334088,2,out2+out13
204,4.0,14.689851389488323,-4.809670705566392,0.9034616885831817,2,out2+out13
204,8.0,5.488732992675014,0.7777820595660484,0.8771855977622903,2,out2+out13
204,3.0,4.355959785518892,-4.187530174232267,0.9723977876944824,3,out2+out4+out13
204,9.0,9.783155160178943,-6.650247880048666,0.9249954418050322,2,out2+out13
204,2.0,7.723200207008017,2.8359346026485484,0.8248543938849427,2,out2+out13
205,7.0,7.0112275590858095,-3.035713999451548,0.7365908139069074,2,out2+out13
205,12.0,8.82493063322319,0.06976159519941509,0.8429923035232149,2,out2+out13
205,4.0,14.695631620689987,-4.782699585618929,0.9003414216706198,2,out2+out13
205,8.0,5.538736142406864,0.9580686282580756,0.8972122171603643,2,out2+out13
205,3.0,4.283837695755636,-4.095618811327173,0.9378012613279092,3,out2+out4+out13
205,9.0,9.76412416690249,-6.649852848691481,0.9230199447333565,2,out2+out13
205,2.0,7.733262138496023,2.838139626203804,0.8107215947484232,2,out2+out13
206,7.0,5.571296316549221,-4.426328081963334,0.24881412930342986,3,out2+out4+out13
206,12.0,8.863102421101765,0.12726414695669128,0.8366913839254874,2,out2+out13
206,4.0,14.70213216662605,-4.7721336003087504,0.8918807917292164,2,out2+out13
206,8.0,5.586567679670964,1.0478131905702932,0.8633059508426623,2,out2+out13
206,3.0,4.248493748643796,-3.9929374585436754,0.9292850549290398,3,out2+out4+out13
206,9.0,9.740217243605054,-6.663828060023984,0.9251966558752417,2,out2+out13
206,2.0,7.764446150795547,2.8553710881200383,0.8049445982531743,2,out2+out13
207,7.0,5.514172057093999,-4.436023567416618,0.23905625165242175,3,out2+out4+out13
207,12.0,8.908228368400076,0.1660528222290442,0.8260947423484359,2,out2+out13
207,4.0,14.730232879899289,-4.723412089873258,0.9026727124964571,2,out2+out13
207,8.0,5.6537259531821045,1.153777914630306,0.8213194704127628,2,out2+out13
207,3.0,4.2463067763724585,-3.9153499773274705,0.8948899072707208,3,out2+out4+out13
207,9.0,9.456931612160068,-7.0005555353321105,0.8807339067408909,3,out2+out4+out13
207,2.0,7.772499399942582,2.866652753548275,0.7595230942984962,2,out2+out13
208,7.0,5.49445552758501,-4.372463576402999,0.246695912963243,3,out2+out4+out13
208,12.0,8.964101188735413,0.2245134861317071,0.8383160096115368,2,out2+out13
208,4.0,14.73016717441714,-4.711266870554756,0.8875530409100799,2,out2+out13
208,8.0,5.713371389080807,1.263069199440366,0.8107168416907701,2,out2+out13
208,3.0,4.236084123829114,-3.8816286827047235,0.8521720404962857,3,out2+out4+out13
208,9.0,9.475627856400802,-6.981737757058328,0.8324847106899957,3,out2+out4+out13
208,2.0,7.7962090509659046,2.8957165643476825,0.7512664890349908,2,out2+out13
209,7.0,6.94898312341911,-2.794425528778525,0.7906368956866913,2,out2+out13
209,12.0,8.92390333480129,0.21490598992499058,0.8011026850658522,2,out2+out13
209,4.0,14.7366918691509,-4.700678564712026,0.8791803313716027,2,out2+out13
209,8.0,5.798788511542292,1.3881530628877015,0.7984256898761343,2,out2+out13
209,3.0,4.248846427151428,-3.8333762403533846,0.8376692778086317,3,out2+out4+out13
209,9.0,9.423596871244154,-6.978335866743566,0.9026975803370161,3,out2+out4+out13
209,2.0,7.8548890946012015,2.942960403522525,0.7670296474321516,2,out2+out13
209,1.0,9.882077159979332,-5.144966655050506,1.1451492627687379,2,out2+out13
210,7.0,6.898717425577686,-2.724034287660282,0.8134693226167599,2,out2+out13
210,12.0,9.047027110266306,0.3410665509064494,0.8608346011861439,2,out2+out13
210,4.0,14.777234775610346,-4.626305520229899,0.8940445695808787,2,out2+out13
210,8.0,5.876876767190243,1.514808354462368,0.7863697295338568,2,out2+out13
210,3.0,4.252555647081928,-3.7978927919276684,0.8351846883886621,3,out2+out4+out13
210,9.0,9.388205730595581,-6.966729170951351,0.9245260446416537,3,out2+out4+out13
210,2.0,7.847881603603339,2.9869330268009024,0.7717533684562684,2,out2+out13
210,1.0,9.835998623568166,-5.154605558891454,1.1308179393788302,2,out2+out13
211,7.0,6.879794279254467,-2.6455829978830208,0.8430485393108335,2,out2+out13
211,12.0,9.080404390614005,0.3937418191723668,0.8760492690868357,2,out2+out13
211,4.0,14.796792074219354,-4.618932016613963,0.899067681649169,2,out2+out13
211,3.0,4.266549174488039,-3.7616338973637062,0.8405414155259788,3,out2+out4+out13
211,9.0,9.356089366296656,-6.951967185149098,0.9351138315748069,3,out2+out4+out13
211,2.0,7.810483950429161,3.0452269122470725,0.7701050100362524,2,out2+out13
211,1.0,9.855422627905517,-5.152866879495314,1.136887640555308,2,out2+out13
212,7.0,6.85743072979849,-2.5868080615792572,0.8604063730000895,2,out2+out13
212,12.0,9.072469605639078,0.42538485204393695,0.8831351970726734,2,out2+out13
212,4.0,14.832027916401616,-4.5805673150931225,0.9038711728368642,2,out2+out13
212,8.0,6.039105727728914,1.8686294154264067,0.8533617689243126,2,out2+out13
212,3.0,4.250617213428327,-3.6977986982214937,0.8611786826407404,3,out2+out4+out13
212,9.0,9.310984959746074,-6.931456298320855,0.950626065601902,3,out2+out4+out13
212,2.0,7.789400899182056,2.979656442545791,0.7309243499825402,2,out2+out13
213,7.0,6.843473244771771,-2.5562176754899064,0.8570922765523109,2,out2+out13
213,12.0,9.082850204294628,0.47941073482990776,0.9023468110284159,2,out2+out13
213,4.0,14.856963297548843,-4.529178080683069,0.9119101619745779,2,out2+out13
213,8.0,6.113566270293039,2.0135164664980922,0.9279176854052917,2,out2+out13
213,3.0,4.2171595755314994,-3.6009586169453303,0.8860569927040187,3,out2+out4+out13
213,9.0,9.281354376338532,-6.904086568630634,0.9576628611538771,3,out2+out4+out13
213,2.0,7.772165519826432,2.9869971069130172,0.7226708676902387,2,out2+out13
214,7.0,6.83333053560546,-2.5057898590319434,0.8512461548898331,2,out2+out13
214,12.0,9.096618879887888,0.5472168559582394,0.9167417286967823,2,out2+out13
214,4.0,14.878704003953667,-4.482933726916621,0.9241717520350246,2,out2+out13
214,8.0,6.106766110459968,2.0738197065321797,0.9139304102020318,2,out2+out13
214,3.0,4.1732478024185795,-3.507116159361624,0.9128452576898041,3,out2+out4+out13
214,2.0,7.775714218312657,3.0096854953690673,0.7229929936856628,2,out2+out13
214,1.0,9.916444071886408,-5.201102235297706,1.150218667763313,2,out2+out13
214,9.0,8.828110027606845,-6.613478018398385,0.8734051590817514,2,out4+out13
215,7.0,6.7988975426070875,-2.4915719073596967,0.833564784479712,2,out2+out13
215,12.0,9.111814114256985,0.5952383585977933,0.9271383598714589,2,out2+out13
215,4.0,14.900277529744082,-4.432156934947487,0.928933930395088,2,out2+out13
215,8.0,6.091921926268964,2.1297721072978844,0.9102261933725561,2,out2+out13
215,3.0,4.159735050974611,-3.3959603890447725,0.922325296521397,3,out2+out4+out13
215,2.0,7.74418042464444,3.011601386539591,0.7179292718365354,2,out2+out13
215,1.0,9.877520661906733,-5.18659143615371,1.1519292083647263,2,out2+out13
215,9.0,8.770921559516447,-6.583508710983689,0.8815796043668552,2,out4+out13
216,7.0,6.762864398476598,-2.4515583224624757,0.8000043958571529,2,out2+out13
216,12.0,9.127459663554834,0.6366139871439069,0.936197068951836,2,out2+out13
216,4.0,14.940595879253516,-4.34070359150617,0.9224180990311771,2,out2+out13
216,3.0,4.138878046230429,-3.3109136090459432,0.9414430494648384,3,out2+out4+out13
216,2.0,7.768403983920307,3.0431928321154977,0.7253724828503508,2,out2+out13
216,1.0,9.847150436730026,-5.155779174856014,1.1418793569498902,2,out2+out13
216,9.0,8.717142921713956,-6.555820963406474,0.8877508528211264,2,out4+out13
217,7.0,6.736298280955971,-2.3557203762156953,0.7942797741190777,2,out2+out13
217,12.0,9.16329370192839,0.7236937465487681,0.933554728586855,2,out2+out13
217,4.0,14.971238945245794,-4.252980815539099,0.9138084501310039,2,out2+out13
217,3.0,4.108749122482041,-3.236739185948401,0.9369345331012334,3,out2+out4+out13
217,2.0,7.747720275539399,3.069099261935325,0.7261691205397228,2,out2+out13
217,1.0,9.781363955604034,-5.1445348224282474,1.12777704953851,2,out2+out13
217,9.0,8.636843081951492,-6.514489719527357,0.8969611482712826,2,out4+out13
218,7.0,6.646712920992789,-2.3461921355261643,0.7694868071598125,2,out2+out13
218,12.0,9.190049522195967,0.8179877359084937,0.9234632719477265,2,out2+out13
218,4.0,14.955203010002853,-4.2210538725037505,0.8888878596930077,2,out2+out13
218,3.0,4.099687003152316,-3.151896689238735,0.9097055914914423,3,out2+out4+out13
218,2.0,7.775253626966011,3.115174067870879,0.7513634656319969,2,out2+out13
218,9.0,8.544356993766224,-6.465308098311021,0.8969285875802573,2,out4+out13
219,7.0,6.625795115503645,-2.2989971310048976,0.7500247694923172,2,out2+out13
219,12.0,9.243859303907842,0.8995755925261173,0.9030994086522102,2,out2+out13
219,4.0,14.964414122192114,-4.145027212810659,0.8799359316438244,2,out2+out13
219,3.0,4.068166371917632,-3.073814547765646,0.887139041774241,3,out2+out4+out13
219,2.0,7.773773943616092,3.213403101022464,0.7791167571422858,2,out2+out13
219,9.0,8.471882288317964,-6.439201459475178,0.8960943918428785,2,out4+out13
220,7.0,6.636996468154754,-2.2444457471180135,0.7521150858466141,2,out2+out13
220,12.0,9.251661554052387,0.9213545225446887,0.8816589999820064,2,out2+out13
220,4.0,14.958552373600249,-4.105665407994789,0.8501288230599157,2,out2+out13
220,3.0,4.039521949878883,-3.00780291401354,0.8421787804001514,3,out2+out4+out13
220,2.0,7.785538282663613,3.299912554059944,0.8041440267444967,2,out2+out13
220,9.0,8.43228769821377,-6.418824659316681,0.9006550510795286,2,out4+out13
221,7.0,6.631287500070919,-2.2388205650405806,0.7387653038744351,2,out2+out13
221,12.0,9.230397603982054,0.9042891086431011,0.8640172077929302,2,out2+out13
221,4.0,14.978140310105257,-4.026186055505444,0.8442913889313961,2,out2+out13
221,3.0,3.9888315808342973,-2.9501191475035906,0.8252321608612323,3,out2+out4+out13
221,2.0,7.781556705431582,3.2748836423843475,0.8030631157285362,2,out2+out13
221,9.0,8.409369467944972,-6.393785770057597,0.9034256275366559,2,out4+out13
222,7.0,6.635014530076488,-2.216200544386948,0.7318419406898944,2,out2+out13
222,12.0,9.180128066044238,0.8632984872387983,0.8358876401844307,2,out2+out13
222,4.0,14.973101918144705,-4.002615865547804,0.8366996088467109,2,out2+out13
222,3.0,3.953498612514115,-2.9019304081661477,0.7950608445702061,3,out2+out4+out13
222,2.0,7.790844406927339,3.279900605011203,0.8087639401213914,2,out2+out13
222,9.0,8.379694895308173,-6.377984162875753,0.9084471908488385,2,out4+out13
223,7.0,6.642389266202058,-2.184440488520488,0.7409984489833823,2,out2+out13
223,12.0,9.267269116363693,0.9091084924714995,0.8643841748001506,2,out2+out13
223,4.0,14.96509196936608,-3.984363516150195,0.8329764246124282,2,out2+out13
223,3.0,3.9134102080373165,-2.8569363189811363,0.7833958271708394,3,out2+out4+out13
223,2.0,7.790844406927339,3.279900605011203,0.8087639401213914,2,out2+out13
223,9.0,8.370904182496883,-6.3709962877341475,0.8865667868096831,2,out4+out13
224,7.0,6.652270118582551,-2.122317523426026,0.759956441768306,2,out2+out13
224,12.0,9.312363493108188,0.9208987598705788,0.8812014350355202,2,out2+out13
224,4.0,14.990262630942578,-3.9283735016442507,0.8351695836486024,2,out2+out13
224,3.0,3.869341851540666,-2.816970185817469,0.7745221565579777,3,out2+out4+out13
224,2.0,7.781382798693128,3.23515659172504,0.7928067976295713,2,out2+out13
224,8.0,5.968900183019264,3.272175928105271,0.922322054547269,2,out2+out13
224,9.0,8.35441628882073,-6.36197664364129,0.8900830486643577,2,out4+out13
225,7.0,6.655773554067558,-2.0573178754563384,0.7855328239505506,2,out2+out13
225,12.0,9.293994588720153,0.8883145217805236,0.8700264529752071,2,out2+out13
225,4.0,15.005235002831771,-3.8886972644449016,0.8486305521519633,2,out2+out13
225,3.0,3.8113376432115698,-2.7838093604549727,0.7788076707538029,3,out2+out4+out13
225,2.0,7.740021103617706,3.277501694862409,0.792451279883423,2,out2+out13
225,8.0,5.97827045288831,3.2321639327255984,0.9382222327357199,2,out2+out13
225,9.0,8.324801773676402,-6.346210021675836,0.8951191902716676,2,out4+out13
226,7.0,6.6676081982870565,-1.9706584236012592,0.8238193731167911,2,out2+out13
226,12.0,9.356051448521495,0.9141614796634366,0.8846764182803227,2,out2+out13
226,4.0,15.008355954255293,-3.877924914408318,0.8650672934356747,2,out2+out13
226,3.0,3.7652597970543673,-2.7653074126098662,0.7788048665854884,3,out2+out4+out13
226,2.0,7.717030327588086,3.2466239901250318,0.8001478847034291,2,out2+out13
226,9.0,8.315049497364255,-6.327971028276355,0.8964206670711272,2,out4+out13
227,7.0,6.67440067245118,-1.885282663533048,0.8629212154081951,2,out2+out13
227,12.0,9.342056738816034,0.8710148990852433,0.8612234563109631,2,out2+out13
227,4.0,15.001585284578695,-3.888799612894736,0.8725008508586312,2,out2+out13
227,3.0,3.7352641992833657,-2.7556807542771744,0.7845818212202383,3,out2+out4+out13
227,2.0,7.698654673414823,3.2559158264524295,0.8125852812261716,2,out2+out13
227,9.0,8.288295337440527,-6.302080434874687,0.9118456770627472,2,out4+out13
228,7.0,6.673969709915839,-1.834807060973275,0.882166478521574,2,out2+out13
228,12.0,9.421308474700506,0.9046143199363723,0.8784604734487708,2,out2+out13
228,4.0,15.01646141651431,-3.8435480619267546,0.9060660507510855,2,out2+out13
228,3.0,3.7236290541415156,-2.7456816443238696,0.7649931864870787,3,out2+out4+out13
228,2.0,7.693617670987278,3.2803582142075833,0.8079196893499013,2,out2+out13
228,9.0,8.282404893180631,-6.296437715335255,0.9051826945613779,2,out4+out13
229,7.0,6.68602035554324,-1.7907409948506026,0.88812440380224,2,out2+out13
229,12.0,9.44145894071691,0.8829294120232327,0.8785210472955285,2,out2+out13
229,4.0,14.99810684689225,-3.857109514782385,0.9351283641110254,2,out2+out13
229,3.0,3.681967995391429,-2.722124760521707,0.7583638547278572,3,out2+out4+out13
229,2.0,7.645943871693091,3.386316463434374,0.7980695246843964,2,out2+out13
229,9.0,8.256078162182051,-6.282919333455461,0.9082300173703051,2,out4+out13
230,7.0,6.646052201517277,-1.795067719738094,0.8734289741644921,2,out2+out13
230,12.0,9.46550650251566,0.8061732984417311,0.8708461114842009,2,out2+out13
230,4.0,15.018083851728353,-3.8197498370613876,0.9544144799900739,2,out2+out13
230,3.0,3.6655699084198123,-2.691244298596934,0.7365475021685843,3,out2+out4+out13
230,2.0,7.5801693949729785,3.3810329083805586,0.7682517782680726,2,out2+out13
230,9.0,8.216665590452973,-6.262684330323509,0.9127911798630393,2,out4+out13
231,7.0,6.62083191089709,-1.7788006317886502,0.8447407400961041,2,out2+out13
231,12.0,9.487552465737334,0.7465325681406594,0.8632175682513686,2,out2+out13
231,4.0,15.034786968937789,-3.7813979112984017,0.9760446856047343,2,out2+out13
231,3.0,3.658656304540666,-2.6913824974407907,0.7440621706221325,3,out2+out4+out13
231,2.0,7.4960847443420695,3.345393909324175,0.761518945940979,2,out2+out13
231,9.0,8.147934058422228,-6.226867485660698,0.922352606743403,2,out4+out13
232,7.0,6.5799909002474966,-1.7750357303417963,0.831648850602441,2,out2+out13
232,12.0,9.493894642349462,0.7118105477586537,0.8522347154805868,2,out2+out13
232,4.0,15.044837383630675,-3.759464393402897,0.9850250693627791,2,out2+out13
232,3.0,3.669399526955206,-2.6836748208914827,0.7269176144144006,3,out2+out4+out13
232,2.0,7.5872453278847045,3.3868930490517246,0.7804902832545835,2,out2+out13
232,9.0,8.109190720458551,-6.205466829484972,0.9163047549260138,2,out4+out13
233,7.0,6.574774374671488,-1.7349474128286875,0.8193273964551482,2,out2+out13
233,12.0,9.517572115017783,0.7149541539830166,0.8533744024887212,2,out2+out13
233,4.0,15.036745969396502,-3.7622308295561337,0.9828371983377511,2,out2+out13
233,3.0,3.689296431109435,-2.6680772837410642,0.6961512463002126,3,out2+out4+out13
233,2.0,7.573302379874174,3.3805047012429283,0.7653126744891039,2,out2+out13
233,9.0,8.047686037301865,-6.172967881508057,0.9112926415635645,2,out4+out13
234,7.0,6.569336567626536,-1.689861188519588,0.7982064110380842,2,out2+out13
234,12.0,9.546362010950455,0.7253731637175997,0.8553386119330282,2,out2+out13
234,4.0,15.0520820190397,-3.721934580957562,0.9962859445168604,2,out2+out13
234,3.0,3.5882194189139978,-2.7017456297351803,0.7383703518979418,3,out2+out4+out13
234,2.0,7.584440725659246,3.3800681272628923,0.7644794087471268,2,out2+out13
234,9.0,8.012021150921623,-6.1552251702389205,0.9138317599592072,2,out4+out13
235,7.0,6.582687908168955,-1.6621205122835296,0.7858497379467032,2,out2+out13
235,12.0,9.569693085771307,0.7349587057610663,0.8578195143926545,2,out2+out13
235,4.0,15.055431959261197,-3.7165028051266256,0.9926226714005654,2,out2+out13
235,3.0,3.592021460758159,-2.7148533805701183,0.7379773213993815,3,out2+out4+out13
235,2.0,7.58916995902641,3.333101237926511,0.7639611858373686,2,out2+out13
235,9.0,8.002718065535472,-6.149555265040725,0.9027567603250959,2,out4+out13
236,7.0,6.6088765620151655,-1.6430422682717682,0.7801984284986737,2,out2+out13
236,12.0,9.597537033621117,0.7420031886450418,0.8558511415300045,2,out2+out13
236,4.0,15.060644220143146,-3.6982764136837685,0.9970505359886547,2,out2+out13
236,3.0,3.5549713592573284,-2.7112888320413204,0.7329936339311215,3,out2+out4+out13
236,2.0,7.543643498520164,3.324410932515824,0.731441938414328,2,out2+out13
236,9.0,7.996300824512642,-6.158864698533806,0.9048685368596335,2,out4+out13
237,7.0,6.585819286308872,-1.5915075133076464,0.788532733730848,2,out2+out13
237,12.0,9.644210532211584,0.7613562824593391,0.8609904595360383,2,out2+out13
237,4.0,15.115533370936443,-3.6196585942809767,0.9484216809455682,2,out2+out13
237,3.0,3.4847622798486837,-2.702006119279906,0.7354324646653745,3,out2+out4+out13
237,2.0,7.5926292849924515,3.3541077752686808,0.751336070593455,2,out2+out13
237,9.0,8.003010860835227,-6.148280676912922,0.8921472966538471,2,out4+out13
238,7.0,6.602048865435053,-1.63732424316771,0.7821078006930824,2,out2+out13
238,12.0,9.690663279091158,0.7871382303183959,0.8675315531654815,2,out2+out13
238,4.0,15.12006267963373,-3.592187298498754,0.9226535371002499,2,out2+out13
238,3.0,3.3851781426965717,-2.6478463934344063,0.7531380337954265,3,out2+out4+out13
238,2.0,7.631107667164429,3.382393632275923,0.7648831105903757,2,out2+out13
238,9.0,7.996577514215582,-6.157615186766039,0.8942378347105183,2,out4+out13
239,7.0,6.615877435677567,-1.6478888059893972,0.7936127928227944,2,out2+out13
239,12.0,9.716786092811116,0.8035453556301558,0.8643547578081376,2,out2+out13
239,4.0,15.130217810610972,-3.5758529077903067,0.9119661267568032,2,out2+out13
239,3.0,3.2601305313725546,-2.579096655555315,0.7651844607997643,3,out2+out4+out13
239,9.0,7.996577514215582,-6.157615186766039,0.8942378347105183,2,out4+out13
240,7.0,6.647866167728603,-1.6619468789618062,0.8219665723961554,2,out2+out13
240,12.0,9.727041966919323,0.7956463534916184,0.8582324458928903,2,out2+out13
240,4.0,15.164285795768961,-3.52530019404239,0.926460039917935,2,out2+out13
240,3.0,4.104217524180095,-1.7035380501650774,1.0134596821905615,2,out2+out13
240,9.0,8.003085921745312,-6.1736333411641935,0.8947913663300134,2,out4+out13
241,7.0,6.700422712009034,-1.6983272482150793,0.8382934180762306,2,out2+out13
241,12.0,9.750664931921092,0.7992393183896561,0.8597146493592619,2,out2+out13
241,4.0,15.17101510080119,-3.514463796955317,0.9193842814606596,2,out2+out13
241,13.0,9.685209171152215,2.8892357493032628,0.8268227414739487,2,out2+out13
241,3.0,4.0856451488605945,-1.553155728593988,1.058554224006716,2,out2+out13
241,9.0,8.016056937201363,-6.180294927482926,0.8932743711469731,2,out4+out13
242,7.0,6.709121205943258,-1.7728034220784454,0.8184843012181111,2,out2+out13
242,12.0,9.769608390324311,0.8115765565705564,0.8668645081670208,2,out2+out13
242,4.0,15.167649703187525,-3.519882154910109,0.9229200382087499,2,out2+out13
242,13.0,9.617117600538128,2.9895797169498506,0.8309221045127322,2,out2+out13
242,3.0,4.064890192310267,-1.4348751404940985,1.0893392423778914,2,out2+out13
242,9.0,8.02253074968985,-6.196349834880323,0.8938107539661634,2,out4+out13
243,7.0,6.700339466530909,-1.8562908106934224,0.7892734064881053,2,out2+out13
243,12.0,9.783988427363381,0.8075095412434562,0.8576713861137274,2,out2+out13
243,4.0,15.17101510080119,-3.514463796955317,0.9193842814606596,2,out2+out13
243,13.0,9.57630167032231,2.9102371779517533,0.7969266222197295,2,out2+out13
243,3.0,4.039314591019382,-1.3615759239569787,1.1090089933741383,2,out2+out13
243,9.0,8.025594770766306,-6.199805715897076,0.902504379976348,2,out4+out13
244,7.0,6.720262521795905,-1.8893154593286463,0.7647663348850392,2,out2+out13
244,12.0,9.776022661105415,0.7687169632677583,0.8406679303013885,2,out2+out13
244,4.0,15.169390226750924,-3.527033758865265,0.9113478440052067,2,out2+out13
244,13.0,9.590632071057962,3.0072698469481947,0.8242182782470312,2,out2+out13
244,3.0,4.001743748614845,-1.3085157669988112,1.1197022486976849,2,out2+out13
244,9.0,8.029211902259,-6.200890033807391,0.8898157166620566,2,out4+out13
245,7.0,6.753795771008141,-1.8887312418153075,0.734638413533944,2,out2+out13
245,12.0,9.81558950186169,0.7353227793544005,0.8401688019060437,2,out2+out13
245,4.0,15.191246258185076,-3.476007101408313,0.9182096474674267,2,out2+out13
245,13.0,9.568389505092421,2.9643668561592684,0.8085881230256502,2,out2+out13
245,3.0,3.897397678490167,-1.318429319105036,1.2039818223316021,2,out2+out13
245,9.0,8.045551946506906,-6.20984483102046,0.8862984907760909,2,out4+out13
246,7.0,6.844113393136356,-1.8165215504857952,0.7543792135899294,2,out2+out13
246,12.0,9.825528007924657,0.6577443904840254,0.8241271849604398,2,out2+out13
246,4.0,15.186859575429331,-3.4730428983338606,0.9125924313326482,2,out2+out13
246,13.0,9.57855628697775,2.9760973089116085,0.8302524372460249,2,out2+out13
246,3.0,3.9140032365724218,-1.2152171085077095,1.10674713869191,2,out2+out13
246,9.0,8.06191552329739,-6.218813369492079,0.8827785340958653,2,out4+out13
247,7.0,6.879833255128713,-1.7826961862996495,0.760267768717577,2,out2+out13
247,12.0,9.832984583006715,0.6203676282614001,0.8130890697515457,2,out2+out13
247,4.0,15.207158817918263,-3.434506090028193,0.9115766563433744,2,out2+out13
247,13.0,9.60862697159069,3.017777536641228,0.8554624103594402,2,out2+out13
247,3.0,3.9358593304526326,-1.1004815751548933,1.0468597356775138,2,out2+out13
247,9.0,8.074883382679682,-6.225476512920349,0.8812610632074913,2,out4+out13
248,12.0,9.837868362315977,0.6145239872921985,0.8110883173593398,2,out2+out13
248,4.0,15.213925426508153,-3.4236409948502966,0.9046271554653325,2,out2+out13
248,3.0,3.9397488334036903,-1.0160671389168145,0.9969640004252166,2,out2+out13
248,9.0,8.110852826035316,-6.231754164300757,0.8741433147159451,2,out4+out13
249,7.0,6.714043128648279,-1.8429780371045859,0.7233050792861949,2,out2+out13
249,12.0,9.856184604737042,0.626756172733646,0.8181103880819233,2,out2+out13
249,4.0,15.213925426508153,-3.4236409948502966,0.9046271554653325,2,out2+out13
249,3.0,3.9462080454878956,-0.9221549630664347,0.9579921916814433,2,out2+out13
249,9.0,8.149887773740966,-6.251795368551668,0.869571580669234,2,out4+out13
250,7.0,6.749576306541518,-1.759139177370944,0.74817044123398,2,out2+out13
250,12.0,9.892291221169337,0.6631940054925249,0.8345770153669184,2,out2+out13
250,4.0,15.21054146804614,-3.429073623008261,0.9080998156581728,2,out2+out13
250,3.0,3.969213881863964,-0.8221251891891064,0.9391681678223713,2,out2+out13
250,9.0,8.179056113384052,-6.2687011606247465,0.8752438786709128,2,out4+out13
251,7.0,6.7965182453266255,-1.66543145057105,0.7785284485284921,2,out2+out13
251,12.0,9.934698938823297,0.6741203176363528,0.8423046876213777,2,out2+out13
251,4.0,15.222699332293498,-3.4296147974963422,0.9157989787686076,2,out2+out13
251,3.0,3.9815672883665933,-0.7429458598929515,0.901142391308214,2,out2+out13
251,9.0,8.237560928102901,-6.287429253375146,0.8777187727785841,2,out4+out13
252,7.0,6.799792523070974,-1.59766601020025,0.8002297011722044,2,out2+out13
252,12.0,10.000622114007461,0.6898244549442215,0.8519823336968066,2,out2+out13
252,4.0,15.232839140035539,-3.407353091361014,0.9252796064731766,2,out2+out13
252,3.0,4.007410562473119,-0.6547201597974402,0.9069304113396823,2,out2+out13
252,9.0,8.303055408048257,-6.321043074875196,0.8700844909640959,2,out4+out13
253,12.0,10.065221977051886,0.7352300314571989,0.8677779484729016,2,out2+out13
253,3.0,4.003537295414842,-0.5862322000367002,0.9010944895296764,2,out2+out13
253,9.0,8.374736510495381,-6.372051842537254,0.8738286707132703,2,out4+out13
254,12.0,10.132093358877913,0.734094454492934,0.8743403398879864,2,out2+out13
254,13.0,9.37830473028147,2.9830031932170793,0.8062768911727319,2,out2+out13
254,3.0,3.98569712733118,-0.5671780104303482,0.8962423173904369,2,out2+out13
254,9.0,8.443249779173671,-6.420977685955006,0.8796013838065072,2,out4+out13
255,12.0,10.056508752500115,0.6713612511528143,0.8261915684328732,2,out2+out13
255,13.0,9.356607093278903,2.957576973995768,0.7946487668939385,2,out2+out13
255,3.0,3.9612659961415266,-0.5076512448265285,0.9084381132653617,2,out2+out13
255,9.0,8.570281372499036,-6.472063118034678,0.8526957772642736,2,out4+out13
256,12.0,10.180485038322786,0.7562001500194279,0.8577583558222635,2,out2+out13
256,13.0,9.348941210908828,2.9462594835986375,0.800977411225369,2,out2+out13
256,3.0,3.9614711493516603,-0.4607042307533008,0.9127784974527041,2,out2+out13
256,4.0,15.231194168052541,-3.342665401650147,0.956972921545964,2,out2+out13
256,9.0,8.622372476280008,-6.501825508625934,0.8681559108672434,2,out4+out13
257,12.0,10.264911521986356,0.7974581737772113,0.8780702189973235,2,out2+out13
257,13.0,9.304945610842818,2.909502967289058,0.7949608534055249,2,out2+out13
257,3.0,3.9478228300438163,-0.4301753307137065,0.9216753614909202,2,out2+out13
257,4.0,15.230624843473194,-3.334021692474387,0.9481082495705964,2,out2+out13
257,9.0,8.76228809024005,-6.576418549208396,0.8595080312769096,2,out4+out13
258,12.0,10.296983062281237,0.7987519793218851,0.8722528424015682,2,out2+out13
258,13.0,9.292755003971067,2.8732264261403913,0.8002609640663817,2,out2+out13
258,3.0,3.937952695410704,-0.36643697905412365,0.92661330556959,2,out2+out13
258,4.0,15.233596471281185,-3.3198206525768748,0.9358835088237646,2,out2+out13
258,9.0,8.814602213295561,-6.606522495314873,0.8749563760372215,2,out4+out13
259,13.0,9.281236733230939,2.8584238261582358,0.8104322926347153,2,out2+out13
259,3.0,3.9183315388815694,-0.33435603805496067,0.9318887878287085,2,out2+out13
259,4.0,15.248569654142074,-3.2705843156622243,0.9413184627210726,2,out2+out13
259,9.0,8.861641808322561,-6.631791231741491,0.8663357847019036,2,out4+out13
260,13.0,9.265507180547935,2.8292530096601936,0.8219627378286464,2,out2+out13
260,3.0,3.9086241265853023,-0.2803323776169701,0.9353577959989998,2,out2+out13
260,4.0,15.238219291293,-3.2931213684843414,0.9316543699016583,2,out2+out13
260,9.0,8.901619941275902,-6.6662724332911285,0.8600826410232627,2,out4+out13
261,13.0,9.224973239472053,2.7922226560264436,0.8306951586551945,2,out2+out13
261,3.0,3.891930236399485,-0.260342715571354,0.9330988651460493,2,out2+out13
261,4.0,15.238219291293,-3.2931213684843414,0.9316543699016583,2,out2+out13
261,9.0,8.927750435244477,-6.683485659369403,0.8614347793740629,2,out4+out13
262,12.0,10.58334276246132,0.909711750142405,0.990388828937914,2,out2+out13
262,13.0,9.201803936829535,2.7618398297433306,0.8512211361594769,2,out2+out13
262,3.0,3.881033007160688,-0.2505950692029214,0.9333216823706875,2,out2+out13
262,4.0,15.248569654142074,-3.2705843156622243,0.9413184627210726,2,out2+out13
262,9.0,8.979066464415823,-6.697624467588271,0.8523451701495961,2,out4+out13
263,12.0,10.588681165355787,0.8931792175057446,0.9862117645018857,2,out2+out13
263,13.0,9.168716277065,2.7305649570820685,0.8524408458729735,2,out2+out13
263,3.0,3.8699321687815766,-0.25512114440079886,0.9326492076573739,2,out2+out13
263,4.0,15.234816231537202,-3.29858920640564,0.9350528212085415,2,out2+out13
263,9.0,9.028026489322999,-6.708324677702224,0.8343374199701408,2,out4+out13
264,12.0,10.589119549520813,0.8821660740447601,0.9839533762308684,2,out2+out13
264,13.0,9.132101920835176,2.701834162466969,0.8588646851638109,2,out2+out13
264,3.0,3.8525434310256093,-0.2639804136061037,0.9284610618547852,2,out2+out13
264,4.0,15.238219291293,-3.2931213684843414,0.9316543699016583,2,out2+out13
264,9.0,9.0680624448474,-6.730610064780357,0.840491040133937,2,out4+out13
265,12.0,10.507547960346464,0.8136258664518151,0.9377829630913639,2,out2+out13
265,13.0,9.092950653209774,2.6901012351941627,0.8547757245662388,2,out2+out13
265,3.0,3.8382708194203525,-0.29352324531647667,0.932534524045804,2,out2+out13
265,4.0,15.24502743074802,-3.282186280633686,0.9248696088186114,2,out2+out13
265,9.0,9.163573716268214,-6.726437980615134,0.8136003118016931,2,out4+out13
266,12.0,10.522864811409239,0.8160371301738618,0.9440664742794938,2,out2+out13
266,13.0,9.067701926699453,2.6708587708925036,0.849682515985662,2,out2+out13
266,3.0,3.8249597490464393,-0.3168889782417155,0.9244517622907324,2,out2+out13
266,4.0,15.251838238747784,-3.27125203509721,0.9181010071985678,2,out2+out13
266,9.0,9.298626517463617,-6.760373583352323,0.8015729344067393,2,out4+out13
267,12.0,10.490361866679832,0.7790594066196856,0.9260534472234294,2,out2+out13
267,13.0,9.059272573513583,2.646515840389576,0.8536732423826727,2,out2+out13
267,3.0,3.8111932279219443,-0.310548485601003,0.9308158525792237,2,out2+out13
267,4.0,15.255244635530223,-3.2657852495097917,0.9147227554499259,2,out2+out13
267,9.0,9.46427612613684,-6.808314764807835,0.774926839326959,2,out4+out13
268,12.0,10.514280488242001,0.7795904671917557,0.9275302578794702,2,out2+out13
268,13.0,9.044583612277824,2.6362442529606427,0.8509889982164467,2,out2+out13
268,3.0,3.7942175763698875,-0.2978500195865393,0.9280027147989451,2,out2+out13
268,4.0,15.258651690662013,-3.260318699779952,0.9113485308027632,2,out2+out13
268,9.0,9.586521869586035,-6.885895575049057,0.7717168015576913,2,out4+out13
269,12.0,10.533155769026019,0.7826462823322263,0.93555330698163,2,out2+out13
269,13.0,9.037706212769328,2.641982565772266,0.8614257836786398,2,out2+out13
269,3.0,3.7807785829945812,-0.27033276177955734,0.9355681462919563,2,out2+out13
269,4.0,15.262059401964263,-3.2548523940260194,0.907978329126522,2,out2+out13
269,9.0,9.729192769668995,-6.947689169292509,0.7669795124487137,2,out4+out13
270,12.0,10.54240808209427,0.7698573268487929,0.9285759928963924,2,out2+out13
270,13.0,9.053857515704173,2.624740453238074,0.8678770566772644,2,out2+out13
270,3.0,3.7373111632842893,-0.2535660408078291,0.932209316373232,2,out2+out13
270,4.0,15.268876786170244,-3.243920546185066,0.901249978455593,2,out2+out13
270,9.0,9.87507097750149,-7.01428091231492,0.7706176831487763,2,out4+out13
271,12.0,10.54753045493148,0.7531735867964028,0.924321121200742,2,out2+out13
271,13.0,9.046357743459776,2.6183898104512173,0.8757422969436355,2,out2+out13
271,3.0,3.709578288078946,-0.23169140739335498,0.9294256928624727,2,out2+out13
271,4.0,15.272286456523224,-3.238455019602062,0.8978918214886138,2,out2+out13
271,9.0,9.983598336510301,-7.036023659819569,0.7614827583589386,2,out4+out13
272,12.0,10.571315045973098,0.7537995911507173,0.925809963651587,2,out2+out13
272,13.0,9.031529448255604,2.6020512630501,0.871876141959274,2,out2+out13
272,3.0,3.640776901434493,-0.23857131092111336,0.9144605755667323,2,out2+out13
272,4.0,15.272286456523224,-3.238455019602062,0.8978918214886138,2,out2+out13
272,9.0,10.06370108154004,-7.047814134201143,0.7632929298533955,2,out4+out13
273,12.0,10.583969841884828,0.7601115153077871,0.9165990785658,2,out2+out13
273,13.0,9.030039357212022,2.5771199345513196,0.866574946802323,2,out2+out13
273,3.0,3.613084522952812,-0.22367081917190415,0.9113391852816082,2,out2+out13
273,4.0,15.272286456523224,-3.238455019602062,0.8978918214886138,2,out2+out13
273,9.0,10.182643941974826,-7.085317332522421,0.744094508175553,2,out4+out13
274,12.0,10.623504447567166,0.7872199092762863,0.9095471799152853,2,out2+out13
274,13.0,9.037906089181845,2.5358007086082703,0.8583103904093572,2,out2+out13
274,3.0,3.585465902017568,-0.20181624744043483,0.9086566090287213,2,out2+out13
274,4.0,15.265374493404396,-3.255503051177068,0.8847628887368753,2,out2+out13
274,9.0,10.303861655365546,-7.132155617443054,0.7407542266308316,2,out4+out13
275,12.0,10.644405169095101,0.8014517307343934,0.8950821682696638,2,out2+out13
275,13.0,9.030580473246859,2.466852478304619,0.8484916360818158,2,out2+out13
275,3.0,3.5407830936615032,-0.18839429313102163,0.902001664826097,2,out2+out13
275,4.0,15.265374493404396,-3.255503051177068,0.8847628887368753,2,out2+out13
275,9.0,10.39491705166337,-7.164964475681407,0.7399465208544612,2,out4+out13
276,12.0,10.648517908836544,0.8053750716002179,0.8924111541059757,2,out2+out13
276,13.0,9.03668123375977,2.388054246947719,0.8325848739207922,2,out2+out13
276,3.0,3.5134300678112824,-0.18009915447492866,0.8987569062478437,2,out2+out13
276,4.0,15.265374493404396,-3.255503051177068,0.8847628887368753,2,out2+out13
276,9.0,10.446987636865854,-7.188033222313774,0.7227164599837694,2,out4+out13
277,12.0,10.690800302062415,0.8290583757483648,0.9011917423406066,2,out2+out13
277,13.0,9.075665663501885,2.3455986674048472,0.8347982825979884,2,out2+out13
277,3.0,3.4758187903498197,-0.1799261158429453,0.8978864821340858,2,out2+out13
277,4.0,15.265374493404396,-3.255503051177068,0.8847628887368753,2,out2+out13
277,9.0,10.48098487514952,-7.20579067697293,0.7171558862274495,2,out4+out13
278,12.0,10.725937788830796,0.8446719559319087,0.9129455777234544,2,out2+out13
278,13.0,9.093019701688068,2.3082276205162993,0.8277637917642552,2,out2+out13
278,3.0,3.4416656361900846,-0.1828435252484845,0.8906676624398414,2,out2+out13
278,4.0,15.268786418010192,-3.2500390085828026,0.8814011221758276,2,out2+out13
278,9.0,10.544695397637634,-7.2170530663349695,0.7014288007888213,2,out4+out13
279,12.0,10.726841451208399,0.8342464073016866,0.9109055216859596,2,out2+out13
279,13.0,9.109636980679108,2.308129317983403,0.8377533732878759,2,out2+out13
279,3.0,3.4381860200355496,-0.17960530209403774,0.897103083314034,2,out2+out13
279,9.0,10.615418989378302,-7.221866093606769,0.6809378726709042,2,out4+out13
280,12.0,10.727220667267238,0.8445248567108803,0.910648578083979,2,out2+out13
280,13.0,9.107131241292953,2.2863519023751486,0.8473391131005878,2,out2+out13
280,3.0,3.4415409527589986,-0.16488244206977723,0.9076743688939353,2,out2+out13
280,9.0,10.662204770230987,-7.225503214853212,0.6941481786418678,2,out4+out13
281,12.0,10.745067809635264,0.8624450106851198,0.919140542285934,2,out2+out13
281,13.0,9.165144610147413,2.293058118501149,0.8695736186540658,2,out2+out13
281,3.0,3.4073375390501206,-0.16764449989525287,0.9005571577055735,2,out2+out13
281,9.0,10.68779626004733,-7.247812164499072,0.6816907467338694,2,out4+out13
282,12.0,10.76332172961294,0.8906278680947844,0.9274005748898346,2,out2+out13
282,13.0,9.202216392030323,2.2890438017915993,0.884144224724192,2,out2+out13
282,3.0,3.3799489787646513,-0.1771175466788337,0.8993714905609702,2,out2+out13
282,4.0,15.270831166568053,-3.2568143648598076,0.8701426082125416,2,out2+out13
282,9.0,10.744499242497167,-7.256478296700337,0.66865562019265,2,out4+out13
283,12.0,10.8129237888981,0.9382545866237408,0.9344822551332952,2,out2+out13
283,13.0,9.211416086362956,2.2252330597992214,0.8852925431087042,2,out2+out13
283,3.0,3.3626336145359876,-0.1714148971602661,0.8963165544915435,2,out2+out13
283,9.0,10.794833306379362,-7.271858656834117,0.6602908038141618,2,out4+out13
284,12.0,10.870088006108787,0.9887274133477759,0.93785828472596,2,out2+out13
284,13.0,9.206328876154824,2.0901476068753335,0.866655018365648,2,out2+out13
284,3.0,3.3115188220265033,-0.18222823790446638,0.8853311445773647,2,out2+out13
284,9.0,10.864647406099811,-7.297685801448891,0.6478929996719385,2,out4+out13
285,12.0,10.881562696830068,1.0108471236266736,0.9322051013942045,2,out2+out13
285,13.0,9.261823366082883,2.0571507249286594,0.8802727375565159,2,out2+out13
285,3.0,3.311121131672931,-0.16373199304810823,0.902692190820423,2,out2+out13
285,9.0,10.902539659143926,-7.2974128139155505,0.6379561470938513,2,out4+out13
286,12.0,10.919801391004272,1.053599038265813,0.9291599188122519,2,out2+out13
286,13.0,9.3136787187361,1.9295430424070479,0.874391838990639,2,out2+out13
286,3.0,3.289898046872989,-0.14696711282454544,0.9070252369672269,2,out2+out13
286,9.0,10.929194058108573,-7.289790808044704,0.6307898765840876,2,out4+out13
287,12.0,10.91864232810875,1.030884498611231,0.9084204925339255,2,out2+out13
287,13.0,9.34761663712498,1.8307342527259234,0.8691995219133591,2,out2+out13
287,3.0,3.2522466848709657,-0.1479151468303569,0.9229078326578205,2,out2+out13
287,9.0,10.975375768090629,-7.287981840351523,0.6118265992793165,2,out4+out13
288,12.0,10.959354954154525,1.0428058949536048,0.8994093542932611,2,out2+out13
288,13.0,9.394883085142702,1.7777745925520334,0.8688561031062639,2,out2+out13
288,3.0,3.2207296332422164,-0.13422490295525846,0.9273919587620068,2,out2+out13
288,9.0,10.988897770699223,-7.293060215389382,0.6144535002779722,2,out4+out13
289,12.0,11.018462891873028,1.0676075571642434,0.8982945420702949,2,out2+out13
289,13.0,9.422137496503929,1.7295257586798929,0.8642202490116706,2,out2+out13
289,3.0,3.148845617778723,-0.14822327512948497,0.9199649049087916,2,out2+out13
289,9.0,11.007229355270486,-7.294299448306589,0.6084780730371223,2,out4+out13
290,12.0,11.031629612403227,1.0538892507910693,0.887862446662497,2,out2+out13
290,13.0,9.417133071321974,1.668664981953234,0.8465788861033817,2,out2+out13
290,3.0,3.09794847167941,-0.16011382569175728,0.9258201530930396,2,out2+out13
290,9.0,11.02341351394969,-7.302438464200208,0.6065846236097583,2,out4+out13
291,12.0,11.126911979423287,1.0978844936009249,0.9208600714922595,2,out2+out13
291,13.0,9.420564641382644,1.6365739986135308,0.8442223880361409,2,out2+out13
291,3.0,3.0392800992602416,-0.1723516493015164,0.9318902159211168,2,out2+out13
291,9.0,11.020236835122967,-7.300375478014339,0.6086474997685495,2,out4+out13
292,12.0,11.19028112048289,1.0953615559261984,0.9329794737611947,2,out2+out13
292,13.0,9.408010013698425,1.5966691499790298,0.8309150341877861,2,out2+out13
292,3.0,2.9914359141200015,-0.17839595448360174,0.9519846212645234,2,out2+out13
292,9.0,11.025529950145254,-7.295712205216846,0.6023881057583607,2,out4+out13
293,12.0,11.399757915801016,1.1916499632558162,1.0252431009465115,2,out2+out13
293,13.0,9.391847508872512,1.5929754998759431,0.8112243220228798,2,out2+out13
293,3.0,2.916579864645699,-0.20164150000150627,0.9511426513065329,2,out2+out13
293,9.0,11.03069965009334,-7.291412812852752,0.5941619033564206,2,out4+out13
294,12.0,11.32342948295277,1.0780361100960014,0.9717393245686466,2,out2+out13
294,13.0,9.387429995309152,1.5614336830341091,0.8175113495042463,2,out2+out13
294,3.0,2.8217556491517524,-0.23352602254370655,0.9368673538554516,2,out2+out13
294,9.0,11.033870688445106,-7.29347126506258,0.5920960022263253,2,out4+out13
295,12.0,11.343699498634633,1.0358434537813617,0.9724846282462207,2,out2+out13
295,13.0,9.398934858106298,1.5351943603612936,0.825738663436349,2,out2+out13
295,3.0,2.7465056845011255,-0.24572759497024452,0.9211528198373504,2,out2+out13
295,9.0,11.03069965009334,-7.291412812852752,0.5941619033564206,2,out4+out13
296,12.0,11.35061783819428,0.9591195959910501,0.9574389449211459,2,out2+out13
296,13.0,9.386222904500285,1.4787443823496313,0.826912058836757,2,out2+out13
296,3.0,2.732369145467828,-0.22915750081343955,0.9174702170811398,2,out2+out13
296,9.0,10.980181104506133,-7.273382767659184,0.6060084745548873,2,out4+out13
297,12.0,11.372698843910266,0.8816910824171394,0.950543869043993,2,out2+out13
297,13.0,9.373456265828064,1.408968983281885,0.8514540087891752,2,out2+out13
297,3.0,2.663750898235733,-0.24492953186775898,0.9043849719351937,2,out2+out13
297,9.0,10.985304885397927,-7.269069704012855,0.5977972092920869,2,out4+out13
298,12.0,11.408096853073092,0.7999699667636486,0.9322014606983473,2,out2+out13
298,13.0,9.372792684533092,1.3505109720597575,0.8654111079965439,2,out2+out13
298,3.0,2.6481622089636647,-0.22703333283746696,0.9139769844677191,2,out2+out13
298,9.0,10.972372101910885,-7.263042317158018,0.5976238058834381,2,out4+out13
299,12.0,11.36495686715545,0.6819965346277367,0.8726049578918382,2,out2+out13
299,13.0,9.380314651084088,1.2557576676447677,0.8632623280446078,2,out2+out13
299,3.0,2.6338327569381894,-0.22565799719152116,0.9213758491211164,2,out2+out13
299,14.0,14.522102119265565,-0.9403999992648298,1.120360927271438,2,out2+out13
299,9.0,10.950934585661848,-7.2597311026162865,0.6056627086524692,2,out4+out13
300,12.0,11.346810330914685,0.5664888436793444,0.8152822320411596,2,out2+out13
300,13.0,9.388645057727674,1.1568503529286207,0.842689099942556,2,out2+out13
300,3.0,2.6195100146206345,-0.22229981722693704,0.9121762977165684,2,out2+out13
300,14.0,14.585139830890661,-0.9372305015130522,1.097892492166468,2,out2+out13
300,9.0,10.931917617748983,-7.271610730918883,0.6281933946993733,2,out4+out13
301,12.0,11.382872858327483,0.5549794075388766,0.8066012291844027,2,out2+out13
301,13.0,9.37391845037629,1.065593140132223,0.8232205036698209,2,out2+out13
301,3.0,2.6317307321351193,-0.20584133613340436,0.9203187282976031,2,out2+out13
301,14.0,14.567836291312513,-1.0180881145238454,1.0361144277946004,2,out2+out13
301,4.0,15.440044217404278,-3.0195219523394807,0.6837785770727915,2,out2+out13
301,9.0,10.899010881345328,-7.256624193647801,0.6293054089340004,2,out4+out13
302,12.0,11.421409442936806,0.5580059200706512,0.8155842013960093,2,out2+out13
302,13.0,9.375307195199436,0.9699523421810624,0.8117932931556904,2,out2+out13
302,3.0,2.6101965907570635,-0.1998391578723486,0.9255669800830784,2,out2+out13
302,14.0,14.638842831875335,-0.9685519730132431,1.0413260055540121,2,out2+out13
302,4.0,15.444477844419968,-3.0020311967096416,0.6885179978057201,2,out2+out13
302,9.0,10.877285895746503,-7.253865867762,0.6369107147282718,2,out4+out13
303,12.0,11.558497686130902,0.5782866971519753,0.8678198697554207,2,out2+out13
303,13.0,9.386482296830277,0.894142721704833,0.7996696847399478,2,out2+out13
303,3.0,2.581838362894903,-0.19455801473957535,0.9240819785591611,2,out2+out13
303,14.0,14.685608228047892,-0.9648238482175,1.0378238261190618,2,out2+out13
303,4.0,15.448881442511366,-2.9846312310133505,0.6932303355133579,2,out2+out13
303,9.0,10.846385869322212,-7.254689855341666,0.6520145101180616,2,out4+out13
304,12.0,11.628304167187634,0.5440467569465486,0.9061093224090714,2,out2+out13
304,13.0,9.408439438316528,0.8460407233732934,0.7947778050727595,2,out2+out13
304,3.0,2.555115969581711,-0.17380732113804884,0.9387909873723709,2,out2+out13
304,14.0,14.735654743233791,-0.9475411672465063,1.0546239853100048,2,out2+out13
304,4.0,15.453255275769024,-2.967321566654862,0.6979157934724718,2,out2+out13
304,9.0,10.792714087774195,-7.236300304024862,0.6629971161747958,2,out4+out13
305,12.0,11.832475950174953,0.5948494410425432,1.0293531466998327,2,out2+out13
305,13.0,9.407847271527503,0.7938331640062541,0.7745732362074642,2,out2+out13
305,3.0,2.5286086209440537,-0.15216188271990364,0.953998035154789,2,out2+out13
305,14.0,14.685766492075084,-1.1099326785416639,1.0235096174297245,2,out2+out13
305,4.0,15.453255275769024,-2.967321566654862,0.6979157934724718,2,out2+out13
305,9.0,10.748868859290956,-7.231979584941526,0.6772822600015332,2,out4+out13
306,12.0,11.807819121842847,0.4098516551104737,1.0709982137720429,2,out2+out13
306,13.0,9.422973350374335,0.7887717253059557,0.7822140271273589,2,out2+out13
306,3.0,2.538607992638229,-0.1021023270424363,0.9719652472806787,2,out2+out13
306,14.0,14.64495378472362,-1.2592702890038632,0.9843928035098376,2,out2+out13
306,4.0,15.454141260883318,-2.955543188013882,0.70572084541581,2,out2+out13
306,9.0,10.739259621288493,-7.244006843070291,0.6831138164071071,2,out4+out13
307,12.0,11.841363701800939,0.22575865825763877,1.1085829471508737,2,out2+out13
307,13.0,9.457862572672092,0.77617209261034,0.7929506887458189,2,out2+out13
307,3.0,2.5357650829023473,-0.06566946951574187,0.9782806510688861,2,out2+out13
307,14.0,14.65784428401405,-1.2967557490197266,0.9768651487055622,2,out2+out13
307,4.0,15.454141260883318,-2.955543188013882,0.70572084541581,2,out2+out13
307,9.0,10.68057047655247,-7.205570936557403,0.721670123909202,2,out4+out13
308,12.0,12.010162050448347,0.17321105438792977,1.1825440536655405,2,out2+out13
308,13.0,9.534069207777325,0.7981568623669926,0.8157590131943225,2,out2+out13
308,3.0,2.392328821647197,-0.08540932908323796,0.9631456486832043,2,out2+out13
308,14.0,14.672991536591407,-1.3269624748074895,0.9665192013322415,2,out2+out13
308,4.0,15.454141260883318,-2.955543188013882,0.70572084541581,2,out2+out13
308,9.0,10.666424567412356,-7.210893981142729,0.7266671421352767,2,out4+out13
309,12.0,12.000293138780764,-0.09382513594136656,1.1838046076007864,2,out2+out13
309,13.0,9.557756885454005,0.7368629234690096,0.8114741306421236,2,out2+out13
309,3.0,2.3208527787616005,-0.07940739466391167,0.9549294113134087,2,out2+out13
309,14.0,14.620524983080141,-1.4468437764223339,0.9652690421558243,2,out2+out13
309,9.0,10.591877702676024,-7.189025222980695,0.7159707301734993,2,out4+out13
310,12.0,12.056185309519059,-0.15344899109182022,1.1870857840427838,2,out2+out13
310,13.0,9.651725459798707,0.7056814543494783,0.8321437965815991,2,out2+out13
310,3.0,2.268134209255278,-0.0839815479311696,0.9471866978051443,2,out2+out13
310,14.0,14.610182250638633,-1.480047726516966,0.9529307684878554,2,out2+out13
310,4.0,15.453255275769024,-2.967321566654862,0.6979157934724718,2,out2+out13
310,9.0,10.529809050773686,-7.1682350595650846,0.7238466809288187,2,out4+out13
311,12.0,12.102842870360279,-0.25095429793406704,1.1874788841817183,2,out2+out13
311,13.0,9.7647398500369,0.6831641165051119,0.8590486750608407,2,out2+out13
311,3.0,2.21443825549476,-0.07885240955582636,0.9412712656322768,2,out2+out13
311,14.0,14.637924334704856,-1.4625683503459324,0.9487907011868139,2,out2+out13
311,4.0,15.445406442926489,-2.9900912858328894,0.6963803082695873,2,out2+out13
311,9.0,10.415838257322372,-7.126175438164568,0.7340400255935494,2,out4+out13
312,12.0,12.103828459127774,-0.3892207904545453,1.1619138751377545,2,out2+out13
312,13.0,9.811967718095204,0.6387028874800552,0.8617699634886951,2,out2+out13
312,3.0,2.105365133175226,-0.10965520055384964,0.9193451256281728,2,out2+out13
312,14.0,14.658413607880975,-1.4435440862888365,0.9657906807539764,2,out2+out13
312,9.0,10.324552564465845,-7.091041463970101,0.7449325419812443,2,out4+out13
313,12.0,12.157333175896383,-0.47427593097978826,1.1579529357608693,2,out2+out13
313,13.0,9.858907721769896,0.5741866062537071,0.8571818954071443,2,out2+out13
313,3.0,2.034913930507337,-0.11150460289355038,0.9100084604387204,2,out2+out13
313,14.0,14.670783545785401,-1.4504252575200365,0.9901203549926137,2,out2+out13
313,9.0,10.265354487290058,-7.05404133012857,0.728254735330451,2,out4+out13
314,12.0,12.186422572024762,-0.5789245145038359,1.1264627994995664,2,out2+out13
314,13.0,9.867408896378036,0.5094657340467116,0.8434725626029532,2,out2+out13
314,3.0,2.000957151482869,-0.09540981595993102,0.9009969310583292,2,out2+out13
314,14.0,14.648152056883673,-1.4764429208832535,1.002799517342007,2,out2+out13
314,4.0,15.443283934545095,-3.0080613631964614,0.7004541011910596,2,out2+out13
314,9.0,10.201475845638,-7.028063143055005,0.7297079599302301,2,out4+out13
315,12.0,12.201777397063852,-0.7008347433596509,1.0690640234338877,2,out2+out13
315,13.0,9.912197455842426,0.4800453863338068,0.8429331759580887,2,out2+out13
315,3.0,1.9885589177610763,-0.07218782817195313,0.9102888187642749,2,out2+out13
315,14.0,14.640903507901704,-1.4819554756829452,1.0271829533099524,2,out2+out13
315,9.0,10.162846524415315,-7.005082709931521,0.7230398197058732,2,out4+out13
316,12.0,12.23265648594437,-0.8212494791860858,0.9853201745199002,2,out2+out13
316,13.0,9.908313691621085,0.45423858706681297,0.827869140872985,2,out2+out13
316,3.0,1.9525720229246644,-0.06790482267153877,0.9066507971797128,2,out2+out13
316,14.0,14.68824538984833,-1.4176928996538372,0.977327007011289,2,out2+out13
316,9.0,10.143822730514673,-7.002344513969643,0.7189438846608025,2,out4+out13
317,12.0,12.27410057881488,-0.9639550855762871,0.9248001372532446,2,out2+out13
317,13.0,9.919310128338822,0.4234805426387686,0.8171808603389411,2,out2+out13
317,3.0,1.9454907540918653,-0.030788957511628804,0.9214198518408124,2,out2+out13
317,14.0,14.659048138128899,-1.4566907249838672,0.9683723666939362,2,out2+out13
317,9.0,10.088858410542068,-6.984849043940774,0.7301150860714161,2,out4+out13
318,12.0,12.325197094682464,-1.082077233607402,0.8720560243454583,2,out2+out13
318,13.0,9.930241210563924,0.3947187452990153,0.8098562410826342,2,out2+out13
318,3.0,1.8646690577254765,-0.049129514993266954,0.9218779160558982,2,out2+out13
318,14.0,14.620155309029087,-1.4944439110919008,0.9574913078248655,2,out2+out13
318,9.0,10.05233694157679,-6.977288415829377,0.7374311374645023,2,out4+out13
319,12.0,12.342320949513404,-1.2418624376658356,0.8196468153726161,2,out2+out13
319,13.0,9.940610693770505,0.3776457290850326,0.8049029622353001,2,out2+out13
319,3.0,1.7731706106793164,-0.0816516385277586,0.9200290761602357,2,out2+out13
319,14.0,14.559968449925055,-1.550547073151098,0.90696331624822,2,out2+out13
319,9.0,9.978261690804448,-6.970358931988131,0.7433285691975643,2,out4+out13
320,12.0,12.364725994325928,-1.2955232267240955,0.8154969173551703,2,out2+out13
320,13.0,9.992052174715484,0.32129537930192725,0.8147311854545715,2,out2+out13
320,3.0,1.6734172970503194,-0.1159900784351343,0.9106577171382274,2,out2+out13
320,14.0,14.530058851888182,-1.5668738706531231,0.865417497425976,2,out2+out13
320,9.0,9.843493396756093,-6.926347681322116,0.7594744674364678,2,out4+out13
321,12.0,12.378125982996945,-1.33043225413485,0.8150051622452134,2,out2+out13
321,13.0,10.041609669573823,0.30029626636901957,0.8315690469496285,2,out2+out13
321,3.0,1.53156584580615,-0.16029877624683583,0.9006215141040211,2,out2+out13
321,14.0,14.526991549440243,-1.5236375263504862,0.8489637265819799,2,out2+out13
321,9.0,9.658768590756173,-6.8632799637514905,0.7816683953548418,2,out4+out13
322,12.0,12.334351214843483,-1.4023114069658569,0.8367355999165815,2,out2+out13
322,13.0,10.09479033327722,0.2135094948760847,0.8380757131431383,2,out2+out13
322,3.0,1.447688856135884,-0.16020198297919439,0.9415717658599568,2,out2+out13
322,14.0,14.499587862497775,-1.4961242781988522,0.8147006988774931,2,out2+out13
322,9.0,9.576850091071984,-6.8696682350622265,0.798966910140237,2,out4+out13
323,12.0,12.270937850814317,-1.4776147690503425,0.8648837722438583,2,out2+out13
323,13.0,10.142796802426213,0.14510043682197182,0.8490656601545213,2,out2+out13
323,3.0,1.3531430616847033,-0.16273600771557198,0.9646211845703799,2,out2+out13
323,14.0,14.474156844725718,-1.4726009622815528,0.8029628183474585,2,out2+out13
323,9.0,9.419847869000352,-6.8249396361089305,0.8436348076058099,2,out4+out13
324,12.0,12.258047635649403,-1.495097639003505,0.8981089069304836,2,out2+out13
324,13.0,10.21453852358793,0.0783853606989238,0.861149574244807,2,out2+out13
324,3.0,1.2395742070293303,-0.15111768116199825,0.970176322692949,2,out2+out13
324,14.0,14.451552261961211,-1.4524305528751194,0.799631878757738,2,out2+out13
324,9.0,9.309846623902164,-6.775313487261583,0.857609793427487,2,out4+out13
325,12.0,12.274547966382714,-1.5365896162514119,0.9547386504375565,2,out2+out13
325,13.0,10.244724953068214,0.008814105551676646,0.848648984515932,2,out2+out13
325,3.0,1.1225430057846615,-0.1522882901348191,0.9709607642425915,2,out2+out13
325,14.0,14.440124789185099,-1.4255504246474058,0.81415430859221,2,out2+out13
325,9.0,9.248518701366836,-6.76527646909379,0.8614251599504092,2,out4+out13
326,12.0,12.334780971030865,-1.579686356676037,1.0014831307319636,2,out2+out13
326,13.0,10.274512365217133,-0.023814417735263046,0.8421213578769735,2,out2+out13
326,3.0,0.9952205184239006,-0.16632924954543446,0.9512896272547592,2,out2+out13
326,14.0,14.430496127208272,-1.4077990180203253,0.8322849103967225,2,out2+out13
326,9.0,9.141857861085828,-6.733933247134358,0.8652414166583525,2,out4+out13
327,12.0,12.35393974339108,-1.6546925328884068,0.9997727714609169,2,out2+out13
327,13.0,10.315534737074973,-0.03184802031120763,0.8482354376272354,2,out2+out13
327,3.0,0.92434749699885,-0.1654407141118304,0.9430097116027181,2,out2+out13
327,14.0,14.402953613703247,-1.3847104797262169,0.8464746174742488,2,out2+out13
327,9.0,9.009636226430962,-6.687977194651039,0.8610548073343189,2,out4+out13
328,12.0,12.42497739738308,-1.5703387083159095,1.045886827439037,2,out2+out13
328,13.0,10.307388616710586,-0.08538046376331046,0.8313283739140526,2,out2+out13
328,3.0,0.8584506200472003,-0.1444511028974269,0.9541566089673111,2,out2+out13
328,14.0,14.324941022109215,-1.344605235870313,0.8383893024685497,2,out2+out13
328,9.0,8.896872413258768,-6.678816383811506,0.8713489212650787,2,out4+out13
329,12.0,12.40045801291812,-1.627231326434861,1.025882827043373,2,out2+out13
329,13.0,10.316047942310407,-0.12089577467004121,0.8222259436814141,2,out2+out13
329,3.0,0.7987898852704451,-0.11072935046085967,0.9801977077620323,2,out2+out13
329,14.0,14.244781899609798,-1.3340662991921752,0.8315903766524196,2,out2+out13
329,9.0,8.696650801479638,-6.652363849057167,0.8905587012965696,2,out4+out13
330,12.0,12.368559876210098,-1.7451062241448152,1.0001445414521029,2,out2+out13
330,13.0,10.358926496603669,-0.12853538988173918,0.825941102217225,2,out2+out13
330,3.0,0.7586210777087884,-0.08830156000934486,0.9877606850154176,2,out2+out13
330,14.0,13.962531974041328,-1.484529502325444,0.9147053561756072,2,out2+out13
330,9.0,8.494334489176628,-6.58613103407106,0.9051840765411366,2,out4+out13
331,12.0,12.314315154956688,-1.9576542677913396,0.9390086075896386,2,out2+out13
331,13.0,10.401018994995704,-0.15290102087186622,0.8288954104315648,2,out2+out13
331,3.0,0.7074332245246296,-0.06894385093949743,0.9865158770937454,2,out2+out13
331,14.0,14.134173899263098,-1.273212295341742,0.8645426482284131,2,out2+out13
331,9.0,8.38564808362682,-6.5543015825244435,0.9107789824354919,2,out4+out13
332,12.0,12.316821575633222,-2.0346657750738926,0.9202119371180408,2,out2+out13
332,13.0,10.600649324653922,-0.08408357614957429,0.8906685518053262,2,out2+out13
332,14.0,14.0857639389802,-1.2240544136398661,0.8843840279735169,2,out2+out13
332,9.0,8.280023527794667,-6.536831524390888,0.9186224854920084,2,out4+out13
333,12.0,12.306429520449244,-1.978329426723258,0.9377024696981119,2,out2+out13
333,13.0,10.69068221868179,-0.1030688044324949,0.9126059373376906,2,out2+out13
333,14.0,13.97323454174449,-1.2084260525145525,0.890361735351926,2,out2+out13
333,3.0,0.501233316814826,-0.12489557756856573,1.2130427908681185,2,out2+out13
333,9.0,8.15873804621605,-6.523364108438963,0.9054464374347178,2,out4+out13
334,12.0,12.393207460328625,-2.083566249007242,0.9593507088305127,2,out2+out13
334,13.0,10.803858513414639,-0.11169614001093207,0.9538869942104272,2,out2+out13
334,3.0,0.35515308503715476,-0.1450311050510409,1.2068028101005648,2,out2+out13
334,9.0,7.993113700828391,-6.486893267002181,0.9112246647274345,2,out4+out13
335,13.0,10.88695358712868,-0.14614606981970998,0.9807320667214734,2,out2+out13
335,3.0,0.23881030845883422,-0.13939863103027483,1.2483646563880364,2,out2+out13
335,9.0,7.84561141387519,-6.448183289717307,0.9090519281032398,2,out4+out13
336,13.0,10.73584124609748,-0.39869095249003966,0.8790228855246764,2,out2+out13
336,3.0,0.1302062993490186,-0.14464006973567536,1.254686840713947,2,out2+out13
336,9.0,7.7551340410126,-6.452925437216759,0.9010234099482541,2,out4+out13
337,13.0,10.764782094694127,-0.4196909534175826,0.8909235769010966,2,out2+out13
337,3.0,0.022307948177173076,-0.10125041527985813,1.0816025575480237,2,out2+out13
337,12.0,12.373088451989116,-2.13374453212217,0.9870633442192748,2,out2+out13
337,9.0,7.615236362716123,-6.431563177680368,0.8987211529153019,2,out4+out13
338,13.0,10.662101308673051,-0.5528948608936441,0.8287912403883996,2,out2+out13
338,3.0,-0.09290526472327867,-0.09304645593169569,1.0305044330619864,2,out2+out13
338,12.0,12.328068282201102,-2.1424707264556115,0.9802792182116181,2,out2+out13
338,9.0,7.437013953026964,-6.36220253484811,0.9009108867645618,2,out4+out13
339,13.0,10.685188354947659,-0.5837295779268894,0.8226893293132493,2,out2+out13
339,3.0,-0.2048239480355527,-0.1117151257487572,1.0053869758726353,2,out2+out13
339,12.0,12.301286644264788,-2.086150345505611,0.9495384585654792,2,out2+out13
339,9.0,7.272483864175804,-6.327925089846092,0.925228827638125,2,out4+out13
340,13.0,10.709620363766486,-0.6276063830298287,0.8159044569380648,2,out2+out13
340,3.0,-0.27425080277411107,-0.12325017460621758,0.9579251079171593,2,out2+out13
340,12.0,12.310169392083191,-2.00342891283221,0.9533599423389433,2,out2+out13
340,9.0,7.133261309981899,-6.29150563011779,0.9378874748983727,2,out4+out13
341,3.0,-0.3389295994924439,-0.13012006109344962,0.9301068339404811,2,out2+out13
341,12.0,12.216932802394165,-1.968744253912101,0.9326242318088204,2,out2+out13
341,9.0,6.99091026924291,-6.256221210840665,0.9804860593924996,2,out4+out13
342,3.0,-0.38956746335503234,-0.1439752578401439,0.9201720848521732,2,out2+out13
342,12.0,12.158718102995659,-1.9030693455913539,0.9325710066450812,2,out2+out13
342,9.0,6.811208928732447,-6.209985139688288,0.9879213285415898,2,out4+out13
343,3.0,-0.4415195857696065,-0.14559934032195418,0.9091976795510003,2,out2+out13
343,12.0,12.105089983852109,-1.7849556543125444,0.9484121468636498,2,out2+out13
343,9.0,6.650288379578315,-6.146724592477652,0.9671490648979675,2,out4+out13
344,3.0,-0.5335004542678594,-0.17225770265515242,0.9024101762385643,2,out2+out13
344,12.0,11.977062476979306,-1.7782062329040838,0.8989732990334034,2,out2+out13
344,9.0,6.4854709048287775,-6.095414370138869,0.9695495202986738,2,out4+out13
345,3.0,-0.6000900747424481,-0.1852306544861114,0.901786192936247,2,out2+out13
345,12.0,11.910893141024625,-1.6959481742322509,0.8994441300021293,2,out2+out13
345,9.0,6.343098846252729,-6.069213503180884,0.9688733830589557,2,out4+out13
346,3.0,-0.6788913800353955,-0.21140755116574772,0.9000936367119946,2,out2+out13
346,12.0,11.829396748556338,-1.6014971290243487,0.8939565008729573,2,out2+out13
346,9.0,6.207324165567495,-6.03305449855928,0.9668464440656648,2,out4+out13
347,3.0,-0.8321843464232972,-0.2714821824952388,0.8767506527791572,2,out2+out13
347,12.0,11.803139132903846,-1.5372444655176463,0.9011013390617068,2,out2+out13
347,9.0,5.938483375625107,-5.912533642478212,0.9908016988875062,2,out4+out13
348,3.0,-0.9645379146066173,-0.3586622439382379,0.8715103429420675,2,out2+out13
348,12.0,11.809169917857089,-1.5344744773686116,0.9086271005048706,2,out2+out13
348,9.0,5.818952232382303,-5.871748957632999,0.9983525661673883,2,out4+out13
349,3.0,-1.0608100394765738,-0.44747962874063196,0.8410444353424505,2,out2+out13
349,12.0,11.798813929457088,-1.5855722888675943,0.8952817129061192,2,out2+out13
349,16.0,4.462385303527689,2.59456489877552,0.8274671054272535,2,out2+out13
349,9.0,5.723026526124924,-5.84348943101526,1.0031541859490092,2,out4+out13
350,3.0,-1.1918963209702622,-0.5670407811297647,0.7782002702068473,2,out2+out13
350,12.0,11.75644792307152,-1.618161136253619,0.894440490009661,2,out2+out13
350,16.0,4.331560859104786,2.501631096400221,0.8812361504086429,2,out2+out13
350,13.0,10.876799325974462,-1.1140130172391531,0.8580557178041596,2,out2+out13
350,9.0,5.5719980383131835,-5.781905778684254,0.9974615795664119,2,out4+out13
351,3.0,-1.3269139685844138,-0.7259559961326012,0.6938401361392638,2,out2+out13
351,12.0,11.748656389496759,-1.6081298582549948,0.895884798036218,2,out2+out13
351,16.0,4.19973242930494,2.42238909921586,0.8926868553986208,2,out2+out13
351,13.0,10.856106186760833,-1.175487007183423,0.8175959244317937,2,out2+out13
351,9.0,5.380814476174286,-5.7203874422724805,0.9922877097851786,2,out4+out13
352,3.0,-1.4490231877287794,-0.8804148104792981,0.6189301816122014,2,out2+out13
352,12.0,11.712534569705577,-1.6280541952367893,0.9005950488639374,2,out2+out13
352,16.0,4.0954691175957425,2.355748734454914,0.9225198286272595,2,out2+out13
352,13.0,10.834253610790892,-1.2247304782171353,0.7790680754185613,2,out2+out13
352,9.0,5.243696864860073,-5.691505003600361,0.983506833272269,2,out4+out13
353,3.0,-1.546733066363308,-1.0277458630052212,0.5182044920424143,2,out2+out13
353,12.0,11.654689200246034,-1.601717165242942,0.9380496066208028,2,out2+out13
353,16.0,3.997242093801023,2.3204421367108807,0.8958045982009484,2,out2+out13
353,13.0,10.816066929561398,-1.2441467790562557,0.7437493168648857,2,out2+out13
353,9.0,5.12430489805049,-5.660483601182896,0.9818942301018581,2,out4+out13
354,3.0,-1.6355835094274382,-1.184816991561664,0.42708466603965045,2,out2+out13
354,12.0,11.556974171823546,-1.5315871605394946,0.9224661021515395,2,out2+out13
354,16.0,3.8683360126393183,2.262266761203833,0.87073735480063,2,out2+out13
354,13.0,10.772002042875648,-1.2871382295733906,0.7145978683837946,2,out2+out13
354,9.0,4.977792573356783,-5.601523175282795,0.9714657157780485,2,out4+out13
355,3.0,-1.7422437816667609,-1.4764577285245286,0.2909896252738387,2,out2+out13
355,12.0,11.430660984571999,-1.5099843905616954,0.9222721584686694,2,out2+out13
355,16.0,3.7716432451875246,2.2172092067695206,0.8623084568205918,2,out2+out13
355,13.0,10.770703469215453,-1.2813932242057864,0.7154584952911089,2,out2+out13
355,9.0,4.786138456153795,-5.515325432572809,0.9719301436435477,2,out4+out13
356,3.0,-1.8189706783057318,-1.7144610267965992,0.18979796186591277,2,out2+out13
356,12.0,11.342766398293099,-1.4359243975131104,0.8978467123512515,2,out2+out13
356,16.0,3.6884918045462114,2.178145212696135,0.8727563950378437,2,out2+out13
356,13.0,10.733652325319367,-1.3036536532848992,0.7225685135082619,2,out2+out13
356,9.0,4.595657608792721,-5.43055762160356,0.9824499161325607,2,out4+out13
357,3.0,-2.0542721283004037,-1.9986882727780428,0.03252801466429801,2,out2+out13
357,12.0,11.27247979919651,-1.4395973984492663,0.8784351421723695,2,out2+out13
357,16.0,3.599377115633856,2.1271500608188463,0.8775039541993362,2,out2+out13
357,13.0,10.63584410076351,-1.3659990075027748,0.7227347265850943,2,out2+out13
357,9.0,4.461420096342352,-5.4133409208145356,1.0105568852891802,2,out4+out13
358,3.0,-2.1630272701021767,-2.839610923576303,-0.3366099875004428,2,out2+out13
358,12.0,11.222538999180742,-1.4357622948053925,0.8669928127294755,2,out2+out13
358,16.0,3.5030747409057073,2.08018949122579,0.8800890933907453,2,out2+out13
358,13.0,10.530597441853407,-1.4047644433686968,0.7417288621002389,2,out2+out13
358,9.0,4.346744214177865,-5.372770416681421,1.0293351717162014,2,out4+out13
359,3.0,-2.350267941488457,-3.3508248651191748,-0.5754309798960477,2,out2+out13
359,12.0,11.172954912826329,-1.4080644846362442,0.8551393983606753,2,out2+out13
359,16.0,3.4186383429762603,2.024176248094576,0.9133491694597983,2,out2+out13
359,13.0,10.398529024336874,-1.4347376730140504,0.7928141708438744,2,out2+out13
359,9.0,4.155635589219127,-5.2704505301756654,1.0361477333137568,2,out4+out13
360,3.0,-2.5442982268897256,-3.8526386852090106,-0.8185560385934606,2,out2+out13
360,12.0,11.130248598228063,-1.3812526811709347,0.8396673140454634,2,out2+out13
360,16.0,3.2503610192208807,1.922895881034093,0.9264543444339882,2,out2+out13
360,13.0,10.384351897943896,-1.3682872792172134,0.8256894117245116,2,out2+out13
360,9.0,3.984526172756692,-5.160989935533355,1.052313501802551,2,out4+out13
361,3.0,-2.723961064279057,-4.3917666705740235,-1.0756448925872104,2,out2+out13
361,12.0,11.075391255597598,-1.3612909264594917,0.8303314359533288,2,out2+out13
361,16.0,3.1459511504940303,1.8595211060223704,0.9360094307282054,2,out2+out13
361,13.0,10.35246098075802,-1.4385258238415939,0.7346076064546624,2,out2+out13
361,9.0,3.8349901921495992,-5.056507717014811,1.0068857198372165,2,out4+out13
362,3.0,-2.8496031638041392,-4.789793745254582,-1.2660178811577172,2,out2+out13
362,12.0,11.017000365354718,-1.2813093544709528,0.82851403297567,2,out2+out13
362,16.0,3.0452214693464157,1.7935667880084485,0.9579459102774864,2,out2+out13
362,17.0,6.275703692913499,-4.745893706472126,0.7446188890260018,2,out2+out4
362,9.0,3.6859833485244393,-4.959670087273992,0.9959807713801931,2,out4+out13
363,3.0,-2.945164220922238,-5.054200519830634,-1.3769563225981387,2,out2+out13
363,12.0,10.923660664962492,-1.186561169986699,0.8299815912840592,2,out2+out13
363,16.0,2.8238333786707686,1.7074613367186389,0.9035493767926562,2,out2+out13
363,17.0,6.075935946668828,-4.699954537356184,0.8121053995847739,2,out2+out4
363,9.0,3.505817244625645,-4.876264679515927,0.9875198802590407,2,out4+out13
364,3.0,-2.970480326849471,-5.529322672672477,-1.5734050393418944,2,out2+out13
364,12.0,10.853628035836573,-1.1805694287043274,0.8226460849843604,2,out2+out13
364,16.0,2.687495516924741,1.643154893174181,0.884562020372743,2,out2+out13
364,17.0,5.947827372884647,-4.688307038026452,0.8264961625559193,2,out2+out4
364,9.0,3.3786476005013992,-4.803353249769,0.998741812436267,2,out4+out13
365,3.0,-3.0654711857316435,-5.766995103721696,-1.6642890305780706,2,out2+out13
365,16.0,2.6467139993709425,1.6159259464155589,0.8841702168736558,2,out2+out13
365,17.0,5.853397065019877,-4.663631483104899,0.8464973937156999,2,out2+out4
365,9.0,3.2652844091430793,-4.737288645558151,0.9975312562051061,2,out4+out13
366,16.0,2.5562830858799543,1.561099018214172,0.8954268055429504,2,out2+out13
366,17.0,5.703525553449291,-4.629912724767057,0.8800070793911715,2,out2+out4
366,9.0,3.0964762687952723,-4.626795161456832,0.9969918683519322,2,out4+out13
367,12.0,10.474911010215301,-1.1686420322514128,0.8665144610382335,2,out2+out13
367,16.0,2.4292233462094535,1.4812851982529556,0.9003130341480277,2,out2+out13
367,17.0,5.551460411303106,-4.606939615303092,0.9016922231072554,2,out2+out4
367,9.0,2.8924396009497806,-4.481700480007588,0.9858532484466785,2,out4+out13
368,12.0,10.435151958463146,-0.9634962361000696,0.8433254914516827,2,out2+out13
368,16.0,2.328919043548327,1.4158930873839213,0.9134085470230378,2,out2+out13
368,17.0,5.388383200456607,-4.572192129823522,0.8827613222796786,2,out2+out4
368,9.0,2.7501047317223826,-4.383732760216269,0.9754093892175708,2,out4+out13
369,12.0,10.341360699598063,-0.9545447353696886,0.8599188096809409,2,out2+out13
369,16.0,2.194421784905747,1.3252518046751434,0.9694408517027533,2,out2+out13
369,17.0,5.208240104359272,-4.524881661958126,0.8718193688021706,2,out2+out4
369,9.0,2.6129835526228518,-4.310663701418575,0.9534922863675523,2,out4+out13
370,12.0,10.273375338166298,-0.933653669755825,0.8617197434666992,2,out2+out13
370,16.0,2.0867627520065297,1.2692984294735232,0.9741392272094709,2,out2+out13
370,17.0,4.955943041827868,-4.454021915925345,0.8669894585161217,2,out2+out4
370,9.0,2.529752363208993,-4.249872786683343,0.9497811699101247,2,out4+out13
371,12.0,10.016111694162378,-1.0835754772712742,0.792530845454369,2,out2+out13
371,16.0,1.9989388021105317,1.226917376717821,0.9632606823792208,2,out2+out13
371,17.0,4.736059294716924,-4.3608697146600885,0.8592869887528298,2,out2+out4
371,9.0,2.3708589333772148,-4.033642131978,0.9435519422275563,2,out4+out13
372,12.0,10.040152969807885,-0.9351579692572461,0.892226842269941,2,out2+out13
372,16.0,1.8826157717852459,1.1724069687409078,0.9394490681162287,2,out2+out13
372,17.0,4.601273642718376,-4.330989150243035,0.8534103918169809,2,out2+out4
372,9.0,2.2324935000148867,-3.923135786720745,0.958068882923826,2,out4+out13
373,16.0,1.7462242486057045,1.1152190767409256,0.9192862324706323,2,out2+out13
373,17.0,4.557334652436674,-4.338681799891339,0.8674683720561011,2,out2+out4
373,9.0,2.1456266039813774,-3.86355963609656,0.9746229252976022,2,out4+out13
374,16.0,1.6290198677166041,1.0351040686499051,0.9054309446324839,2,out2+out13
374,17.0,4.425542665594103,-4.306869842194893,0.8944091721655607,2,out2+out4
375,16.0,1.5173756250408792,0.9857038296167542,0.894788106968117,2,out2+out13
375,17.0,4.2369921451947965,-4.266280462841853,0.9458414473044864,2,out2+out4
375,9.0,1.8120114977174249,-3.6416415300500553,1.0094801156214546,2,out4+out13
376,12.0,9.512734192963498,-0.7967951908112778,0.8243520530727005,2,out2+out13
376,16.0,1.4279421375232608,0.942455015397547,0.8979207127684459,2,out2+out13
376,17.0,4.070181189368629,-4.264055651344484,0.9925821961079948,2,out2+out4
376,9.0,1.670302092275869,-3.4517878973997127,0.9199908025268203,2,out4+out13
377,12.0,9.354255233045468,-0.7791909169812181,0.8044671527020633,2,out2+out13
377,16.0,1.3524363551433818,0.9055185954827735,0.9154634417406216,2,out2+out13
377,17.0,3.992269148032075,-4.235726174323243,1.0300333462821594,2,out2+out4
377,9.0,1.5996413124279796,-3.3164388896978516,0.9513923100512935,2,out4+out13
378,12.0,9.320588673015596,-0.7263746416733319,0.8494717551206711,2,out2+out13
378,16.0,1.2203915068664504,0.8305789619297195,0.9097434607716739,2,out2+out13
378,17.0,3.8369158548780113,-4.167835714191506,1.0450433079882921,2,out2+out4
378,9.0,1.5571611596066106,-3.2715379166067926,1.018354196658478,2,out4+out13
379,12.0,9.197027695760747,-0.7507520985380373,0.8520602063587025,2,out2+out13
379,16.0,1.1092258210531432,0.7573336560397521,0.9243081910877406,2,out2+out13
379,17.0,3.5069564743536796,-4.044188229962007,1.0486365083337166,2,out2+out4
379,9.0,1.467471417128636,-3.1426177229116656,1.028363295641591,2,out4+out13
379,15.0,2.835032654311392,-4.6079141207452885,1.0221497095768242,2,out4+out13
380,12.0,9.118258217236722,-0.7189791401164026,0.8774862241628273,2,out2+out13
380,16.0,0.8973909150390053,0.6372358749217393,0.9283666677810308,2,out2+out13
380,9.0,1.4572995386076433,-3.050833596311226,1.069440025171667,2,out4+out13
380,15.0,2.6933154279864118,-4.633500217282367,1.0498892024236015,2,out4+out13
381,16.0,0.684752101286676,0.5226472797852096,0.9232995318565771,2,out2+out13
381,9.0,1.3852183560401339,-2.9826128500282265,1.1005973715683022,2,out4+out13
381,15.0,2.54789610376706,-4.614285208951863,1.083114901087195,2,out4+out13
382,12.0,8.874325644567538,-0.6739437199549251,0.9418291069507897,2,out2+out13
382,17.0,3.0742348254680327,-4.034605895291792,1.0202178752144262,3,out2+out4+out13
382,9.0,1.2859884720426014,-2.808391939456847,1.0694824874094355,2,out4+out13
382,15.0,2.354690314233928,-4.584898115603086,1.1098976240645313,2,out4+out13
383,12.0,8.792705619796232,-0.6228231265608937,0.9313413853415266,2,out2+out13
383,16.0,0.32260101600279084,0.36295070832653464,0.8780552952473166,2,out2+out13
383,17.0,2.9161754891005667,-3.9808440380061882,1.0500771841130463,3,out2+out4+out13
383,9.0,1.181108778194068,-2.6473854141677213,0.949041495711154,2,out4+out13
383,15.0,2.2102197995145176,-4.563624145248452,1.1106198789014403,2,out4+out13
384,12.0,8.613137306522239,-0.6000836342839567,0.9096862793212439,2,out2+out13
384,16.0,0.24587415139468605,0.3239355856247979,0.8739103115610771,2,out2+out13
384,17.0,2.7610936630931593,-3.95895285902919,1.0693922391508475,3,out2+out4+out13
384,9.0,1.0651019429831865,-2.473668905559651,0.9313059025711174,2,out4+out13
384,15.0,2.0146940264240443,-4.509996637697375,1.1012117455574688,2,out4+out13
385,12.0,8.32779414553095,-0.6458799083418,0.8308597358240405,2,out2+out13
385,16.0,0.2285818931971706,0.30608111152061956,0.8748735962257604,2,out2+out13
385,17.0,2.614411699065869,-3.908838144075173,1.0850694173742683,3,out2+out4+out13
385,9.0,0.9711780569990766,-2.3320571535548704,0.9225501955073685,2,out4+out13
385,15.0,1.7370947657075373,-4.42639225875537,1.0801773177739291,2,out4+out13
386,12.0,8.183161248591414,-0.5679575863186357,0.8270669661624379,2,out2+out13
386,16.0,0.1811566403180145,0.2842206326254409,0.874408355311603,2,out2+out13
386,17.0,2.437424959218524,-3.840117507789111,1.1020335018974492,3,out2+out4+out13
386,9.0,0.7939247241982604,-2.206364017625143,0.9379994568363808,2,out4+out13
386,15.0,1.448996291089285,-4.322299027519402,1.0928758551627422,2,out4+out13
387,12.0,8.09495760580335,-0.5120315999497786,0.848226124249952,2,out2+out13
387,16.0,0.18094083323593566,0.25971594233557665,0.9000587135992466,2,out2+out13
387,17.0,2.3028763277629842,-3.7915160327808977,1.1261619697526617,3,out2+out4+out13
387,9.0,0.6779734980874509,-2.0472400674016407,0.9384958078275997,2,out4+out13
387,15.0,1.2822433969379758,-4.3385289098150155,1.0968122118954275,2,out4+out13
388,12.0,8.006386973981225,-0.4990107194319503,0.866243492927979,2,out2+out13
388,16.0,0.06789613355433508,0.19865939131551988,0.9028315684607902,2,out2+out13
388,17.0,2.16911678193447,-3.7418808792193836,1.0906814922715744,3,out2+out4+out13
388,9.0,0.6140539183523246,-1.9421592381388546,0.950576500584795,2,out4+out13
388,15.0,1.1522718413287338,-4.391171536192623,1.1230958150371777,2,out4+out13
389,12.0,7.883770145351072,-0.4681618118436791,0.8772305936236446,2,out2+out13
389,16.0,-0.04715501231547222,0.1277610677800978,0.9185040185938154,2,out2+out13
389,25.0,8.296207242828205,-6.326567656043841,-0.15811041749875027,2,out2+out4
389,9.0,0.5372609783895982,-1.7914126072610368,0.9562826056643702,2,out4+out13
389,15.0,0.9212420051676077,-4.318990449335714,1.1586793427464814,2,out4+out13
389,17.0,1.9227124608264,-3.6457826741441948,1.0910920474188741,2,out4+out13
390,12.0,7.768976364717697,-0.44284994820637436,0.8967732084946798,2,out2+out13
390,16.0,-0.15984784234350136,0.07558790758498869,0.9036560148674487,2,out2+out13
390,25.0,8.213125311988472,-6.199081672190522,-0.08845165754056446,2,out2+out4
390,17.0,1.6293121209061334,-3.506109517825365,1.0713933118262942,3,out2+out4+out13
390,9.0,0.4543047564488714,-1.6877794649377635,0.9566944892232591,2,out4+out13
390,15.0,0.8088269703349082,-4.329813409037722,1.1832207362503053,2,out4+out13
391,12.0,7.620161214017796,-0.43441359565289295,0.9164726577806338,2,out2+out13
391,16.0,-0.3665969491112811,-0.02559993886928089,0.8895583823438183,2,out2+out13
391,25.0,8.106038067845589,-6.058713606447528,-0.03499935541566601,2,out2+out4
391,17.0,1.5389727504761743,-3.502105834721793,1.0520752373747377,3,out2+out4+out13
391,15.0,0.6580278123687637,-4.303600231986264,1.2167501722627085,2,out4+out13
392,12.0,7.479477221987222,-0.4161598761445776,0.91479712895528,2,out2+out13
392,16.0,-0.4217545350814684,-0.05362416339785372,0.8814153514850297,2,out2+out13
392,25.0,8.002368985147221,-5.927465590611997,0.023785784183295976,2,out2+out4
392,17.0,1.449134101176427,-3.363028900022746,1.104043904593621,2,out2+out13
392,15.0,0.43270924334071137,-4.24191189786871,1.1935401544270154,2,out4+out13
393,12.0,7.308001993431337,-0.4045567248706581,0.9011431415861725,2,out2+out13
393,16.0,-0.5440264467820152,-0.12656062578208113,0.8888078850170227,2,out2+out13
393,17.0,1.379769443066205,-3.4996693640423993,1.094261565403196,3,out2+out4+out13
394,12.0,7.173936212791706,-0.35310873666316334,0.8921415575575018,2,out2+out13
394,16.0,-0.6230691813514962,-0.16607320198771355,0.8928557579403521,2,out2+out13
394,17.0,1.2785778532714462,-3.470047178013963,1.1193116795929232,3,out2+out4+out13
394,15.0,0.050075256609299686,-4.165067195450058,1.1200110158539083,2,out4+out13
395,12.0,6.977397388257985,-0.33704600353547304,0.8780867782414601,2,out2+out13
395,16.0,-0.7373983825298804,-0.206401567173065,0.8614220418046798,2,out2+out13
395,17.0,1.049670644423719,-3.3641693235218013,1.1656043718661875,3,out2+out4+out13
395,15.0,-0.15261412312120798,-4.126379754420452,1.1128322237146964,2,out4+out13
396,12.0,6.82785853672994,-0.3033986927121126,0.8775049417317933,2,out2+out13
396,16.0,-0.8678537229877852,-0.23046358004464368,0.7911781493384736,2,out2+out13
396,17.0,0.8778621119481815,-3.2923487475536857,1.1694336181072238,3,out2+out4+out13
396,15.0,-0.3768337634177928,-4.0201590515592525,1.1277321200697528,2,out4+out13
397,12.0,6.718936364084526,-0.2621069885084839,0.9049374261364206,2,out2+out13
397,16.0,-0.923174650524445,-0.2287694142508345,0.7320375970252915,2,out2+out13
397,18.0,5.320947231711911,-2.2922124084907844,0.785659148114113,2,out2+out13
397,17.0,0.7128571010790233,-3.2478747498260523,1.1349861657523936,3,out2+out4+out13
397,15.0,-0.5301188404163321,-4.004690522315071,1.1382133583762617,2,out4+out13
398,12.0,6.574662446083311,-0.24005101957780817,0.9230402569774679,2,out2+out13
398,16.0,-0.9609767504635972,-0.258492363087668,0.7290561305378024,2,out2+out13
398,18.0,4.9842233623718935,-2.4342028121034334,0.811952591878729,2,out2+out13
398,17.0,0.5614022112127905,-3.2001272592062753,1.1121189884530582,3,out2+out4+out13
398,15.0,-0.7082004888780292,-3.9420408986579574,1.1594360100562335,2,out4+out13
399,12.0,6.410898342977616,-0.2746522499863936,0.9326095835505844,2,out2+out13
399,16.0,-1.0312195152104748,-0.3070744090962711,0.7321357518923113,2,out2+out13
399,18.0,4.723280746780816,-2.484619423300564,0.8605149614330131,2,out2+out13
399,17.0,0.4665107949260306,-3.1988992594333654,1.1357927152898544,3,out2+out4+out13
399,15.0,-0.8232124556271124,-3.958676459074208,1.1554473659557942,2,out4+out13
400,12.0,6.299206714581084,-0.2497510268166761,0.9640904838458781,2,out2+out13
400,16.0,-1.169877375443589,-0.4764625694811292,0.6319272088816724,2,out2+out13
400,18.0,4.505648356988888,-2.5132232919199198,0.8773189334676673,2,out2+out13
400,17.0,0.3459461185156757,-3.1769967279111184,1.1125459314130632,3,out2+out4+out13
400,15.0,-1.0513536446232468,-3.8708882305702694,1.1523667353785503,2,out4+out13
401,12.0,6.067506776510514,-0.2745177501022753,0.9914352349041443,2,out2+out13
401,18.0,4.24309449250986,-2.468493657086788,0.8438863501263165,2,out2+out13
401,17.0,0.25935458988372706,-3.164932649257892,1.149593302333925,3,out2+out4+out13
401,25.0,7.476582745026138,-5.17546405475578,0.7197561949652711,2,out2+out4
401,15.0,-1.252713665327807,-3.826614761211858,1.1396867352574678,2,out4+out13
402,12.0,6.015965697926435,-0.19529509557101335,1.0478569355978402,2,out2+out13
402,18.0,4.017882094536514,-2.498384738913143,0.8050198474498013,2,out2+out13
402,17.0,0.1853552586377292,-3.1662623299761696,1.1526107922051956,3,out2+out4+out13
402,25.0,7.446299124326152,-5.1773936548491495,0.7447416730974702,2,out2+out4
402,16.0,-1.549983918485065,-1.496066890516072,0.24787179115550234,2,out2+out13
402,15.0,-1.427573958426838,-3.800166427043749,1.1112072809115145,2,out4+out13
403,12.0,5.852039727511872,-0.14717228141489877,1.0186039559279547,2,out2+out13
403,18.0,3.870219159770853,-2.475395569102686,0.7952797314099248,2,out2+out13
403,17.0,-0.02883157880388897,-3.067155751425912,1.152723916886577,3,out2+out4+out13
403,25.0,7.419647412913976,-5.202002592476465,0.7795803710200145,2,out2+out4
403,15.0,-1.5984681315727993,-3.7895372548149573,1.0793976651549602,2,out4+out13
404,12.0,5.730050553681895,-0.10568437993653824,0.9895711598435799,2,out2+out13
404,18.0,3.763183732244599,-2.4464674918585505,0.8174825514754421,2,out2+out13
404,17.0,-0.16513921974783793,-3.0251686256409895,1.1418728382216685,3,out2+out4+out13
404,25.0,7.3171431742451105,-5.173875738528478,0.795901071865475,2,out2+out4
404,15.0,-1.8142454886084736,-3.738971909084139,1.0739280728261398,2,out4+out13
405,12.0,5.554250030728553,-0.08075653426983345,0.970534628750099,2,out2+out13
405,18.0,3.6385168344924352,-2.4470800766901903,0.8428754655077773,2,out2+out13
405,17.0,-0.2928942244205175,-2.995586028350877,1.12320235591176,3,out2+out4+out13
405,25.0,7.229024450698572,-5.16247636840725,0.8034760078135562,2,out2+out4
405,15.0,-2.0130707342065173,-3.6948644082133755,1.078111374586921,2,out4+out13
406,12.0,5.456200579279372,-0.03080469360034675,1.0271623616170658,2,out2+out13
406,18.0,3.4694583323077643,-2.466655813240798,0.8566484702631016,2,out2+out13
406,17.0,-0.46603590857584765,-2.912908895839714,1.107647420806674,3,out2+out4+out13
406,25.0,7.120970208036384,-5.166923035568812,0.8302099594528407,2,out2+out4
406,16.0,-2.1192591870307473,-2.4682152180773853,-0.19235241695452354,2,out2+out13
406,15.0,-2.187063464780238,-3.6602761232039063,1.092237158592436,2,out4+out13
407,12.0,5.3996405078230545,0.026772738144301488,1.0145636182812965,2,out2+out13
407,18.0,3.2822333780049484,-2.4790170732248713,0.9767221590914048,2,out2+out13
407,17.0,-0.5622307253013994,-2.9025855289392464,1.1352403273045744,3,out2+out4+out13
407,25.0,7.0280101013744725,-5.1757197649202835,0.8500086320217013,2,out2+out4
407,16.0,-2.212685033683655,-2.246829568740477,-0.1511453886146242,2,out2+out13
407,15.0,-2.324744966686825,-3.6043731678977387,1.1178250248093147,2,out4+out13
408,12.0,5.218850445058295,0.003728611422011248,1.0291724951650163,2,out2+out13
408,18.0,3.042363967701859,-2.507107227385903,0.9616836571826353,2,out2+out13
408,17.0,-0.6542757536684048,-2.865279121716218,1.0713227751332324,3,out2+out4+out13
408,25.0,6.937019997056492,-5.202118236480382,0.8629994154254461,2,out2+out4
408,19.0,-0.4475712911314795,-0.08232678858903057,0.7913352430789673,2,out2+out13
408,16.0,-2.2769160484283413,-2.027793978229515,-0.11943133361929213,2,out2+out13
408,15.0,-2.4161674407358973,-3.601715030507696,1.1323059010816616,2,out4+out13
409,12.0,5.042353394070352,-0.031796469835257316,1.0197841082139465,2,out2+out13
409,17.0,-0.7772609882475765,-2.8475295099655167,1.0619622842031196,3,out2+out4+out13
409,25.0,6.861784002375058,-5.233699425452934,0.8739952979306355,2,out2+out4
409,19.0,-0.5796592741599237,-0.09942635746034036,0.7482013738490867,2,out2+out13
409,16.0,-2.423216998671799,-2.6764871748742074,-0.32086547248535036,2,out2+out13
409,15.0,-2.5859625138130817,-3.5705546942435773,1.1161756195985066,2,out4+out13
410,12.0,4.89627590082344,-0.04754071444895509,1.0320859979839092,2,out2+out13
410,18.0,2.5362493822360737,-2.496255024867856,0.8881607313169286,2,out2+out13
410,17.0,-0.9287154229209817,-2.8392693150235773,1.0639956964842494,3,out2+out4+out13
410,25.0,6.745421256807592,-5.239309432578869,0.86461059455339,2,out2+out4
410,19.0,-0.5975721198119285,-0.17496515169921512,0.7625913074485492,2,out2+out13
410,16.0,-2.676203765576531,-3.7879461143591686,-0.8475131888037171,2,out2+out13
410,15.0,-2.781350195517005,-3.5480658272579246,1.0571475321122736,2,out4+out13
411,12.0,4.72978613200365,-0.07532324306157394,1.0297695848624215,2,out2+out13
411,18.0,2.372802290501848,-2.5398303493788563,0.8704807169555646,2,out2+out13
411,17.0,-1.1006581128938482,-2.811028044291245,1.0495070274041356,3,out2+out4+out13
411,25.0,6.596584975221303,-5.225386051346278,0.8604727362182714,2,out2+out4
411,19.0,-0.6503001707708406,-0.23858986297313145,0.7656023905777586,2,out2+out13
411,16.0,-2.7699436608956747,-4.32135992174275,-1.1127817875139463,2,out2+out13
411,15.0,-2.9585302637279502,-3.5277440335780166,1.0187040001727088,2,out4+out13
412,12.0,4.6257094155317295,-0.060926765054027866,1.029547544081354,2,out2+out13
412,18.0,2.171152174362493,-2.5770171462755513,0.8654122497817927,2,out2+out13
412,17.0,-1.3039615095344756,-2.7401138015680693,1.045366541740576,3,out2+out4+out13
412,25.0,6.471928958568073,-5.222549306472129,0.9284371520915173,2,out2+out4
412,19.0,-0.7301304749683346,-0.37029663238298344,0.7749290255205089,2,out2+out13
412,16.0,-2.9514608541275025,-4.384511528085084,-1.1702605897707927,2,out2+out13
412,15.0,-3.1103861607708887,-3.5012405505870348,0.9852664989191763,2,out4+out13
413,12.0,4.410279740254328,-0.08638603988893233,0.9908088459649972,2,out2+out13
413,18.0,1.8196779508856935,-2.661149418462578,0.8802147428105058,2,out2+out13
413,17.0,-1.4237946458282777,-2.726843959945198,1.0231306559049202,3,out2+out4+out13
413,25.0,6.344045083887935,-5.2288845397437145,0.9413060176510221,2,out2+out4
413,19.0,-0.824083346924823,-0.5077224071193858,0.7787467906345759,2,out2+out13
413,16.0,-3.010101758787186,-4.260488965757385,-1.1253301035193912,2,out2+out13
413,15.0,-3.2666515899953343,-3.4552210720565104,0.9759513884308011,2,out4+out13
414,12.0,4.344623526653024,-0.04657090619107661,0.9735369668856325,2,out2+out13
414,18.0,1.6039071708977573,-2.6821373434369127,0.9580231644899954,2,out2+out13
414,17.0,-1.5839875907952135,-2.6979478485042807,1.0123445915043505,3,out2+out4+out13
414,25.0,6.226671704332335,-5.238125234168291,0.9468508342566972,2,out2+out4
414,19.0,-0.9318098511010984,-0.5935010346441308,0.80296501196516,2,out2+out13
414,16.0,-3.072431347307779,-4.294525072191882,-1.1404856906679517,2,out2+out13
414,15.0,-3.4401758519036347,-3.3646792612014664,0.9805278182478011,2,out4+out13
415,12.0,4.215620253202269,-0.02806615705606463,0.9583902659087922,2,out2+out13
415,18.0,1.4066059189758027,-2.661825000785562,0.933254602988984,2,out2+out13
415,17.0,-1.7615846744122134,-2.638832278646293,1.0114956136477113,3,out2+out4+out13
415,25.0,6.128257897226586,-5.245162964659403,0.8897880512218584,2,out2+out4
415,19.0,-1.0701766234205121,-0.6810020683386593,0.8144808492389264,2,out2+out13
415,16.0,-3.1412572938061456,-4.405570567577802,-1.2013801003101765,2,out2+out13
415,15.0,-3.605673799422873,-3.2853508271565737,1.0046114551304144,2,out4+out13
416,12.0,4.125824332570263,-0.02352160998684657,0.9618288299762224,2,out2+out13
416,18.0,1.1877841270369593,-2.6331671364254956,0.896493194839896,2,out2+out13
416,17.0,-1.8416623729683592,-2.637045521729394,0.9989044636219516,3,out2+out4+out13
416,25.0,6.049667203694303,-5.267803846627993,0.8951882060471276,2,out2+out4
416,19.0,-1.1830382690270411,-0.7417790647086712,0.8088403955444884,2,out2+out13
416,16.0,-3.215336245636046,-4.443788535925907,-1.2207519825551096,2,out2+out13
416,15.0,-3.693993633950246,-3.2776076138919765,1.0209122794641974,2,out4+out13
417,12.0,4.022682548094284,-0.03132832066103506,0.973103813262054,2,out2+out13
417,18.0,1.066829446410263,-2.5954466521398607,0.8688953085031579,2,out2+out13
417,17.0,-2.0405854724901693,-2.569778667579185,1.0080227501877845,3,out2+out4+out13
417,25.0,5.966828290844077,-5.273905465545273,0.9072621164681101,2,out2+out4
417,19.0,-1.2845993427018316,-0.7662334176715183,0.8225722128240777,2,out2+out13
417,16.0,-3.2678610701980793,-4.584226604266073,-1.2874133977341713,2,out2+out13
417,15.0,-3.817337603101159,-3.246561101251382,1.0352751879532818,2,out4+out13
418,12.0,3.8673250260908754,-0.08133545242633626,0.9682625106258947,2,out2+out13
418,18.0,0.8880556476705724,-2.631564895000098,0.8430231644855197,2,out2+out13
418,17.0,-2.1441258945025923,-2.539675422828561,1.0077100075319971,3,out2+out4+out13
418,25.0,5.864492955782123,-5.284709987375023,0.9074532453355605,2,out2+out4
418,19.0,-1.4362503655614731,-0.896777771381331,0.816971371915263,2,out2+out13
418,16.0,-3.3095584670301412,-4.641310815061185,-1.3093525204186156,2,out2+out13
418,15.0,-3.944420195906781,-3.203404052198052,1.0093151331705288,2,out4+out13
419,12.0,3.71671745678617,-0.11331940516903885,0.9774846176099622,2,out2+out13
419,18.0,0.6984976642018949,-2.6908170893901495,0.8586647306128691,2,out2+out13
419,17.0,-2.2976032662260266,-2.4572724165649027,1.0321768134245204,3,out2+out4+out13
419,25.0,5.757208120892144,-5.303045424858081,0.9236113932051561,2,out2+out4
419,19.0,-1.5901098180848707,-0.9989427888393889,0.8055183374359249,2,out2+out13
419,16.0,-3.3771243758096805,-4.791562736862366,-1.3791693542906813,2,out2+out13
419,15.0,-4.107792236315162,-3.1178719169882667,0.9811645246036063,2,out4+out13
420,12.0,3.586375416583427,-0.12923793840910902,0.9886805036617312,2,out2+out13
420,18.0,0.25988511496398276,-2.9206802625115227,0.8707910007552927,2,out2+out13
420,17.0,-2.3679628487961777,-2.4501492050933518,1.053901238267064,3,out2+out4+out13
420,25.0,5.623285896432058,-5.32036933657589,0.8839357038590495,2,out2+out4
420,19.0,-1.7755755238781035,-1.1024198157438692,0.8290764475082123,2,out2+out13
420,15.0,-4.2500444211738175,-3.0339191567443002,0.9528142196384014,2,out4+out13
421,12.0,3.506993248932831,-0.08952214921821047,0.9964320577897321,2,out2+out13
421,18.0,0.05931475592769218,-2.989245646835247,0.8705728639174407,2,out2+out13
421,17.0,-2.518171683747661,-2.387635696297019,1.096246709914716,3,out2+out4+out13
421,25.0,5.513452674816711,-5.348775429492697,0.8792575765090807,2,out2+out4
421,19.0,-1.837909926704808,-1.124962074983778,0.8323928014825978,2,out2+out13
421,15.0,-4.3500408234311045,-2.9999785159770793,0.9216212087931058,2,out4+out13
422,12.0,3.3614892778320473,-0.09631011236754485,0.9661821354163345,2,out2+out13
422,18.0,-0.07228114809961853,-3.0788762598402375,0.8675635123459806,2,out2+out13
422,17.0,-2.6363902774739554,-2.3353555963513855,1.115155404016903,3,out2+out4+out13
422,25.0,5.374052515160929,-5.407566760605641,0.8836162482223582,2,out2+out4
422,19.0,-1.9317270185170736,-1.1246778453051676,0.8172856931909773,2,out2+out13
422,15.0,-4.437114044280132,-2.944303088019034,0.8978059087858601,2,out4+out13
423,12.0,3.191182563846472,-0.09427463664074123,0.9282110033529838,2,out2+out13
423,18.0,-0.3647903807701189,-3.2430789006304965,0.8166178561434124,2,out2+out13
423,17.0,-2.7683602611644145,-2.2971245351461507,1.128145490578519,3,out2+out4+out13
423,25.0,5.2375455642205235,-5.452191518384966,0.8848433561644073,2,out2+out4
423,19.0,-2.0607427129748364,-1.117136625030682,0.8258508136444526,2,out2+out13
423,15.0,-4.542824277798657,-2.9145762531240536,0.8850606399799119,2,out4+out13
424,12.0,2.9993233503928534,-0.08359482046729932,0.896451452560794,2,out2+out13
424,18.0,-0.6064321139743715,-3.3370197289407044,0.780740386268647,2,out2+out13
424,17.0,-2.8493458455867775,-2.291556954716054,1.115286768330378,3,out2+out4+out13
424,25.0,5.098242528066743,-5.484424831092191,0.8873764875268974,2,out2+out4
424,19.0,-2.218506694505791,-1.147410424332933,0.8143426901038667,2,out2+out13
424,15.0,-4.711111981116654,-2.8171441337241228,0.9108782361823112,2,out4+out13
425,12.0,2.8562165117432188,-0.04466734401775075,0.8957645346319242,2,out2+out13
425,18.0,-0.7826617251814179,-3.4165988822249647,0.7871661782754835,2,out2+out13
425,17.0,-2.9514154502691903,-2.30369707113211,1.1129509961443684,2,out2+out4
425,25.0,4.986880045242973,-5.486162107962728,0.8975680966398895,2,out2+out4
425,19.0,-2.334129179138178,-1.1655872396525913,0.8114797351914051,2,out2+out13
425,15.0,-4.79254398519724,-2.7598610411936297,0.919908149084676,2,out4+out13
426,12.0,2.7561349720621338,0.0011421842425997182,0.9201643304912646,2,out2+out13
426,18.0,-1.059581585768709,-3.5140107348818037,0.8210443988931956,2,out2+out13
426,17.0,-2.798562962823156,-2.166992481674412,1.128838625744649,2,out2+out4
426,25.0,4.873952064260207,-5.481870966395213,0.9145550731221548,2,out2+out4
426,19.0,-2.4860628810422716,-1.2212685399054044,0.8137784681445773,2,out2+out13
426,15.0,-4.984336863771185,-2.660385141390367,0.9202718135515511,2,out4+out13
427,12.0,2.641959230045522,0.00842372468113623,0.9373988767507234,2,out2+out13
427,17.0,-2.9767044066949175,-2.2090045126081423,1.0954182438029154,2,out2+out4
427,25.0,4.773055856603468,-5.485573189339085,0.9261354798997717,2,out2+out4
427,19.0,-2.7079062439891217,-1.3031555827073515,0.7753618730191588,2,out2+out13
427,15.0,-5.1193878691747825,-2.6075810006867672,0.9242698368403158,2,out4+out13
428,12.0,2.4851911428315,-0.03852309925671588,0.9319517479166908,2,out2+out13
428,18.0,-1.4953229376555768,-3.6572810400498263,0.7928526172237239,2,out2+out13
428,17.0,-3.2062448886647483,-2.1684918067117636,1.0805962286490975,2,out2+out4
428,25.0,4.670087566713977,-5.523165913167659,0.9313623568779276,2,out2+out4
428,19.0,-2.9288787136327357,-1.4035217597138832,0.734860075340584,2,out2+out13
428,15.0,-5.21155387709874,-2.6229117385096146,0.9077541748593675,2,out4+out13
429,12.0,2.3171863395426344,-0.0361692962569557,0.9643668319195798,2,out2+out13
429,18.0,-1.724803161118527,-3.75785482703505,0.7783508948319902,2,out2+out13
429,25.0,4.574527962184079,-5.558836943906845,0.9479268897295628,2,out2+out4
429,19.0,-3.1104951037777515,-1.4980904324254005,0.6769874345146699,2,out2+out13
429,15.0,-5.293753180223786,-2.6332110189356057,0.9062402139740647,2,out4+out13
430,12.0,2.1432642828290898,0.0920276288656146,1.0079331797702358,2,out2+out13
430,18.0,-1.9807048392429125,-3.8312077837860845,0.7602362126764199,2,out2+out13
430,25.0,4.470763151065102,-5.582782233827721,0.9503804588318588,2,out2+out4
430,15.0,-5.3931540378368465,-2.6032065706545335,0.8881034875666467,2,out4+out13
430,17.0,-3.4472331956051727,-2.188935831241629,0.7111819475113013,2,out4+out13
431,12.0,2.07401568017312,0.14057955012062542,1.0236666282132372,2,out2+out13
431,25.0,4.321314712055988,-5.5968705893959,0.9606688432612257,2,out2+out4
431,15.0,-5.462358522191364,-2.5949978362548,0.8694947133840721,2,out4+out13
431,17.0,-3.5118843628908345,-2.2103773408904988,0.6513594964241064,2,out4+out13
432,12.0,1.9120042843474663,0.11019987419192437,0.9877488970839761,2,out2+out13
432,18.0,-2.525685448797124,-3.9583630433407326,0.8433549153797036,2,out2+out13
432,25.0,4.182744705132052,-5.601814338882347,0.961003628615391,2,out2+out4
432,15.0,-5.58902111208911,-2.544140281081207,0.8666409930402597,2,out4+out13
433,12.0,1.6508219996874556,0.0690916123673415,0.9391646513263336,2,out2+out13
433,25.0,4.048744577927057,-5.599550375163014,0.9674529273869117,2,out2+out4
433,15.0,-5.7340016440507044,-2.4719728857932606,0.8751825730568281,2,out4+out13
434,12.0,1.5253271239063908,0.11947493266418303,0.9358106385376158,2,out2+out13
434,25.0,3.933288499438403,-5.611667422198061,0.9887987734739736,2,out2+out4
434,18.0,-3.0430028839367265,-4.143330356777192,0.7919151680809664,2,out2+out13
434,15.0,-5.840487252526265,-2.432470004921453,0.8988956061120332,2,out4+out13
435,12.0,1.4303679585660003,0.1597177752286869,0.9500656755390819,2,out2+out13
435,25.0,3.8673361736982153,-5.632628600018982,1.0025545203732362,2,out2+out4
435,18.0,-3.2544598246866845,-4.177832506216603,0.787543581428509,2,out2+out13
435,15.0,-5.95205497164686,-2.3782993902205396,0.9117771769054761,2,out4+out13
436,12.0,1.3326356062739435,0.17511793368445544,0.9750470402986446,2,out2+out13
436,25.0,3.758243443791103,-5.648499844857842,1.0241099453576028,2,out2+out4
436,18.0,-3.524001844400949,-4.199562676982713,0.7852953841348368,2,out2+out13
436,15.0,-6.043788880102342,-2.3227099489328324,0.8903366197939099,2,out4+out13
437,12.0,1.2084045828043963,0.17674755022012795,0.9901399292601842,2,out2+out13
437,25.0,3.637168470381125,-5.669452989568586,1.031393713890185,2,out2+out4
437,18.0,-3.8538835251040138,-4.215423148636359,0.8772021010472516,2,out2+out13
437,15.0,-6.168742729752154,-2.290232681487397,0.8790863036947595,2,out4+out13
437,17.0,-4.04150255897275,-2.3002033573191847,0.9534111814826852,2,out4+out13
437,20.0,-4.217024503996004,0.1559546609230988,0.961866917971585,2,out4+out13
438,12.0,1.0530711054796669,0.169154448195787,0.9885601400434395,2,out2+out13
438,25.0,3.526116098245236,-5.683214304831241,1.0382030790944066,2,out2+out4
438,18.0,-4.217868033946832,-4.243485861350351,0.887171747825069,2,out2+out13
438,15.0,-6.270691353864194,-2.2999753277443635,0.8464621243685705,2,out4+out13
438,17.0,-4.240440534331585,-2.260219390382015,0.9704758844653206,2,out4+out13
438,20.0,-4.317117723764988,0.16927871360445562,0.959358437618577,2,out4+out13
439,12.0,0.8911736328313689,0.14729152191824305,1.0283912282032395,2,out2+out13
439,25.0,3.440763698873584,-5.669727091629794,1.0506319236582728,2,out2+out4
439,18.0,-4.562261193810883,-4.278297620322083,0.8465578302620393,2,out2+out13
439,15.0,-6.379830349236031,-2.146616389774365,0.8353089541712848,2,out4+out13
439,20.0,-4.380690787318752,0.1636814674754466,0.9487300585252089,2,out4+out13
440,12.0,0.7691136760908478,0.15426868017572154,1.0432383205158018,2,out2+out13
440,25.0,3.3466843641818196,-5.6740967974326955,1.0579180843153886,2,out2+out4
440,18.0,-4.675679116459968,-4.264691238979444,0.8427883573213218,2,out2+out13
440,17.0,-2.3932645192896818,-4.011588113954211,0.06175788959865507,3,out2+out4+out13
440,15.0,-6.402685831132311,-2.15613912176859,0.7837815203690961,2,out4+out13
440,20.0,-4.429768157016028,0.1511803525997459,0.9278424550147973,2,out4+out13
441,12.0,0.6191369696575975,0.17985519995565813,1.0227706833639634,2,out2+out13
441,25.0,3.24436862104554,-5.690959405905758,1.0480938908900905,2,out2+out4
441,18.0,-4.918928363232768,-4.269700729778718,0.8470240920542305,2,out2+out13
441,15.0,-6.72247300126757,-2.033059068517931,0.8023690136393519,2,out4+out13
441,17.0,-4.425171984802905,-2.345147302679645,1.1963317153950592,2,out4+out13
441,20.0,-4.494050077902326,0.14462134553770262,0.9168071181864351,2,out4+out13
442,12.0,0.41414283456741385,0.1567366881206024,0.9819819768106511,2,out2+out13
442,25.0,3.117226850045067,-5.741454750422617,1.0591047119457435,2,out2+out4
442,18.0,-5.270593663278782,-4.293609933719654,0.8959563027161981,2,out2+out13
442,15.0,-6.849787194507255,-2.0134161509651656,0.7999980596372416,2,out4+out13
442,17.0,-4.432550860816464,-2.4124433676265693,1.1998457168474947,2,out4+out13
442,20.0,-4.554169189285498,0.12672412835767136,0.9116310909237278,2,out4+out13
443,12.0,0.21752915699357836,0.2025509652999374,0.9397919704981819,2,out2+out13
443,25.0,2.990346733530644,-5.767924187936149,1.0656282848549967,2,out2+out4
443,15.0,-7.00208573467638,-2.0413964124171486,0.8062239436962205,2,out4+out13
443,17.0,-4.675917184585172,-2.322698658875155,1.2457565270870106,2,out4+out13
443,20.0,-4.61609293562653,0.12397907575777456,0.9060641604800579,2,out4+out13
444,12.0,0.11935734566335834,0.2143154089963504,0.9295972927028214,2,out2+out13
444,25.0,2.864973394088521,-5.799848596846728,1.0830306266017424,2,out2+out4
444,15.0,-7.224167667413675,-2.067967013871897,0.8318156981039732,2,out4+out13
444,17.0,-4.726256605830998,-2.3748553435828823,1.2071826836931798,2,out4+out13
444,20.0,-4.656202645192988,0.1084891207910891,0.9022373952851229,2,out4+out13
445,12.0,0.03158124233775276,0.18255124072205173,0.9215065400473255,2,out2+out13
445,25.0,2.736978678334711,-5.818983689966855,1.085189028199489,2,out2+out4
445,15.0,-7.2475444862313365,-2.2795640464008957,0.8150997211852383,2,out4+out13
445,17.0,-4.796331113238171,-2.4067549154199597,1.1699043620985972,2,out4+out13
445,20.0,-4.6949048598448915,0.11411185334121446,0.9043976152489827,2,out4+out13
446,12.0,-0.0912637404431484,0.10837002442020112,0.882635119305744,2,out2+out13
446,25.0,2.6276412907370785,-5.817400582909555,1.1046505417970585,2,out2+out4
446,18.0,-6.439291547754932,-3.9884174150517957,0.9271293253009818,2,out2+out13
446,17.0,-4.81938608220029,-2.475995308854177,1.1009990503124945,2,out4+out13
446,20.0,-4.785031822025312,0.14563058020884814,0.9250873359915119,2,out4+out13
447,12.0,-0.24287513346181955,0.012649701839159741,0.8520507322461452,2,out2+out13
447,25.0,2.5110465003518847,-5.810139914510901,1.1303629827737884,2,out2+out4
447,26.0,-5.287583409352255,-2.912691891200034,-0.0984524385091131,2,out2+out4
447,18.0,-6.837040647451512,-3.9397247451464965,0.9652020801715734,2,out2+out13
447,17.0,-4.943107470768927,-2.444729847018639,1.0913641793204334,2,out4+out13
447,20.0,-4.908796148363524,0.15601447096378915,0.9538334877497623,2,out4+out13
448,12.0,-0.38290909159142955,-0.20099278881232557,0.7652398138721682,2,out2+out13
448,25.0,2.3991031019117917,-5.826931685131586,1.141969459303978,2,out2+out4
448,26.0,-5.354293166860912,-3.0394793380729577,-0.17301662027148715,2,out2+out4
448,20.0,-5.025409062696367,0.18736200571854275,0.9827530041724583,2,out4+out13
449,12.0,-0.5100026011479516,-0.3682331437504908,0.715114459778878,2,out2+out13
449,25.0,2.2927040013557907,-5.861652250751746,1.146179527175896,2,out2+out4
449,26.0,-5.264401000665279,-3.2745595288489415,-0.3111584257319009,2,out2+out4
449,18.0,-7.095067531991328,-4.06013667452206,0.7712010129727347,2,out2+out13
449,17.0,-5.398488400206463,-2.331078952256052,0.8863535321613607,2,out4+out13
449,20.0,-5.121845755842114,0.22322272304833826,0.9979184015437564,2,out4+out13
450,12.0,-0.6429083955925167,-0.6124452512116297,0.5869490920936151,2,out2+out13
450,25.0,2.1779535808566304,-5.884365590355494,1.1583253622744356,2,out2+out4
450,26.0,-5.192307448679971,-3.520912620984546,-0.46373082878994687,2,out2+out4
450,18.0,-7.160605055608371,-4.1139972930959985,0.6833754955112789,2,out2+out13
450,17.0,-5.494958113389796,-2.322922092056637,0.903027264459751,2,out4+out13
450,20.0,-5.221374955018527,0.2764367341105939,1.0138126579238016,2,out4+out13
451,12.0,-1.1176598446496322,-1.0843830839252735,0.3255226204823023,2,out2+out13
451,25.0,2.050450121132166,-5.9083636244061815,1.1586472130626169,2,out2+out4
451,26.0,-5.05869501673921,-3.8149624439830236,-0.6590463009482879,2,out2+out4
451,17.0,-5.582971285129807,-2.3245694973972593,0.9363158175515413,2,out4+out13
451,20.0,-5.2652772124522444,0.2931601649286866,0.9945399115049977,2,out4+out13
452,12.0,0.2606431385216024,-1.0295854288613586,0.4389229745996674,3,out2+out4+out13
452,25.0,1.88654634234003,-5.9285361247756105,1.1655211567406862,2,out2+out4
452,26.0,-4.965823108948605,-3.9852148472792592,-0.7657987340395233,2,out2+out4
452,17.0,-5.643787378316064,-2.372989368111672,0.9155411133923969,2,out4+out13
452,20.0,-5.324956942459038,0.32868463658948127,0.9676901121311532,2,out4+out13
453,12.0,0.5150925751496473,-1.1638171833151238,0.3891481431309432,3,out2+out4+out13
453,25.0,1.7490690273420066,-5.9395713634886445,1.1656528669719208,2,out2+out4
453,26.0,-5.005978432798404,-4.112423721231897,-0.8224222187588647,2,out2+out4
453,17.0,-5.754768094202331,-2.3799656464961934,0.9053382019136119,2,out4+out13
453,20.0,-5.379202920888482,0.3447625182935427,0.9463409955084633,2,out4+out13
453,21.0,-6.597478355770797,-1.2867074329700752,0.8106817839561812,2,out4+out13
454,12.0,0.6052664187717731,-1.2166020113431903,0.38629603320095973,3,out2+out4+out13
454,25.0,1.5993481387636057,-5.943850623777787,1.184533448153531,2,out2+out4
454,26.0,-4.923722591499784,-4.3134218524486005,-0.9298461248262517,2,out2+out4
454,17.0,-5.862530494889212,-2.3713888987500997,0.887341799245443,2,out4+out13
454,20.0,-5.432266446664448,0.37527294874720885,0.9317352699740759,2,out4+out13
454,21.0,-6.740678299335495,-1.2799172827165448,0.8316944290219906,2,out4+out13
455,12.0,0.6927334255931133,-1.3059002950516367,0.3477350384509693,3,out2+out4+out13
455,25.0,1.5062334828541426,-5.950208475386041,1.1948412588685253,2,out2+out4
455,26.0,-4.764123440800424,-4.518781178834706,-1.0518921831321544,2,out2+out4
455,17.0,-5.891587077227974,-2.4312893450809883,0.8668540927006837,2,out4+out13
455,20.0,-5.478218915186581,0.40073848502928844,0.9290841759992322,2,out4+out13
455,21.0,-6.83654542525023,-1.2918641572689822,0.8506854563126313,2,out4+out13
456,12.0,1.2731110067959197,-1.6254605705050744,0.23232208768399298,3,out2+out4+out13
456,25.0,1.361207420936064,-6.011952027444544,1.200853901196517,2,out2+out4
456,26.0,-4.893674496006402,-4.522791128390406,-1.0321696161852207,2,out2+out4
456,20.0,-5.553139911832059,0.42765030414920724,0.9286564681033707,2,out4+out13
456,21.0,-6.934289855597533,-1.2754214741641663,0.8730035518497549,2,out4+out13
457,12.0,1.2693035324548447,-1.6839083153131575,0.18663804168468962,3,out2+out4+out13
457,25.0,1.2671543330632395,-6.004598433094946,1.2124470488678922,2,out2+out4
457,26.0,-4.96793210348946,-4.643326535919916,-1.074294143696984,2,out2+out4
457,17.0,-6.145333573462243,-2.34245248352615,0.8776458357735354,2,out4+out13
457,20.0,-5.59241353406401,0.42505038232171727,0.9307997515977391,2,out4+out13
457,21.0,-7.061602435595339,-1.2357808293284949,0.9053482892508413,2,out4+out13
457,22.0,-9.54071114713889,-3.0677561750046802,0.7415730329549094,2,out4+out13
458,12.0,1.1327834004994841,-1.6839996819204588,0.15169494626234734,3,out2+out4+out13
458,25.0,1.158988978428751,-6.017779076794074,1.2225713289223024,2,out2+out4
458,26.0,-4.613177935599374,-5.157785974084806,-1.3817111157308815,2,out2+out4
458,17.0,-6.269978718735612,-2.2972605002459976,0.8843359738884168,2,out4+out13
458,20.0,-5.6383486935851534,0.44283129690075396,0.9438802786444901,2,out4+out13
458,21.0,-7.169344363411355,-1.2635671611863748,0.9169086201542923,2,out4+out13
458,22.0,-9.853201561747278,-2.9181612226497546,0.761691485496497,2,out4+out13
459,12.0,2.1678746486481244,-2.243280170229234,-0.04347358242185922,3,out2+out4+out13
459,25.0,1.0635956626411112,-6.02419513989888,1.2087874471133833,2,out2+out4
459,26.0,-4.892109487593764,-5.222365241445807,-1.3570966040013,2,out2+out4
459,17.0,-6.3255135486715925,-2.3794583453367744,0.8896887825385555,2,out4+out13
459,20.0,-5.699201962827516,0.4600074806369569,0.9670422871902572,2,out4+out13
459,21.0,-7.276081919288358,-1.2303382528410813,0.9105084641488641,2,out4+out13
459,22.0,-10.15003054941019,-2.7597601050055767,0.7807763057057031,2,out4+out13
460,25.0,0.9517283817700013,-6.037765193907001,1.2128960340802681,2,out2+out4
460,26.0,-4.636463220667777,-5.6757973174166,-1.6399815538213618,2,out2+out4
460,17.0,-6.389895303554868,-2.432744704088158,0.8599482135062524,2,out4+out13
460,20.0,-5.773263601192974,0.46725818443971656,0.9838940173119185,2,out4+out13
460,21.0,-7.357033116493972,-1.2411126208220065,0.8869841951129747,2,out4+out13
460,12.0,-2.517556794717399,0.29504497506244143,0.8736132101998753,2,out4+out13
460,22.0,-10.320221283942683,-2.7540355623836636,0.7992625213771005,2,out4+out13
461,25.0,0.8529189078223869,-6.044015002928732,1.2048936763202007,2,out2+out4
461,26.0,-4.4013981554823385,-6.046256315296673,-1.8792590158810758,2,out2+out4
461,17.0,-6.476030721850737,-2.457837102264068,0.8461477938684788,2,out4+out13
461,20.0,-5.839524687961507,0.4722421177694246,0.9943676134269553,2,out4+out13
461,21.0,-7.5005152732762195,-1.1612405677641726,0.8645786609816803,2,out4+out13
461,12.0,-2.624708607044399,0.26212255784351557,0.8868327316292983,2,out4+out13
461,22.0,-10.511734769101455,-2.400470335186655,0.8566897041300019,2,out4+out13
462,25.0,0.7302587541426442,-6.070242057107411,1.2005880966006557,2,out2+out4
462,26.0,-4.405580069809966,-6.2123479543680515,-2.0067563184007735,2,out2+out4
462,17.0,-6.589920563073973,-2.435343703895832,0.8489286537392632,2,out4+out13
462,20.0,-5.918920027869005,0.46667209150977934,0.9983255761789284,2,out4+out13
462,21.0,-7.629701514269508,-1.1202405620113614,0.845188324052993,2,out4+out13
462,12.0,-2.692720324879289,0.20532995818357466,0.9040991010880225,2,out4+out13
462,22.0,-10.671424818916035,-2.367798787234235,0.9216475132381173,2,out4+out13
463,25.0,0.5983566048399247,-6.1163941407730995,1.1936624993592182,2,out2+out4
463,26.0,-4.481136956833528,-6.405181890769456,-2.096295986935745,2,out2+out4
463,17.0,-6.6819846130447855,-2.4473777205804725,0.8364832443945078,2,out4+out13
463,20.0,-5.9428485060054275,0.43099128749239635,0.9819353738346974,2,out4+out13
463,21.0,-7.772775917809235,-1.0472321302929684,0.8248297899672185,2,out4+out13
463,12.0,-2.757382993196864,0.16966214377651823,0.9239375721053629,2,out4+out13
463,22.0,-10.888086752497163,-2.366577699896309,1.0214603016585537,2,out4+out13
464,25.0,0.43730754635540164,-6.161224018690783,1.1989648997065265,2,out2+out4
464,26.0,-4.613505229881122,-6.586539576342389,-2.1970155483686606,2,out2+out4
464,17.0,-6.751739993547789,-2.4749036543174308,0.8258787306919543,2,out4+out13
464,20.0,-5.992576121131279,0.39204217879585396,0.9570804539245266,2,out4+out13
464,21.0,-7.892928018719034,-1.00264217123954,0.8184158052669652,2,out4+out13
464,12.0,-2.8297046362937976,0.12359260071942763,0.9479787268703782,2,out4+out13
464,22.0,-11.031526767665419,-2.2360680397408252,1.1268496199001299,2,out4+out13
465,25.0,0.33044471701463873,-6.1848278221880735,1.2117018608269907,2,out2+out4
465,26.0,-4.617781963938431,-6.736428248748802,-2.3090622939972145,2,out2+out4
465,17.0,-6.7889632402033175,-2.5174047707158667,0.8079328505239245,2,out4+out13
465,20.0,-6.1038011246628745,0.40259291559175064,0.9478025002777499,2,out4+out13
465,21.0,-7.983992721096775,-0.9853740024270725,0.8158458825061667,2,out4+out13
465,12.0,-2.966775294882382,0.14506446855565203,0.9405539482038541,2,out4+out13
465,22.0,-11.26748776417119,-2.0656216757846027,1.1857649144482818,2,out4+out13
466,25.0,0.20505712034228066,-6.182290700279259,1.216201085149839,2,out2+out4
466,26.0,-4.715602020806743,-6.791901443417107,-2.3495557344478692,2,out2+out4
466,17.0,-6.881092534847572,-2.54100632274551,0.7911288399204266,2,out4+out13
466,20.0,-6.146912188806178,0.3648326185352157,0.9186536458925786,2,out4+out13
466,21.0,-8.057194240636932,-0.9926550908914181,0.8214502057278753,2,out4+out13
466,12.0,-3.193338000229154,0.2039533948444355,0.9455021501874196,2,out4+out13
466,22.0,-11.477432655311622,-2.007372717684924,1.2314675777875046,2,out4+out13
467,25.0,0.12378149823547971,-6.185527044154496,1.2185660498365898,2,out2+out4
467,26.0,-4.893631951928687,-6.787143290740349,-2.3166312401347016,2,out2+out4
467,17.0,-6.906708736225002,-2.591381049193151,0.7845033892597202,2,out4+out13
467,20.0,-6.183123563401549,0.350409989790955,0.891556966471212,2,out4+out13
467,21.0,-8.119517304226683,-1.0221452675493077,0.8347292063960855,2,out4+out13
467,12.0,-3.331114336273895,0.2293246386892068,0.9402876428140862,2,out4+out13
467,22.0,-11.64227112361775,-1.788486828557407,1.2673856940440695,2,out4+out13
468,25.0,0.012725982330765799,-6.187620466088936,1.2213395097076816,2,out2+out4
468,26.0,-4.900127983760559,-6.963354223686476,-2.3929440958122825,2,out2+out4
468,17.0,-7.0353204454861435,-2.5446603958196006,0.8147466504982376,2,out4+out13
468,20.0,-6.2500675810620905,0.35238011835130345,0.8856296712679175,2,out4+out13
468,21.0,-8.163469064991512,-1.0818332346705244,0.8452365200018209,2,out4+out13
468,12.0,-3.437166374416974,0.24298552570482312,0.9063951757117926,2,out4+out13
468,22.0,-11.874990840921106,-1.6803924308262428,1.3202313329892617,2,out4+out13
469,25.0,-0.09814277328940245,-6.211611083310257,1.2156317967188695,2,out2+out4
469,26.0,-5.000573892690538,-7.137003950159703,-2.446333977438537,2,out2+out4
469,17.0,-7.131603270438468,-2.5279179681226687,0.8517359467837207,2,out4+out13
469,20.0,-6.333364347324151,0.3647141961375966,0.9063357815112203,2,out4+out13
469,21.0,-8.293039353633619,-1.0987613254289932,0.8809548033087825,2,out4+out13
469,12.0,-3.501610523377218,0.21955857410875113,0.8744607717553207,2,out4+out13
469,22.0,-12.038240206891944,-1.7112604057633383,1.316800476774411,2,out4+out13
470,25.0,-0.1859520473850623,-6.247398601477765,1.2074762153885044,2,out2+out4
470,26.0,-4.8811636223583035,-7.361115229644336,-2.5658639099748335,2,out2+out4
470,17.0,-7.168395948919887,-2.535853534142676,0.8572308136901926,2,out4+out13
470,20.0,-6.388093043428527,0.359557196563347,0.9174124402581196,2,out4+out13
470,21.0,-8.367635085718112,-1.138715833398752,0.9024560258133361,2,out4+out13
470,12.0,-3.678128847030703,0.25435415280131196,0.8899214741854612,2,out4+out13
470,22.0,-12.221840519323402,-1.7671291178644728,1.2921825041548154,2,out4+out13
471,25.0,-0.2824906089152971,-6.2720666022080085,1.195296049190125,2,out2+out4
471,26.0,-4.980808760061972,-7.469814917533587,-2.5814912288915597,2,out2+out4
471,17.0,-7.182868796740694,-2.5504038537156664,0.8797315846681493,2,out4+out13
471,20.0,-6.496871627865677,0.37579725149971394,0.9480623234548783,2,out4+out13
471,21.0,-8.400398355577565,-1.207352576165685,0.8785784139666301,2,out4+out13
471,12.0,-3.8612828719555035,0.28491362557282107,0.9126310065856349,2,out4+out13
472,25.0,-0.41550947593703336,-6.300425400714778,1.1948605593033177,2,out2+out4
472,26.0,-5.138463885258759,-7.479919655956617,-2.5405119950411414,2,out2+out4
472,17.0,-7.254424253253629,-2.603857508193471,0.8988582889263502,2,out4+out13
472,20.0,-6.502343414085911,0.33749312538108356,0.9637064470632838,2,out4+out13
472,21.0,-8.566501609702232,-1.1750749754556051,0.8770095050821631,2,out4+out13
472,12.0,-4.045957527381964,0.30983313384992034,0.9524892742608708,2,out4+out13
472,22.0,-12.722222236626482,-1.5503440425097368,1.2791901796227074,2,out4+out13
473,25.0,-0.5252438070179674,-6.326846088460826,1.1938545365172042,2,out2+out4
473,26.0,-5.313450490380306,-7.481008728137197,-2.5147264256896507,2,out2+out4
473,17.0,-7.269628112169791,-2.613989943864481,0.891054398185146,2,out4+out13
473,20.0,-6.527413842753006,0.2977596513849669,0.9787752025727863,2,out4+out13
473,21.0,-8.659909774248774,-1.2160675347002645,0.8478125477512478,2,out4+out13
473,12.0,-4.106404408389137,0.294773563946625,0.9644146647684043,2,out4+out13
473,22.0,-12.870536451723893,-1.416706933431297,1.2114097889372044,2,out4+out13
474,25.0,-0.6467119829035777,-6.3373327860418,1.1947198938657568,2,out2+out4
474,26.0,-5.581681253501993,-7.335146252790557,-2.4159467547832625,2,out2+out4
474,17.0,-7.282802081144701,-2.6744884633026995,0.8599256382400744,2,out4+out13
474,20.0,-6.692504609644798,0.36651525782016225,1.0204010686050267,2,out4+out13
474,21.0,-8.728975877424675,-1.1403744355870733,0.826299433046109,2,out4+out13
474,12.0,-4.2028834337069645,0.33635292141226775,0.9551293874237452,2,out4+out13
474,22.0,-13.014671575378975,-1.3696487660266876,1.1109346264164854,2,out4+out13
475,25.0,-0.7798750036791688,-6.327785915786516,1.2100375208813006,2,out2+out4
475,26.0,-5.609347808286062,-7.347148929705802,-2.4351151133478948,2,out2+out4
475,17.0,-7.33109817308756,-2.685985043180764,0.8498364565686897,2,out4+out13
475,20.0,-6.770517166232894,0.3892243817905153,1.0249432850267879,2,out4+out13
475,21.0,-8.753868242462174,-1.252647359053079,0.7873425783501284,2,out4+out13
475,12.0,-4.278992122683357,0.3429126544476004,0.9607756705246748,2,out4+out13
475,22.0,-13.202781240546702,-1.3293894946984388,1.0207308710632819,2,out4+out13
476,25.0,-0.8868626976005373,-6.311984105630575,1.2076441394654545,2,out2+out4
476,26.0,-5.8582853773213515,-7.120231954426258,-2.277929275559975,2,out2+out4
476,17.0,-7.306921823785266,-2.748526218718874,0.8326155751388411,2,out4+out13
476,20.0,-6.867520450364456,0.40859526443588434,1.0136130622850879,2,out4+out13
476,21.0,-8.846611436146738,-1.210742196030924,0.7907987503589873,2,out4+out13
476,12.0,-4.394650391057684,0.35584044137967363,0.9849777155102792,2,out4+out13
476,22.0,-13.530801921364114,-1.2634106096736244,0.9522097781342406,2,out4+out13
477,25.0,-0.9792116016248806,-6.323996513624072,1.2135867957447095,2,out2+out4
477,26.0,-5.984397824349212,-6.939967892577964,-2.1513510011310513,2,out2+out4
477,17.0,-7.322077985843389,-2.7720566118051164,0.8194810678064843,2,out4+out13
477,20.0,-6.943567104066865,0.41039864202309057,0.9771121366402702,2,out4+out13
477,21.0,-8.962625975694648,-1.177963091610747,0.82972127811496,2,out4+out13
477,12.0,-4.4836852315078035,0.35539709393242197,0.985559653925298,2,out4+out13
477,22.0,-13.691255163677322,-1.26426429221297,0.8675850863314585,2,out4+out13
478,25.0,-1.0850849021751567,-6.343364416234223,1.201327563501316,2,out2+out4
478,26.0,-5.993167494754401,-6.876749122319308,-2.0960896279881207,2,out2+out4
478,17.0,-7.295181206628302,-2.8225764242864138,0.8427453556125839,2,out4+out13
478,20.0,-6.995069255460969,0.40170966310637474,0.9456803012122156,2,out4+out13
478,21.0,-9.056980378700953,-1.1960443512468686,0.8594280981643951,2,out4+out13
478,12.0,-4.590698185466879,0.36948468807357915,0.9567581625453844,2,out4+out13
478,22.0,-13.955680477185453,-1.0636275982851338,0.8152194982338778,2,out4+out13
479,25.0,-1.1580343944424254,-6.354937446975715,1.2010662017941356,2,out2+out4
479,26.0,-5.954597146035874,-6.82690439894383,-2.0534040427697704,2,out2+out4
479,20.0,-7.122610455548826,0.43720336708171825,0.941115749564302,2,out4+out13
479,21.0,-9.212163247844867,-1.1349756370927646,0.9068655070407962,2,out4+out13
479,12.0,-4.7906282803738245,0.4415785358349068,0.9702484438915459,2,out4+out13
479,22.0,-14.138533267558808,-0.9843697429628592,0.7841986975724267,2,out4+out13
480,25.0,-1.215988822737536,-6.354337758110646,1.1902637155533258,2,out2+out4
480,26.0,-5.849352992672958,-6.761846830548561,-2.029903449048223,2,out2+out4
480,20.0,-7.153055560819129,0.4074650964152258,0.9037253821422586,2,out4+out13
480,21.0,-9.282476945980175,-1.1445474118990722,0.9237697225515147,2,out4+out13
480,12.0,-4.9416966479934805,0.4726479362868066,0.977990276372839,2,out4+out13
480,22.0,-14.2725753694464,-0.9634851301105384,0.796283415594277,2,out4+out13
481,25.0,-1.261993045419062,-6.343025215994151,1.1805466616677938,2,out2+out4
481,26.0,-5.568399010403994,-6.919726839604307,-2.1628679715019876,2,out2+out4
481,20.0,-7.232793574025374,0.4023448306754009,0.9009994975221431,2,out4+out13
481,21.0,-9.343681378410079,-1.159888513056825,0.9270929740441434,2,out4+out13
481,12.0,-5.021817552122039,0.4470981336844332,0.972447392670733,2,out4+out13
481,22.0,-14.382176718371923,-0.98495669699083,0.7999592293546907,2,out4+out13
482,25.0,-1.319757714138371,-6.3422320774685925,1.1697565672160375,2,out2+out4
482,26.0,-5.365651770664295,-7.028391376235563,-2.280210993960266,2,out2+out4
482,20.0,-7.356320303923446,0.4349041388377921,0.9077940046690864,2,out4+out13
482,21.0,-9.418321119036676,-1.1520444982581295,0.9062773521845009,2,out4+out13
482,23.0,-14.267969667390762,1.2240506480699074,0.10037376171914213,2,out4+out13
482,12.0,-5.097693286346048,0.40928148132811026,0.9720392507093729,2,out4+out13
482,22.0,-14.588324630163482,-0.8382030763293035,0.8353704196810183,2,out4+out13
483,25.0,-1.3690610994869992,-6.335243396038096,1.159524941572197,2,out2+out4
483,26.0,-5.3059214727339,-7.01920144580944,-2.306036072182551,2,out2+out4
483,20.0,-7.438095789238241,0.4408360872842289,0.9091657352169575,2,out4+out13
483,21.0,-9.50835094306248,-1.1305859945731833,0.8746346304781807,2,out4+out13
483,23.0,-14.276548001224354,1.2188213592053765,0.10056012566272789,2,out4+out13
483,12.0,-5.219605603491504,0.42396828565910355,0.9742632700863795,2,out4+out13
483,22.0,-14.679969109463611,-0.8467913490713262,0.8313471412216002,2,out4+out13
483,17.0,-7.441008533817123,-2.7487549671190528,0.8943146500297601,2,out4+out13
484,25.0,-1.4207850714256884,-6.332928696958196,1.1660654192157496,2,out2+out4
484,26.0,-5.2636956076218215,-7.016095105325696,-2.345582982525249,2,out2+out4
484,20.0,-7.50926000059813,0.46943054664719513,0.9193488312771686,2,out4+out13
484,21.0,-9.603363163938619,-1.1043303036912893,0.8400229220148462,2,out4+out13
484,23.0,-14.323065460474874,1.2672684565353585,0.12861926043296903,2,out4+out13
484,12.0,-5.3212915385960375,0.44168695663066365,0.97812448984217,2,out4+out13
484,22.0,-14.843012412568228,-0.7262777117110685,0.8083024901882038,2,out4+out13
484,17.0,-7.462564338928362,-2.7481414381946117,0.8924846889516087,2,out4+out13
485,25.0,-1.4924561750971486,-6.3435406556680425,1.1657226793165167,2,out2+out4
485,26.0,-5.204528684878946,-7.032434530278304,-2.3925345322280163,2,out2+out4
485,21.0,-9.612042950670299,-1.2113267961099548,0.7815100297214975,2,out4+out13
485,23.0,-14.349729044469804,1.3039160878002602,0.14457803200022606,2,out4+out13
485,12.0,-5.431600936294968,0.4089089978030431,0.990428666886511,2,out4+out13
485,22.0,-14.952460097795994,-0.6614786199153064,0.7598611709981132,2,out4+out13
485,17.0,-7.455950151814161,-2.761979583021556,0.8970649465263794,2,out4+out13
486,25.0,-1.6124016158774663,-6.364214601433707,1.1819719632731032,2,out2+out4
486,26.0,-5.197669291269029,-7.027472101766114,-2.3919782913620087,2,out2+out4
486,20.0,-7.568562653974382,0.4753784085468908,0.9107707994954127,2,out4+out13
486,21.0,-9.766372170028482,-1.132638523063212,0.7987482620774673,2,out4+out13
486,23.0,-14.40388785436527,1.385108834422144,0.19444543897645833,2,out4+out13
486,12.0,-5.553159850657947,0.41255791583615176,0.9756260388745025,2,out4+out13
486,22.0,-15.011367474418199,-0.658288913484239,0.7312034145980869,2,out4+out13
486,17.0,-7.44931836754568,-2.775849783203123,0.9016581626279979,2,out4+out13
487,25.0,-1.7277925738530973,-6.383568425971162,1.2038302264032295,2,out2+out4
487,26.0,-5.1714874018811665,-6.982289360401812,-2.368704721083435,2,out2+out4
487,20.0,-7.617664073774263,0.5025002559745605,0.922006655779564,2,out4+out13
487,21.0,-9.864834914144444,-1.0876833136065152,0.8021807926285236,2,out4+out13
487,23.0,-14.445762931736274,1.4805860380526987,0.24612097592970597,2,out4+out13
487,12.0,-5.7087018313621085,0.39213302832203284,0.9672602002985146,2,out4+out13
487,22.0,-15.069202476362708,-0.6523020053162427,0.7191075676556512,2,out4+out13
487,17.0,-7.431811571772041,-2.795712126827544,0.9121999017689925,2,out4+out13
488,25.0,-1.819098979948247,-6.39712690621102,1.2089204351960896,2,out2+out4
488,26.0,-5.105339132785516,-6.904183009491053,-2.3506443050450905,2,out2+out4
488,20.0,-7.718348379304464,0.5536209215688354,0.9490569640353419,2,out4+out13
488,21.0,-9.97974143814651,-1.011846060906986,0.8150853308789682,2,out4+out13
488,23.0,-14.483032896858933,1.5740617086022737,0.2943971336485359,2,out4+out13
488,12.0,-5.9407204547902985,0.4105283815638275,0.9985464128853697,2,out4+out13
488,22.0,-15.119774860251356,-0.651210733836061,0.712289671764239,2,out4+out13
488,17.0,-7.410522226180914,-2.798182494320126,0.898658003283799,2,out4+out13
489,25.0,-1.9047806342494893,-6.415142380738499,1.202184828068123,2,out2+out4
489,26.0,-5.018170622197115,-6.736916244448236,-2.308266829494592,2,out2+out4
489,20.0,-7.8061523830915,0.579724818946476,0.9584661762770054,2,out4+out13
489,21.0,-10.26094025698659,-0.7651630762590476,0.9313306923889689,2,out4+out13
489,23.0,-14.453720514527914,1.572919863908303,0.2889498043886571,2,out4+out13
489,12.0,-6.052077854715124,0.34338917686662923,0.9829320427928723,2,out4+out13
489,22.0,-15.170249882474163,-0.6210877686000285,0.7214605264197491,2,out4+out13
489,17.0,-7.3900680272797805,-2.8049797692564344,0.8802672803865751,2,out4+out13
490,25.0,-1.9848614829165054,-6.4044011026899055,1.1921970189865356,2,out2+out4
490,26.0,-4.987621813086778,-6.641950213030998,-2.278650655978824,2,out2+out4
490,20.0,-7.815054086735233,0.5502417297892727,0.9389202967995579,2,out4+out13
490,21.0,-10.317216262573199,-0.7624331588215479,0.9439149831524747,2,out4+out13
490,23.0,-14.426996375857446,1.5837106648214943,0.2898131159799794,2,out4+out13
490,12.0,-6.134322847668199,0.2384081408372069,0.9707110226255459,2,out4+out13
490,22.0,-15.200928027199232,-0.5979370668529465,0.7134898445336683,2,out4+out13
490,17.0,-7.3707137208101985,-2.7943052091315232,0.8629409337765299,2,out4+out13
491,25.0,-2.0768962030376237,-6.400995863282182,1.1816097655382736,2,out2+out4
491,26.0,-5.0591717268949905,-6.544445560752295,-2.2273649301898852,2,out2+out4
491,20.0,-7.887886494275694,0.5440365659477745,0.9198725598307661,2,out4+out13
491,21.0,-10.353302416427697,-0.7671343909378241,0.9533426383861765,2,out4+out13
491,23.0,-14.375437290790542,1.5570576285726532,0.272975005802458,2,out4+out13
491,12.0,-6.217167807827851,0.19358324569103114,0.941311573440426,2,out4+out13
491,22.0,-15.260388349607805,-0.5643829053649781,0.721456763725302,2,out4+out13
491,17.0,-7.334993600186322,-2.7963706533126658,0.8413512667231647,2,out4+out13
492,25.0,-2.139224471691347,-6.390230556988516,1.1659508679207218,2,out2+out4
492,26.0,-5.104728675953918,-6.338253808678807,-2.133596649304455,2,out2+out4
492,20.0,-7.953844735894078,0.5470688855435266,0.8783404266569745,2,out4+out13
492,21.0,-10.384102374365797,-0.7765720576725004,0.9660321093898259,2,out4+out13
492,23.0,-14.355674656946313,1.567502573376657,0.26984031610478865,2,out4+out13
492,12.0,-6.313855404631904,0.20285015276320065,0.954888986275672,2,out4+out13
492,17.0,-7.287291795721061,-2.808469742311812,0.8300584212858015,2,out4+out13
493,25.0,-2.1860998984776017,-6.394585259152353,1.1546689530495424,2,out2+out4
493,26.0,-5.087000508235186,-6.284517683660953,-2.10900811429957,2,out2+out4
493,20.0,-8.040032009794345,0.5629556714511847,0.8434456482276347,2,out4+out13
493,21.0,-10.398762606957082,-0.8032692061461351,0.9707599482344035,2,out4+out13
493,23.0,-14.348424493165233,1.5893556676454843,0.28259000248396565,2,out4+out13
493,12.0,-6.432987347923864,0.17988343364027107,0.9903349069748103,2,out4+out13
493,17.0,-7.24386028096176,-2.8283009938225505,0.8174580951295033,2,out4+out13
494,25.0,-2.227334086431302,-6.405718581239988,1.1317969796263556,2,out2+out4
494,26.0,-5.176659067944314,-6.157041865590991,-2.0101498691936897,2,out2+out4
494,20.0,-8.077822027594744,0.5585143542257175,0.8078204586650314,2,out4+out13
494,21.0,-10.36501818301546,-0.8780545138279828,1.0220446053870085,2,out4+out13
494,23.0,-14.331950306710278,1.5839796238216028,0.27508516172718517,2,out4+out13
494,12.0,-6.52586629377832,0.09445965894368445,0.9987457261352405,2,out4+out13
494,17.0,-7.212229824076915,-2.8361242529428194,0.8100034031350682,2,out4+out13
495,25.0,-2.259157938201485,-6.415405852432998,1.1312801666898438,2,out2+out4
495,26.0,-5.164966854922466,-5.993163224514559,-1.7469070709357721,2,out2+out4
495,20.0,-8.158575844089226,0.7294994689037462,0.7988886416324122,2,out4+out13
495,23.0,-14.292676883703026,1.5526199536794942,0.25587633440562063,2,out4+out13
495,17.0,-7.212540493048208,-2.827527161828408,0.8105042851063858,2,out4+out13
496,25.0,-2.3076988253768502,-6.4245498455801675,1.1364530852462502,2,out2+out4
496,26.0,-5.480140965791318,-5.928370646750229,-1.6267671291470591,2,out2+out4
496,23.0,-14.285775688516187,1.553103568092761,0.2600899301480511,2,out4+out13
496,17.0,-7.201557744138242,-2.822087789906774,0.8064357486490801,2,out4+out13
497,25.0,-2.3484379064927996,-6.456609883209256,1.1456631635835126,2,out2+out4
497,26.0,-5.587160205483951,-5.875076360498105,-1.488167265925143,2,out2+out4
497,23.0,-14.28183103456114,1.5591415238750779,0.26850741860990857,2,out4+out13
497,17.0,-7.186395591339073,-2.808738707432737,0.8037488687673742,2,out4+out13
498,25.0,-2.410113576723722,-6.464403480665007,1.1621510133731372,2,out2+out4
498,26.0,-5.695463954849276,-5.7721458854159025,-1.334601498953994,2,out2+out4
498,23.0,-14.29715454751972,1.5697154711676515,0.27738313157457173,2,out4+out13
498,17.0,-7.164882768614026,-2.8089440902688376,0.8057557735700805,2,out4+out13
499,25.0,-2.454029342850346,-6.464733582493772,1.195691097839817,2,out2+out4
499,26.0,-5.859435588311191,-5.774074835464912,-1.3596755724933864,2,out2+out4
499,23.0,-14.275455863701708,1.5385453114268282,0.2643105879462666,2,out4+out13
499,17.0,-7.1601830599524625,-2.880632288213681,0.8215201069884939,2,out4+out13
500,25.0,-2.5073840093565525,-6.4671068325108525,1.2122624543289389,2,out2+out4
500,26.0,-5.735521562005542,-5.661692128116165,-1.217591796598964,2,out2+out4
500,23.0,-14.29734767289974,1.5392554687334454,0.273208817317402,2,out4+out13
500,17.0,-7.1459553897078,-2.8087016788264183,0.84246131011456,2,out4+out13
501,25.0,-2.5506322598969606,-6.454140841133866,1.2409628505125476,2,out2+out4
501,26.0,-5.723770343396566,-5.578326878550799,-1.1752726976840029,2,out2+out4
501,23.0,-14.275414562107574,1.52030813757836,0.27315421516496885,2,out4+out13
501,17.0,-7.120447857398223,-2.792333080424373,0.8464519851856496,2,out4+out13
502,26.0,-5.542456843105877,-5.3635907101880385,-1.1720829683100717,2,out2+out4
502,23.0,-14.25704702979322,1.4919634612212713,0.2709686001305845,2,out4+out13
502,17.0,-7.104184415504697,-2.7373994145077223,0.8772547521260724,2,out4+out13
502,21.0,-10.705327324409746,-0.8965899017369386,0.8472938419162548,2,out4+out13
503,26.0,-5.621672771456341,-5.310250990846669,-1.1934079957631165,2,out2+out4
503,23.0,-14.210369409047962,1.4473375790429333,0.2610351187735183,2,out4+out13
503,17.0,-7.014324584841177,-2.801942101022089,0.847320455306055,2,out4+out13
503,21.0,-10.772955514028702,-0.8635656070374254,0.8743619966430968,2,out4+out13
504,26.0,-5.687703908270384,-5.297501768068518,-1.2253731322590458,2,out2+out4
504,23.0,-14.203790912739775,1.4233952124564833,0.26315904899498804,2,out4+out13
504,17.0,-7.0145326091561655,-2.7654255790124886,0.8593679814696444,2,out4+out13
504,21.0,-10.846367452670354,-0.793039773230599,0.9035751615635705,2,out4+out13
505,26.0,-5.656783990254043,-5.281220366199427,-1.2168484548580014,2,out2+out4
505,20.0,-8.903033710941866,0.5779254696119732,0.7571417792112634,2,out4+out13
505,23.0,-14.158323974309116,1.3669037015726875,0.24084840259866844,2,out4+out13
505,17.0,-7.086131918641191,-2.7320515579523414,0.7046699367155111,2,out4+out13
505,21.0,-10.871246084164314,-0.7236512502398672,0.9175610588722335,2,out4+out13
506,26.0,-5.672580465274381,-5.244442909622793,-1.3035441514375867,2,out2+out4
506,20.0,-9.069197949190858,0.6801492007848865,0.7983284432768392,2,out4+out13
506,23.0,-14.158031805270504,1.3698455971206975,0.2492318785788243,2,out4+out13
506,17.0,-7.13390303765228,-2.6684948418267878,0.6655209328886247,2,out4+out13
507,26.0,-5.771781083773585,-5.14046049289986,-1.2607824181532086,2,out2+out4
507,20.0,-9.093845319816234,0.6589640136919811,0.791669538709341,2,out4+out13
507,23.0,-14.155780938354035,1.377323181300687,0.25860986545940773,2,out4+out13
507,17.0,-7.201103355968684,-2.607230558589095,0.5767828983417168,2,out4+out13
508,26.0,-5.946951938080338,-4.998192685761564,-1.2092025935202826,2,out2+out4
508,25.0,-2.9548070215447195,-6.4963248489544245,1.108284158652458,2,out2+out4
508,23.0,-14.153673545889172,1.3817279019837199,0.25952968579174973,2,out4+out13
509,26.0,-6.192298122031868,-4.8949768773522715,-1.1786584874966377,2,out2+out4
509,25.0,-2.9884739680606582,-6.493156632850539,1.1032435095393702,2,out2+out4
509,20.0,-9.34077905627352,0.732735713516437,0.8488648371990913,2,out4+out13
509,23.0,-14.14745087845609,1.3950060199693277,0.2623323001604681,2,out4+out13
510,26.0,-6.304409504565316,-4.802848303946688,-1.1456399852622046,2,out2+out4
510,25.0,-3.032769658279468,-6.495783729947526,1.0926368500691872,2,out2+out4
510,20.0,-9.493475735686898,0.7713748900811789,0.8898660427027115,2,out4+out13
510,23.0,-14.136894975360118,1.4199935336572684,0.2753669638202708,2,out4+out13
511,26.0,-6.44839752984751,-4.595415013645474,-1.0526918762850415,2,out2+out4
511,25.0,-3.0738689321580552,-6.485342359000611,1.0879951978864981,2,out2+out4
511,20.0,-9.6957108719531,0.8426388787275273,0.9516066991721959,2,out4+out13
511,23.0,-14.14623949753271,1.4594057168110006,0.29355644872265485,2,out4+out13
511,17.0,-7.333115895603268,-2.4564075490653905,0.40414449821383314,2,out4+out13
512,26.0,-6.715512492944995,-4.566292155842955,-0.9782425493272555,2,out2+out4
512,25.0,-3.1046655004785704,-6.495286690946376,1.09313895223638,2,out2+out4
512,20.0,-9.807383780814199,0.8508976036012907,0.9790331744078768,2,out4+out13
512,23.0,-14.107333212915496,1.4461789592545253,0.2752139921201461,2,out4+out13
513,26.0,-6.851527124425874,-4.4116347733014845,-0.8649284115318592,2,out2+out4
513,20.0,-9.890909606656729,0.8661283613574897,0.9975648479974497,2,out4+out13
513,23.0,-14.101617639868918,1.4596732519733469,0.2781712313123664,2,out4+out13
513,17.0,-7.083083758445557,-2.666836755025507,0.4761616168362494,2,out4+out13
514,26.0,-6.969201852473111,-4.310393306453075,-0.7988448609126744,2,out2+out4
514,25.0,-3.1996967357233324,-6.488271080556253,1.1046550362889898,2,out2+out4
514,20.0,-10.019763841628102,0.9151860995075168,1.0236102918470382,2,out4+out13
514,23.0,-14.088184228751652,1.4727984254377915,0.2848914013124836,2,out4+out13
515,26.0,-7.02969597696883,-4.27934519410278,-0.7953893533720361,2,out2+out4
515,25.0,-3.2619003760467136,-6.502838958075021,1.0938685369733698,2,out2+out4
515,20.0,-10.123581453617303,0.9450697654393952,1.029042998345012,2,out4+out13
515,23.0,-14.063841699648753,1.4698582474694848,0.2748203387074105,2,out4+out13
515,17.0,-6.942237700423431,-2.7646635944370486,0.479864589547967,2,out4+out13
516,26.0,-7.1343054931222545,-4.2762758796699085,-0.796113124296486,2,out2+out4
516,25.0,-3.2862624815672214,-6.499342660219891,1.1101497917552476,2,out2+out4
516,20.0,-10.329114139420616,1.0312628394007044,1.0578769195323359,2,out4+out13
516,23.0,-14.057025693125537,1.4884052114415134,0.2790765323055898,2,out4+out13
517,26.0,-7.162719061957709,-4.2806836462005995,-0.8136905821420695,2,out2+out4
517,25.0,-3.3212285042284893,-6.5139246650292435,1.1205887929176053,2,out2+out4
517,20.0,-10.421540840129213,1.0358074299514455,1.0686583583596518,2,out4+out13
517,23.0,-14.052092017833585,1.5024157037302068,0.2823281902613553,2,out4+out13
518,26.0,-7.232732663251924,-4.233142329092144,-0.7919495823238373,2,out2+out4
518,25.0,-3.366254652323163,-6.520394631454744,1.1208048319454336,2,out2+out4
518,20.0,-10.629336037475154,1.1330609727682472,1.1058177746559945,2,out4+out13
518,23.0,-14.047310874193853,1.5165108588307767,0.28562945376534804,2,out4+out13
519,26.0,-7.242415966882898,-4.236694710092748,-0.7954744937879008,2,out2+out4
519,25.0,-3.4294978806716205,-6.538944833301637,1.1208059391091494,2,out2+out4
519,20.0,-10.897710366505292,1.3033388659079534,1.1767493328616616,2,out4+out13
519,23.0,-14.082336132636962,1.562337265207757,0.3077483401439305,2,out4+out13
520,26.0,-7.2768468513963835,-4.207311198179441,-0.7761371537670483,2,out2+out4
520,25.0,-3.480457249643866,-6.547383324513867,1.1157242284437037,2,out2+out4
520,23.0,-14.082336132636962,1.562337265207757,0.3077483401439305,2,out4+out13
521,26.0,-7.272081991183908,-4.20712219664719,-0.7726542018666286,2,out2+out4
521,25.0,-3.5370536532268764,-6.556464560041485,1.1001827025963204,2,out2+out4
521,23.0,-14.065086489009945,1.5412813461344443,0.29357775624464566,2,out4+out13
522,26.0,-7.3103766379635,-4.178780296970439,-0.7573491282003838,2,out2+out4
522,25.0,-3.574255699323237,-6.569806403734399,1.1003164029309482,2,out2+out4
522,23.0,-14.08384320388402,1.5576019745165486,0.3066170414114166,2,out4+out13
523,26.0,-7.366877109901633,-4.09070038579653,-0.6836696782932468,2,out2+out4
523,25.0,-3.62159346224609,-6.563852976867369,1.095840254993824,2,out2+out4
523,23.0,-14.085367056461006,1.552875841928423,0.3054910655836409,2,out4+out13
524,26.0,-7.470776864082001,-4.004356134921741,-0.6039617001533534,2,out2+out4
524,25.0,-3.6585876182881467,-6.552404450930463,1.096665355197691,2,out2+out4
524,23.0,-14.068115420272,1.531783438377371,0.29130913567484296,2,out4+out13
