frame,cam_id,class_id,object_id,u,v,w,h
3,cam_1,0,68,1072.0,1081.985294117647,284.0,605.5147058823529
3,cam_1,0,69,588.0,1050.2205882352941,278.0,597.5735294117648
3,cam_1,0,70,1796.0,1886.0294117647059,316.0,496.3235294117647
3,cam_1,0,71,2344.0,1348.014705882353,326.0,551.9117647058823
3,cam_1,0,72,1900.0,962.8676470588235,296.0,520.1470588235294
3,cam_1,0,73,1162.0,1435.3676470588236,200.0,696.8382352941177
3,cam_1,0,75,146.0,528.0882352941177,108.0,405.0
3,cam_1,0,76,356.0,742.5,150.0,444.7058823529412
3,cam_1,0,77,1554.0,815.9558823529412,162.0,528.0882352941177
3,cam_1,0,78,1416.0,605.5147058823529,202.0,405.0
4,cam_1,0,68,1060.0,1080.0,264.0,607.5
4,cam_1,0,69,574.0,1028.3823529411766,246.0,573.75
4,cam_1,0,70,1786.0,1884.0441176470588,312.0,498.30882352941177
4,cam_1,0,71,2392.0,1353.9705882352941,376.0,587.6470588235294
4,cam_1,0,72,1832.0,946.9852941176471,278.0,538.0147058823529
4,cam_1,0,73,1174.0,1465.1470588235295,218.0,702.7941176470589
4,cam_1,0,75,148.0,526.1029411764706,100.0,405.0
4,cam_1,0,76,336.0,754.4117647058823,170.0,424.8529411764706
4,cam_1,0,77,1534.0,811.9852941176471,176.0,530.0735294117648
4,cam_1,0,78,1388.0,607.5,204.0,405.0
5,cam_1,0,68,1046.0,1078.014705882353,254.0,611.4705882352941
5,cam_1,0,69,558.0,1008.5294117647059,218.0,549.9264705882354
5,cam_1,0,70,1778.0,1884.0441176470588,310.0,498.30882352941177
5,cam_1,0,71,2450.0,1361.9117647058824,434.0,603.5294117647059
5,cam_1,0,72,1814.0,929.1176470588235,266.0,557.8676470588235
5,cam_1,0,73,1180.0,1477.0588235294117,226.0,698.8235294117648
5,cam_1,0,75,144.0,526.1029411764706,92.0,408.97058823529414
5,cam_1,0,76,330.0,758.3823529411765,162.0,418.89705882352945
5,cam_1,0,77,1530.0,810.0,172.0,532.0588235294118
5,cam_1,0,78,1364.0,605.5147058823529,182.0,405.0
6,cam_1,0,68,1032.0,1078.014705882353,250.0,607.5
6,cam_1,0,69,548.0,998.6029411764706,196.0,553.8970588235294
6,cam_1,0,70,1770.0,1882.0588235294117,308.0,500.29411764705884
6,cam_1,0,71,2496.0,1371.8382352941178,456.0,611.4705882352941
6,cam_1,0,72,1806.0,919.1911764705883,258.0,573.75
6,cam_1,0,73,1184.0,1483.014705882353,234.0,688.8970588235294
6,cam_1,0,75,142.0,524.1176470588235,88.0,406.9852941176471
6,cam_1,0,76,332.0,756.3970588235294,166.0,418.89705882352945
6,cam_1,0,77,1526.0,808.0147058823529,168.0,534.0441176470588
6,cam_1,0,78,1344.0,601.5441176470588,152.0,414.9264705882353
7,cam_1,0,68,1018.0,1078.014705882353,246.0,607.5
7,cam_1,0,69,538.0,986.6911764705883,180.0,563.8235294117648
7,cam_1,0,70,1758.0,1880.0735294117649,312.0,502.2794117647059
7,cam_1,0,71,2524.0,1381.764705882353,426.0,617.4264705882354
7,cam_1,0,72,1794.0,911.25,250.0,579.7058823529412
7,cam_1,0,73,1184.0,1485.0,234.0,680.9558823529412
7,cam_1,0,76,330.0,756.3970588235294,170.0,418.89705882352945
7,cam_1,0,77,1524.0,806.0294117647059,168.0,534.0441176470588
7,cam_1,0,78,1324.0,597.5735294117648,150.0,416.9117647058824
7,cam_1,0,79,2202.0,1060.1470588235295,274.0,573.75
8,cam_1,0,68,1006.0,1080.0,240.0,605.5147058823529
8,cam_1,0,69,530.0,974.7794117647059,168.0,579.7058823529412
8,cam_1,0,70,1746.0,1880.0735294117649,312.0,502.2794117647059
8,cam_1,0,71,2574.0,1401.6176470588236,418.0,619.4117647058823
8,cam_1,0,72,1778.0,893.3823529411765,244.0,567.7941176470588
8,cam_1,0,73,1186.0,1485.0,226.0,682.9411764705883
8,cam_1,0,76,328.0,754.4117647058823,170.0,422.86764705882354
8,cam_1,0,77,1524.0,802.0588235294118,168.0,534.0441176470588
8,cam_1,0,78,1310.0,589.6323529411765,158.0,422.86764705882354
8,cam_1,0,79,2204.0,1044.264705882353,268.0,565.8088235294118
8,cam_1,0,75,136.0,522.1323529411765,74.0,405.0
9,cam_1,0,68,994.0,1081.985294117647,236.0,603.5294117647059
9,cam_1,0,69,524.0,964.8529411764706,156.0,589.6323529411765
9,cam_1,0,70,1736.0,1878.0882352941178,308.0,504.2647058823529
9,cam_1,0,71,2624.0,1409.5588235294117,366.0,607.5
9,cam_1,0,72,1756.0,879.4852941176471,234.0,543.9705882352941
9,cam_1,0,73,1190.0,1486.985294117647,220.0,690.8823529411765
9,cam_1,0,76,328.0,750.4411764705883,172.0,428.8235294117647
9,cam_1,0,77,1526.0,796.1029411764706,170.0,532.0588235294118
9,cam_1,0,78,1296.0,581.6911764705883,180.0,426.8382352941177
9,cam_1,0,79,2210.0,1038.3088235294117,258.0,563.8235294117648
9,cam_1,0,80,1376.0,430.80882352941177,122.0,391.1029411764706
9,cam_1,0,75,134.0,520.1470588235294,68.0,403.0147058823529
10,cam_1,0,68,986.0,1089.9264705882354,236.0,617.4264705882354
10,cam_1,0,69,518.0,948.9705882352941,148.0,577.7205882352941
10,cam_1,0,70,1724.0,1878.0882352941178,306.0,504.2647058823529
10,cam_1,0,71,2684.0,1411.5441176470588,318.0,599.5588235294118
10,cam_1,0,72,1734.0,871.5441176470589,210.0,528.0882352941177
10,cam_1,0,73,1194.0,1483.014705882353,216.0,698.8235294117648
10,cam_1,0,76,328.0,748.4558823529412,184.0,426.8382352941177
10,cam_1,0,77,1526.0,786.1764705882354,172.0,526.1029411764706
10,cam_1,0,78,1276.0,577.7205882352941,204.0,434.7794117647059
10,cam_1,0,79,2218.0,1032.3529411764707,244.0,567.7941176470588
10,cam_1,0,80,1360.0,424.8529411764706,128.0,387.13235294117646
10,cam_1,0,75,132.0,520.1470588235294,64.0,403.0147058823529
11,cam_1,0,68,970.0,1089.9264705882354,224.0,619.4117647058823
11,cam_1,0,69,512.0,933.0882352941177,150.0,563.8235294117648
11,cam_1,0,70,1712.0,1876.1029411764707,302.0,508.2352941176471
11,cam_1,0,71,2748.0,1417.5,280.0,597.5735294117648
11,cam_1,0,72,1704.0,869.5588235294118,188.0,522.1323529411765
11,cam_1,0,73,1196.0,1481.0294117647059,232.0,698.8235294117648
11,cam_1,0,76,332.0,750.4411764705883,206.0,422.86764705882354
11,cam_1,0,77,1526.0,774.2647058823529,172.0,522.1323529411765
11,cam_1,0,78,1254.0,573.75,220.0,438.75
11,cam_1,0,79,2224.0,1030.3676470588236,230.0,571.7647058823529
11,cam_1,0,80,1352.0,418.89705882352945,126.0,385.14705882352945
11,cam_1,0,75,128.0,518.1617647058823,60.0,403.0147058823529
12,cam_1,0,68,956.0,1093.8970588235295,210.0,629.3382352941177
12,cam_1,0,69,506.0,921.1764705882354,156.0,545.9558823529412
12,cam_1,0,70,1700.0,1876.1029411764707,296.0,510.22058823529414
12,cam_1,0,71,2802.0,1435.3676470588236,254.0,629.3382352941177
12,cam_1,0,72,1678.0,871.5441176470589,172.0,524.1176470588235
12,cam_1,0,73,1196.0,1483.014705882353,248.0,694.8529411764706
12,cam_1,0,76,336.0,752.4264705882354,222.0,420.88235294117646
12,cam_1,0,77,1526.0,766.3235294117648,168.0,518.1617647058823
12,cam_1,0,78,1242.0,565.8088235294118,212.0,418.89705882352945
12,cam_1,0,79,2228.0,1026.3970588235295,220.0,577.7205882352941
12,cam_1,0,80,1338.0,410.95588235294116,136.0,381.1764705882353
12,cam_1,0,75,124.0,516.1764705882354,52.0,406.9852941176471
13,cam_1,0,68,944.0,1095.8823529411766,202.0,631.3235294117648
13,cam_1,0,69,500.0,907.2794117647059,156.0,526.1029411764706
13,cam_1,0,70,1690.0,1874.1176470588236,298.0,514.1911764705883
13,cam_1,0,71,2822.0,1423.4558823529412,250.0,589.6323529411765
13,cam_1,0,72,1638.0,867.5735294117648,176.0,526.1029411764706
13,cam_1,0,73,1194.0,1486.985294117647,270.0,692.8676470588235
13,cam_1,0,76,334.0,754.4117647058823,236.0,416.9117647058824
13,cam_1,0,77,1516.0,760.3676470588235,154.0,516.1764705882354
13,cam_1,0,78,1228.0,563.8235294117648,192.0,414.9264705882353
13,cam_1,0,79,2228.0,1026.3970588235295,216.0,577.7205882352941
13,cam_1,0,80,1328.0,406.9852941176471,136.0,379.19117647058823
14,cam_1,0,68,932.0,1097.8676470588236,202.0,633.3088235294118
14,cam_1,0,69,492.0,897.3529411764706,166.0,520.1470588235294
14,cam_1,0,70,1684.0,1872.1323529411766,302.0,518.1617647058823
14,cam_1,0,71,2828.0,1427.4264705882354,226.0,577.7205882352941
14,cam_1,0,72,1624.0,861.6176470588235,186.0,532.0588235294118
14,cam_1,0,73,1194.0,1492.9411764705883,290.0,686.9117647058823
14,cam_1,0,76,330.0,756.3970588235294,240.0,416.9117647058824
14,cam_1,0,77,1510.0,758.3823529411765,150.0,508.2352941176471
14,cam_1,0,78,1212.0,565.8088235294118,160.0,408.97058823529414
14,cam_1,0,79,2228.0,1024.4117647058824,214.0,579.7058823529412
14,cam_1,0,80,1324.0,403.0147058823529,144.0,381.1764705882353
15,cam_1,0,68,924.0,1099.8529411764707,210.0,633.3088235294118
15,cam_1,0,69,486.0,889.4117647058824,176.0,528.0882352941177
15,cam_1,0,70,1682.0,1872.1323529411766,316.0,520.1470588235294
15,cam_1,0,71,2834.0,1435.3676470588236,214.0,569.7794117647059
15,cam_1,0,72,1600.0,849.7058823529412,198.0,536.0294117647059
15,cam_1,0,73,1196.0,1494.9264705882354,304.0,682.9411764705883
15,cam_1,0,76,322.0,758.3823529411765,238.0,412.94117647058823
15,cam_1,0,77,1504.0,762.3529411764706,144.0,508.2352941176471
15,cam_1,0,78,1190.0,565.8088235294118,136.0,405.0
15,cam_1,0,79,2228.0,1024.4117647058824,212.0,579.7058823529412
15,cam_1,0,80,1322.0,401.0294117647059,150.0,385.14705882352945
16,cam_1,0,68,908.0,1101.8382352941176,246.0,631.3235294117648
16,cam_1,0,69,482.0,879.4852941176471,182.0,543.9705882352941
16,cam_1,0,70,1682.0,1870.1470588235295,336.0,522.1323529411765
16,cam_1,0,71,2846.0,1447.2794117647059,202.0,559.8529411764706
16,cam_1,0,72,1570.0,843.75,236.0,540.0
16,cam_1,0,73,1198.0,1494.9264705882354,310.0,680.9558823529412
16,cam_1,0,76,314.0,760.3676470588235,234.0,412.94117647058823
16,cam_1,0,77,1498.0,764.3382352941177,144.0,500.29411764705884
16,cam_1,0,78,1158.0,565.8088235294118,124.0,408.97058823529414
16,cam_1,0,79,2226.0,1022.4264705882354,210.0,575.7352941176471
16,cam_1,0,80,1318.0,401.0294117647059,154.0,387.13235294117646
17,cam_1,0,68,886.0,1095.8823529411766,292.0,615.4411764705883
17,cam_1,0,69,482.0,869.5588235294118,184.0,551.9117647058823
17,cam_1,0,70,1684.0,1868.1617647058824,358.0,524.1176470588235
17,cam_1,0,71,2854.0,1457.2058823529412,180.0,561.8382352941177
17,cam_1,0,72,1546.0,847.7205882352941,264.0,518.1617647058823
17,cam_1,0,73,1198.0,1492.9411764705883,314.0,684.9264705882354
17,cam_1,0,76,308.0,762.3529411764706,228.0,408.97058823529414
17,cam_1,0,78,1142.0,561.8382352941177,126.0,412.94117647058823
17,cam_1,0,79,2226.0,1020.4411764705883,206.0,573.75
17,cam_1,0,80,1314.0,401.0294117647059,154.0,385.14705882352945
18,cam_1,0,68,870.0,1095.8823529411766,322.0,605.5147058823529
18,cam_1,0,69,478.0,857.6470588235294,198.0,563.8235294117648
18,cam_1,0,70,1684.0,1866.1764705882354,376.0,528.0882352941177
18,cam_1,0,71,2868.0,1423.4558823529412,182.0,482.4264705882353
18,cam_1,0,72,1526.0,806.0294117647059,280.0,569.7794117647059
18,cam_1,0,73,1192.0,1492.9411764705883,316.0,688.8970588235294
18,cam_1,0,76,300.0,764.3382352941177,230.0,405.0
18,cam_1,0,78,1124.0,555.8823529411765,156.0,420.88235294117646
18,cam_1,0,79,2226.0,1010.5147058823529,206.0,557.8676470588235
18,cam_1,0,80,1308.0,403.0147058823529,156.0,383.1617647058824
19,cam_1,0,68,860.0,1095.8823529411766,326.0,599.5588235294118
19,cam_1,0,69,472.0,843.75,210.0,561.8382352941177
19,cam_1,0,70,1680.0,1864.1911764705883,388.0,530.0735294117648
19,cam_1,0,71,2874.0,1411.5441176470588,202.0,458.6029411764706
19,cam_1,0,72,1512.0,808.0147058823529,270.0,536.0294117647059
19,cam_1,0,73,1184.0,1492.9411764705883,320.0,688.8970588235294
19,cam_1,0,76,296.0,764.3382352941177,228.0,403.0147058823529
19,cam_1,0,78,1108.0,551.9117647058823,174.0,426.8382352941177
19,cam_1,0,79,2226.0,1006.5441176470589,204.0,547.9411764705883
19,cam_1,0,80,1298.0,403.0147058823529,158.0,383.1617647058824
20,cam_1,0,68,852.0,1097.8676470588236,314.0,599.5588235294118
20,cam_1,0,69,472.0,825.8823529411765,206.0,541.9852941176471
20,cam_1,0,70,1676.0,1862.2058823529412,396.0,534.0441176470588
20,cam_1,0,71,2882.0,1407.5735294117646,212.0,460.5882352941177
20,cam_1,0,72,1458.0,804.0441176470589,208.0,508.2352941176471
20,cam_1,0,73,1178.0,1492.9411764705883,326.0,686.9117647058823
20,cam_1,0,76,290.0,764.3382352941177,226.0,403.0147058823529
20,cam_1,0,78,1088.0,545.9558823529412,198.0,428.8235294117647
20,cam_1,0,79,2228.0,1004.5588235294118,198.0,547.9411764705883
20,cam_1,0,80,1292.0,401.0294117647059,154.0,383.1617647058824
21,cam_1,0,68,840.0,1097.8676470588236,288.0,597.5735294117648
21,cam_1,0,69,470.0,808.0147058823529,210.0,514.1911764705883
21,cam_1,0,70,1694.0,1860.2205882352941,450.0,538.0147058823529
21,cam_1,0,71,2896.0,1405.5882352941178,218.0,482.4264705882353
21,cam_1,0,72,1452.0,800.0735294117648,260.0,494.3382352941177
21,cam_1,0,73,1170.0,1492.9411764705883,336.0,688.8970588235294
21,cam_1,0,76,288.0,764.3382352941177,226.0,403.0147058823529
21,cam_1,0,78,1072.0,530.0735294117648,186.0,403.0147058823529
21,cam_1,0,79,2234.0,998.6029411764706,192.0,538.0147058823529
21,cam_1,0,80,1286.0,399.04411764705884,148.0,381.1764705882353
21,cam_1,0,77,1526.0,716.6911764705883,160.0,450.6617647058824
22,cam_1,0,68,818.0,1097.8676470588236,256.0,599.5588235294118
22,cam_1,0,69,470.0,802.0588235294118,212.0,500.29411764705884
22,cam_1,0,70,1714.0,1858.235294117647,504.0,541.9852941176471
22,cam_1,0,71,2908.0,1401.6176470588236,210.0,502.2794117647059
22,cam_1,0,72,1416.0,796.1029411764706,258.0,496.3235294117647
22,cam_1,0,73,1166.0,1490.9558823529412,336.0,690.8823529411765
22,cam_1,0,76,278.0,766.3235294117648,210.0,403.0147058823529
22,cam_1,0,78,1048.0,528.0882352941177,176.0,399.04411764705884
22,cam_1,0,79,2240.0,988.6764705882354,188.0,528.0882352941177
22,cam_1,0,80,1282.0,397.05882352941177,140.0,381.1764705882353
22,cam_1,0,77,1516.0,712.7205882352941,154.0,462.5735294117647
23,cam_1,0,68,792.0,1095.8823529411766,228.0,607.5
23,cam_1,0,69,466.0,798.0882352941177,226.0,500.29411764705884
23,cam_1,0,70,1726.0,1854.264705882353,546.0,545.9558823529412
23,cam_1,0,71,2916.0,1405.5882352941178,224.0,526.1029411764706
23,cam_1,0,72,1378.0,794.1176470588235,226.0,506.25
23,cam_1,0,73,1158.0,1490.9558823529412,338.0,690.8823529411765
23,cam_1,0,76,270.0,764.3382352941177,200.0,403.0147058823529
23,cam_1,0,78,1034.0,530.0735294117648,158.0,397.05882352941177
23,cam_1,0,79,2244.0,984.7058823529412,184.0,512.2058823529412
23,cam_1,0,80,1276.0,393.0882352941177,130.0,383.1617647058824
23,cam_1,0,77,1510.0,716.6911764705883,146.0,494.3382352941177
24,cam_1,0,68,768.0,1093.8970588235295,200.0,611.4705882352941
24,cam_1,0,69,472.0,796.1029411764706,206.0,504.2647058823529
24,cam_1,0,70,1726.0,1852.2794117647059,564.0,545.9558823529412
24,cam_1,0,71,2902.0,1431.3970588235295,256.0,595.5882352941177
24,cam_1,0,72,1342.0,786.1764705882354,232.0,514.1911764705883
24,cam_1,0,73,1154.0,1488.9705882352941,340.0,694.8529411764706
24,cam_1,0,76,268.0,764.3382352941177,204.0,408.97058823529414
24,cam_1,0,78,1008.0,530.0735294117648,138.0,393.0882352941177
24,cam_1,0,79,2248.0,982.7205882352941,180.0,508.2352941176471
24,cam_1,0,80,1268.0,385.14705882352945,120.0,377.20588235294116
24,cam_1,0,77,1508.0,704.7794117647059,128.0,500.29411764705884
25,cam_1,0,68,738.0,1091.9117647058824,162.0,613.4558823529412
25,cam_1,0,69,474.0,784.1911764705883,182.0,510.22058823529414
25,cam_1,0,70,1724.0,1850.2941176470588,574.0,551.9117647058823
25,cam_1,0,71,2888.0,1435.3676470588236,258.0,611.4705882352941
25,cam_1,0,72,1338.0,774.2647058823529,222.0,524.1176470588235
25,cam_1,0,73,1148.0,1488.9705882352941,334.0,694.8529411764706
25,cam_1,0,76,264.0,764.3382352941177,198.0,408.97058823529414
25,cam_1,0,78,976.0,530.0735294117648,130.0,395.0735294117647
25,cam_1,0,79,2252.0,982.7205882352941,180.0,508.2352941176471
25,cam_1,0,80,1260.0,377.20588235294116,120.0,373.2352941176471
25,cam_1,0,77,1504.0,690.8823529411765,128.0,496.3235294117647
26,cam_1,0,68,712.0,1089.9264705882354,162.0,615.4411764705883
26,cam_1,0,69,464.0,772.2794117647059,166.0,518.1617647058823
26,cam_1,0,70,1714.0,1846.3235294117649,560.0,559.8529411764706
26,cam_1,0,71,2876.0,1435.3676470588236,260.0,615.4411764705883
26,cam_1,0,72,1330.0,770.2941176470589,210.0,528.0882352941177
26,cam_1,0,73,1142.0,1488.9705882352941,330.0,694.8529411764706
26,cam_1,0,76,258.0,764.3382352941177,192.0,406.9852941176471
26,cam_1,0,78,954.0,528.0882352941177,134.0,395.0735294117647
26,cam_1,0,79,2254.0,982.7205882352941,180.0,504.2647058823529
26,cam_1,0,80,1254.0,371.25,122.0,371.25
26,cam_1,0,77,1496.0,680.9558823529412,136.0,490.36764705882354
27,cam_1,0,68,696.0,1089.9264705882354,186.0,617.4264705882354
27,cam_1,0,69,464.0,762.3529411764706,166.0,528.0882352941177
27,cam_1,0,70,1700.0,1844.3382352941178,542.0,561.8382352941177
27,cam_1,0,71,2866.0,1437.3529411764707,264.0,615.4411764705883
27,cam_1,0,72,1302.0,756.3970588235294,218.0,520.1470588235294
27,cam_1,0,73,1136.0,1488.9705882352941,318.0,694.8529411764706
27,cam_1,0,76,248.0,766.3235294117648,190.0,408.97058823529414
27,cam_1,0,78,942.0,522.1323529411765,156.0,403.0147058823529
27,cam_1,0,79,2254.0,984.7058823529412,182.0,504.2647058823529
27,cam_1,0,80,1244.0,365.29411764705884,124.0,365.29411764705884
27,cam_1,0,77,1490.0,673.0147058823529,142.0,482.4264705882353
28,cam_1,0,68,670.0,1087.9411764705883,240.0,615.4411764705883
28,cam_1,0,69,464.0,750.4411764705883,156.0,526.1029411764706
28,cam_1,0,70,1674.0,1838.3823529411766,500.0,569.7794117647059
28,cam_1,0,71,2852.0,1439.3382352941178,260.0,615.4411764705883
28,cam_1,0,72,1278.0,742.5,214.0,496.3235294117647
28,cam_1,0,73,1130.0,1488.9705882352941,308.0,696.8382352941177
28,cam_1,0,76,234.0,766.3235294117648,184.0,408.97058823529414
28,cam_1,0,78,926.0,514.1911764705883,172.0,406.9852941176471
28,cam_1,0,79,2256.0,982.7205882352941,186.0,502.2794117647059
28,cam_1,0,80,1234.0,361.3235294117647,136.0,363.30882352941177
28,cam_1,0,77,1486.0,669.0441176470589,140.0,478.4558823529412
29,cam_1,0,68,642.0,1089.9264705882354,292.0,613.4558823529412
29,cam_1,0,69,466.0,738.5294117647059,160.0,516.1764705882354
29,cam_1,0,70,1640.0,1836.3970588235295,444.0,577.7205882352941
29,cam_1,0,71,2850.0,1441.3235294117646,260.0,617.4264705882354
29,cam_1,0,72,1258.0,748.4558823529412,190.0,446.69117647058823
29,cam_1,0,73,1120.0,1486.985294117647,302.0,698.8235294117648
29,cam_1,0,76,222.0,768.3088235294118,180.0,408.97058823529414
29,cam_1,0,78,900.0,508.2352941176471,206.0,406.9852941176471
29,cam_1,0,79,2256.0,982.7205882352941,190.0,490.36764705882354
29,cam_1,0,80,1220.0,367.2794117647059,146.0,373.2352941176471
29,cam_1,0,77,1478.0,671.0294117647059,142.0,474.4852941176471
30,cam_1,0,68,638.0,1091.9117647058824,296.0,611.4705882352941
30,cam_1,0,69,468.0,724.6323529411765,168.0,494.3382352941177
30,cam_1,0,70,1606.0,1832.4264705882354,386.0,583.6764705882354
30,cam_1,0,71,2836.0,1447.2794117647059,276.0,621.3970588235294
30,cam_1,0,72,1224.0,730.5882352941177,178.0,472.5
30,cam_1,0,73,1108.0,1481.0294117647059,300.0,696.8382352941177
30,cam_1,0,76,218.0,770.2941176470589,180.0,412.94117647058823
30,cam_1,0,78,882.0,504.2647058823529,224.0,410.95588235294116
30,cam_1,0,79,2256.0,980.7352941176471,192.0,476.47058823529414
30,cam_1,0,80,1214.0,367.2794117647059,142.0,373.2352941176471
30,cam_1,0,77,1474.0,675.0,140.0,472.5
31,cam_1,0,68,616.0,1091.9117647058824,336.0,611.4705882352941
31,cam_1,0,69,472.0,716.6911764705883,180.0,474.4852941176471
31,cam_1,0,70,1588.0,1828.4558823529412,362.0,593.6029411764706
31,cam_1,0,71,2814.0,1447.2794117647059,298.0,621.3970588235294
31,cam_1,0,72,1196.0,720.6617647058823,156.0,490.36764705882354
31,cam_1,0,73,1092.0,1469.1176470588236,298.0,698.8235294117648
31,cam_1,0,76,218.0,768.3088235294118,182.0,412.94117647058823
31,cam_1,0,78,864.0,500.29411764705884,220.0,393.0882352941177
31,cam_1,0,79,2256.0,974.7794117647059,192.0,470.5147058823529
31,cam_1,0,80,1210.0,365.29411764705884,140.0,369.2647058823529
31,cam_1,0,77,1472.0,675.0,130.0,470.5147058823529
32,cam_1,0,68,602.0,1089.9264705882354,344.0,613.4558823529412
32,cam_1,0,69,478.0,712.7205882352941,190.0,466.54411764705884
32,cam_1,0,70,1572.0,1826.4705882352941,348.0,605.5147058823529
32,cam_1,0,71,2806.0,1449.264705882353,288.0,621.3970588235294
32,cam_1,0,72,1172.0,714.7058823529412,150.0,502.2794117647059
32,cam_1,0,73,1078.0,1451.25,296.0,692.8676470588235
32,cam_1,0,76,218.0,768.3088235294118,182.0,416.9117647058824
32,cam_1,0,78,852.0,498.30882352941177,206.0,383.1617647058824
32,cam_1,0,79,2258.0,966.8382352941177,180.0,470.5147058823529
32,cam_1,0,80,1200.0,367.2794117647059,152.0,369.2647058823529
32,cam_1,0,77,1470.0,673.0147058823529,128.0,470.5147058823529
33,cam_1,0,68,588.0,1087.9411764705883,320.0,613.4558823529412
33,cam_1,0,69,476.0,712.7205882352941,194.0,464.55882352941177
33,cam_1,0,70,1554.0,1822.5,328.0,609.4852941176471
33,cam_1,0,71,2814.0,1447.2794117647059,244.0,625.3676470588235
33,cam_1,0,72,1150.0,712.7205882352941,146.0,496.3235294117647
33,cam_1,0,73,1060.0,1435.3676470588236,294.0,698.8235294117648
33,cam_1,0,76,214.0,766.3235294117648,182.0,420.88235294117646
33,cam_1,0,78,838.0,500.29411764705884,184.0,377.20588235294116
33,cam_1,0,79,2262.0,958.8970588235294,170.0,464.55882352941177
33,cam_1,0,80,1200.0,367.2794117647059,144.0,365.29411764705884
33,cam_1,0,77,1468.0,669.0441176470589,130.0,476.47058823529414
34,cam_1,0,68,570.0,1081.985294117647,286.0,605.5147058823529
34,cam_1,0,69,470.0,710.7352941176471,190.0,466.54411764705884
34,cam_1,0,70,1532.0,1820.514705882353,302.0,613.4558823529412
34,cam_1,0,71,2820.0,1447.2794117647059,228.0,629.3382352941177
34,cam_1,0,72,1134.0,704.7794117647059,164.0,500.29411764705884
34,cam_1,0,73,1044.0,1417.5,292.0,688.8970588235294
34,cam_1,0,76,206.0,762.3529411764706,172.0,424.8529411764706
34,cam_1,0,78,808.0,500.29411764705884,160.0,379.19117647058823
34,cam_1,0,79,2260.0,952.9411764705883,170.0,458.6029411764706
34,cam_1,0,80,1190.0,365.29411764705884,152.0,365.29411764705884
34,cam_1,0,77,1464.0,665.0735294117648,134.0,476.47058823529414
35,cam_1,0,68,546.0,1074.0441176470588,242.0,601.5441176470588
35,cam_1,0,69,466.0,690.8823529411765,180.0,444.7058823529412
35,cam_1,0,70,1510.0,1818.5294117647059,278.0,615.4411764705883
35,cam_1,0,71,2816.0,1445.2941176470588,202.0,635.2941176470588
35,cam_1,0,72,1108.0,698.8235294117648,204.0,502.2794117647059
35,cam_1,0,73,1026.0,1411.5441176470588,286.0,692.8676470588235
35,cam_1,0,76,192.0,760.3676470588235,158.0,430.80882352941177
35,cam_1,0,78,768.0,498.30882352941177,138.0,379.19117647058823
35,cam_1,0,79,2258.0,952.9411764705883,172.0,456.61764705882354
35,cam_1,0,80,1190.0,361.3235294117647,142.0,365.29411764705884
35,cam_1,0,77,1460.0,659.1176470588235,140.0,474.4852941176471
36,cam_1,0,68,522.0,1070.0735294117646,202.0,603.5294117647059
36,cam_1,0,69,462.0,669.0441176470589,164.0,424.8529411764706
36,cam_1,0,70,1488.0,1816.5441176470588,256.0,619.4117647058823
36,cam_1,0,71,2810.0,1441.3235294117646,186.0,639.2647058823529
36,cam_1,0,72,1082.0,688.8970588235294,238.0,492.3529411764706
36,cam_1,0,73,1008.0,1409.5588235294117,280.0,696.8382352941177
36,cam_1,0,76,176.0,758.3823529411765,144.0,438.75
36,cam_1,0,78,744.0,496.3235294117647,148.0,387.13235294117646
36,cam_1,0,79,2256.0,950.9558823529412,174.0,458.6029411764706
36,cam_1,0,80,1186.0,357.3529411764706,138.0,365.29411764705884
36,cam_1,0,77,1458.0,653.1617647058823,144.0,468.5294117647059
37,cam_1,0,68,488.0,1060.1470588235295,164.0,601.5441176470588
37,cam_1,0,69,466.0,617.4264705882354,160.0,351.39705882352945
37,cam_1,0,70,1470.0,1818.5294117647059,262.0,623.3823529411765
37,cam_1,0,71,2802.0,1441.3235294117646,168.0,641.25
37,cam_1,0,72,1062.0,680.9558823529412,252.0,480.44117647058823
37,cam_1,0,73,988.0,1413.5294117647059,284.0,692.8676470588235
37,cam_1,0,76,170.0,756.3970588235294,138.0,442.72058823529414
37,cam_1,0,78,732.0,490.36764705882354,158.0,395.0735294117647
37,cam_1,0,79,2254.0,950.9558823529412,178.0,456.61764705882354
37,cam_1,0,80,1182.0,351.39705882352945,130.0,359.3382352941177
37,cam_1,0,77,1456.0,645.2205882352941,148.0,460.5882352941177
38,cam_1,0,68,454.0,1062.1323529411766,156.0,613.4558823529412
38,cam_1,0,69,468.0,627.3529411764706,160.0,397.05882352941177
38,cam_1,0,70,1450.0,1816.5441176470588,278.0,623.3823529411765
38,cam_1,0,71,2794.0,1439.3382352941178,158.0,633.3088235294118
38,cam_1,0,72,1044.0,673.0147058823529,242.0,466.54411764705884
38,cam_1,0,73,962.0,1419.485294117647,300.0,684.9264705882354
38,cam_1,0,76,166.0,754.4117647058823,134.0,444.7058823529412
38,cam_1,0,78,722.0,486.39705882352945,170.0,401.0294117647059
38,cam_1,0,79,2250.0,950.9558823529412,184.0,456.61764705882354
38,cam_1,0,80,1178.0,345.44117647058823,124.0,355.36764705882354
38,cam_1,0,77,1452.0,637.2794117647059,152.0,450.6617647058824
39,cam_1,0,68,434.0,1060.1470588235295,164.0,615.4411764705883
39,cam_1,0,69,472.0,629.3382352941177,158.0,416.9117647058824
39,cam_1,0,70,1432.0,1816.5441176470588,302.0,621.3970588235294
39,cam_1,0,71,2780.0,1441.3235294117646,158.0,633.3088235294118
39,cam_1,0,72,1028.0,673.0147058823529,222.0,450.6617647058824
39,cam_1,0,73,940.0,1425.4411764705883,310.0,680.9558823529412
39,cam_1,0,76,166.0,750.4411764705883,134.0,446.69117647058823
39,cam_1,0,78,698.0,482.4264705882353,194.0,405.0
39,cam_1,0,79,2242.0,950.9558823529412,190.0,458.6029411764706
39,cam_1,0,80,1174.0,339.4852941176471,122.0,355.36764705882354
39,cam_1,0,77,1448.0,625.3676470588235,152.0,440.7352941176471
40,cam_1,0,68,404.0,1058.1617647058824,214.0,613.4558823529412
40,cam_1,0,69,472.0,631.3235294117648,158.0,426.8382352941177
40,cam_1,0,70,1412.0,1816.5441176470588,318.0,621.3970588235294
40,cam_1,0,71,2758.0,1445.2941176470588,172.0,631.3235294117648
40,cam_1,0,72,998.0,673.0147058823529,216.0,452.64705882352945
40,cam_1,0,73,916.0,1425.4411764705883,322.0,676.9852941176471
40,cam_1,0,76,162.0,750.4411764705883,130.0,446.69117647058823
40,cam_1,0,78,670.0,474.4852941176471,210.0,393.0882352941177
40,cam_1,0,79,2236.0,946.9852941176471,188.0,462.5735294117647
40,cam_1,0,80,1166.0,337.5,118.0,357.3529411764706
40,cam_1,0,77,1448.0,619.4117647058823,154.0,446.69117647058823
41,cam_1,0,68,376.0,1060.1470588235295,272.0,609.4852941176471
41,cam_1,0,69,472.0,627.3529411764706,158.0,418.89705882352945
41,cam_1,0,70,1392.0,1818.5294117647059,336.0,617.4264705882354
41,cam_1,0,71,2736.0,1447.2794117647059,182.0,619.4117647058823
41,cam_1,0,72,982.0,671.0294117647059,172.0,454.63235294117646
41,cam_1,0,73,902.0,1421.4705882352941,320.0,676.9852941176471
41,cam_1,0,76,158.0,750.4411764705883,126.0,448.6764705882353
41,cam_1,0,78,650.0,472.5,200.0,387.13235294117646
41,cam_1,0,79,2228.0,945.0,186.0,462.5735294117647
41,cam_1,0,80,1154.0,337.5,110.0,357.3529411764706
41,cam_1,0,77,1444.0,613.4558823529412,158.0,452.64705882352945
42,cam_1,0,68,354.0,1058.1617647058824,316.0,601.5441176470588
42,cam_1,0,69,470.0,635.2941176470588,158.0,430.80882352941177
42,cam_1,0,70,1370.0,1818.5294117647059,350.0,615.4411764705883
42,cam_1,0,71,2702.0,1445.2941176470588,220.0,605.5147058823529
42,cam_1,0,72,930.0,665.0735294117648,204.0,464.55882352941177
42,cam_1,0,73,894.0,1419.485294117647,306.0,678.9705882352941
42,cam_1,0,76,154.0,750.4411764705883,118.0,448.6764705882353
42,cam_1,0,78,630.0,474.4852941176471,178.0,377.20588235294116
42,cam_1,0,79,2222.0,937.0588235294118,182.0,458.6029411764706
42,cam_1,0,80,1146.0,335.5147058823529,110.0,357.3529411764706
42,cam_1,0,77,1438.0,605.5147058823529,164.0,456.61764705882354
43,cam_1,0,68,346.0,1058.1617647058824,332.0,597.5735294117648
43,cam_1,0,69,464.0,637.2794117647059,146.0,440.7352941176471
43,cam_1,0,70,1350.0,1818.5294117647059,360.0,615.4411764705883
43,cam_1,0,71,2676.0,1447.2794117647059,266.0,615.4411764705883
43,cam_1,0,72,908.0,655.1470588235294,174.0,472.5
43,cam_1,0,73,886.0,1411.5441176470588,294.0,682.9411764705883
43,cam_1,0,76,150.0,750.4411764705883,110.0,448.6764705882353
43,cam_1,0,78,606.0,476.47058823529414,148.0,375.22058823529414
43,cam_1,0,79,2218.0,931.1029411764706,174.0,444.7058823529412
43,cam_1,0,80,1138.0,337.5,130.0,355.36764705882354
43,cam_1,0,77,1434.0,597.5735294117648,166.0,454.63235294117646
44,cam_1,0,68,340.0,1058.1617647058824,334.0,593.6029411764706
44,cam_1,0,69,468.0,633.3088235294118,148.0,444.7058823529412
44,cam_1,0,70,1320.0,1816.5441176470588,368.0,617.4264705882354
44,cam_1,0,71,2660.0,1443.3088235294117,300.0,621.3970588235294
44,cam_1,0,72,898.0,649.1911764705883,176.0,480.44117647058823
44,cam_1,0,73,882.0,1395.6617647058824,290.0,676.9852941176471
44,cam_1,0,76,146.0,748.4558823529412,104.0,448.6764705882353
44,cam_1,0,78,580.0,476.47058823529414,118.0,373.2352941176471
44,cam_1,0,79,2214.0,925.1470588235294,168.0,428.8235294117647
44,cam_1,0,80,1130.0,337.5,136.0,351.39705882352945
44,cam_1,0,77,1432.0,589.6323529411765,164.0,442.72058823529414
45,cam_1,0,68,330.0,1054.1911764705883,328.0,595.5882352941177
45,cam_1,0,69,470.0,623.3823529411765,144.0,456.61764705882354
45,cam_1,0,70,1282.0,1816.5441176470588,374.0,617.4264705882354
45,cam_1,0,71,2652.0,1435.3676470588236,320.0,635.2941176470588
45,cam_1,0,72,886.0,641.25,176.0,488.38235294117646
45,cam_1,0,73,872.0,1371.8382352941178,292.0,667.0588235294118
45,cam_1,0,76,142.0,746.4705882352941,94.0,450.6617647058824
45,cam_1,0,78,552.0,454.63235294117646,82.0,335.5147058823529
45,cam_1,0,79,2206.0,917.2058823529412,160.0,424.8529411764706
45,cam_1,0,80,1126.0,337.5,132.0,349.4117647058824
45,cam_1,0,77,1428.0,579.7058823529412,164.0,422.86764705882354
46,cam_1,0,68,318.0,1052.2058823529412,304.0,595.5882352941177
46,cam_1,0,69,472.0,615.4411764705883,140.0,464.55882352941177
46,cam_1,0,70,1242.0,1816.5441176470588,378.0,623.3823529411765
46,cam_1,0,71,2648.0,1427.4264705882354,316.0,645.2205882352941
46,cam_1,0,72,868.0,629.3382352941177,182.0,480.44117647058823
46,cam_1,0,73,860.0,1353.9705882352941,302.0,667.0588235294118
46,cam_1,0,76,138.0,742.5,88.0,446.69117647058823
46,cam_1,0,79,2198.0,913.2352941176471,142.0,408.97058823529414
46,cam_1,0,80,1120.0,335.5147058823529,128.0,347.4264705882353
46,cam_1,0,77,1418.0,575.7352941176471,164.0,412.94117647058823
47,cam_1,0,68,300.0,1038.3088235294117,270.0,581.6911764705883
47,cam_1,0,69,484.0,603.5294117647059,150.0,462.5735294117647
47,cam_1,0,70,1198.0,1814.5588235294117,368.0,627.3529411764706
47,cam_1,0,71,2636.0,1419.485294117647,298.0,653.1617647058823
47,cam_1,0,72,844.0,617.4264705882354,184.0,462.5735294117647
47,cam_1,0,73,850.0,1334.1176470588236,310.0,669.0441176470589
47,cam_1,0,76,136.0,734.5588235294118,82.0,436.7647058823529
47,cam_1,0,79,2194.0,903.3088235294118,132.0,397.05882352941177
47,cam_1,0,80,1114.0,333.5294117647059,124.0,343.45588235294116
47,cam_1,0,77,1404.0,573.75,164.0,412.94117647058823
48,cam_1,0,68,280.0,1032.3529411764707,234.0,583.6764705882354
48,cam_1,0,69,494.0,585.6617647058823,158.0,442.72058823529414
48,cam_1,0,70,1148.0,1806.6176470588236,342.0,635.2941176470588
48,cam_1,0,71,2604.0,1395.6617647058824,276.0,625.3676470588235
48,cam_1,0,72,826.0,609.4852941176471,166.0,446.69117647058823
48,cam_1,0,73,842.0,1320.2205882352941,314.0,675.0
48,cam_1,0,76,134.0,726.6176470588235,78.0,430.80882352941177
48,cam_1,0,79,2190.0,893.3823529411765,132.0,385.14705882352945
48,cam_1,0,80,1104.0,331.54411764705884,118.0,345.44117647058823
48,cam_1,0,77,1396.0,571.7647058823529,150.0,418.89705882352945
49,cam_1,0,68,254.0,1028.3823529411766,200.0,591.6176470588235
49,cam_1,0,69,484.0,569.7794117647059,164.0,416.9117647058824
49,cam_1,0,70,1092.0,1794.7058823529412,310.0,651.1764705882354
49,cam_1,0,71,2570.0,1373.8235294117646,248.0,599.5588235294118
49,cam_1,0,72,800.0,609.4852941176471,154.0,438.75
49,cam_1,0,73,832.0,1308.3088235294117,322.0,675.0
49,cam_1,0,76,134.0,726.6176470588235,78.0,432.79411764705884
49,cam_1,0,79,2184.0,887.4264705882354,138.0,381.1764705882353
49,cam_1,0,80,1098.0,325.5882352941177,114.0,341.47058823529414
49,cam_1,0,77,1378.0,563.8235294117648,150.0,422.86764705882354
50,cam_1,0,68,220.0,1026.3970588235295,170.0,597.5735294117648
50,cam_1,0,69,480.0,569.7794117647059,168.0,414.9264705882353
50,cam_1,0,70,1050.0,1780.8088235294117,318.0,678.9705882352941
50,cam_1,0,71,2530.0,1357.9411764705883,214.0,597.5735294117648
50,cam_1,0,72,774.0,607.5,140.0,442.72058823529414
50,cam_1,0,73,820.0,1292.4264705882354,328.0,651.1764705882354
50,cam_1,0,76,130.0,724.6323529411765,70.0,434.7794117647059
50,cam_1,0,79,2172.0,881.4705882352941,152.0,381.1764705882353
50,cam_1,0,80,1088.0,321.61764705882354,112.0,333.5294117647059
50,cam_1,0,77,1376.0,555.8823529411765,136.0,428.8235294117647
50,cam_1,0,78,438.0,391.1029411764706,86.0,250.14705882352942
51,cam_1,0,68,194.0,1024.4117647058824,174.0,605.5147058823529
51,cam_1,0,69,484.0,569.7794117647059,174.0,414.9264705882353
51,cam_1,0,70,1010.0,1768.8970588235295,384.0,704.7794117647059
51,cam_1,0,71,2494.0,1350.0,188.0,607.5
51,cam_1,0,72,752.0,603.5294117647059,126.0,450.6617647058824
51,cam_1,0,73,804.0,1302.3529411764707,336.0,673.0147058823529
51,cam_1,0,76,126.0,720.6617647058823,62.0,436.7647058823529
51,cam_1,0,79,2160.0,881.4705882352941,166.0,381.1764705882353
51,cam_1,0,80,1076.0,317.6470588235294,102.0,327.5735294117647
51,cam_1,0,77,1374.0,547.9411764705883,126.0,432.79411764705884
51,cam_1,0,78,420.0,393.0882352941177,96.0,250.14705882352942
52,cam_1,0,68,184.0,1024.4117647058824,174.0,599.5588235294118
52,cam_1,0,69,500.0,565.8088235294118,148.0,416.9117647058824
52,cam_1,0,70,990.0,1756.985294117647,378.0,730.5882352941177
52,cam_1,0,71,2458.0,1340.0735294117646,246.0,623.3823529411765
52,cam_1,0,72,734.0,593.6029411764706,128.0,456.61764705882354
52,cam_1,0,73,786.0,1310.2941176470588,346.0,673.0147058823529
52,cam_1,0,79,2154.0,879.4852941176471,188.0,393.0882352941177
52,cam_1,0,80,1066.0,315.6617647058824,106.0,327.5735294117647
52,cam_1,0,77,1368.0,534.0441176470588,130.0,420.88235294117646
52,cam_1,0,78,396.0,397.05882352941177,96.0,246.1764705882353
53,cam_1,0,68,178.0,1026.3970588235295,168.0,601.5441176470588
53,cam_1,0,69,502.0,561.8382352941177,142.0,422.86764705882354
53,cam_1,0,70,948.0,1749.0441176470588,388.0,744.4852941176471
53,cam_1,0,71,2430.0,1326.1764705882354,272.0,637.2794117647059
53,cam_1,0,72,722.0,585.6617647058823,142.0,464.55882352941177
53,cam_1,0,73,764.0,1318.235294117647,368.0,663.0882352941177
53,cam_1,0,79,2148.0,881.4705882352941,202.0,395.0735294117647
53,cam_1,0,80,1054.0,311.69117647058823,110.0,327.5735294117647
53,cam_1,0,77,1362.0,522.1323529411765,136.0,405.0
54,cam_1,0,68,174.0,1018.4558823529412,164.0,607.5
54,cam_1,0,69,500.0,555.8823529411765,172.0,436.7647058823529
54,cam_1,0,70,926.0,1745.0735294117646,408.0,754.4117647058823
54,cam_1,0,71,2406.0,1312.2794117647059,298.0,651.1764705882354
54,cam_1,0,72,706.0,579.7058823529412,166.0,468.5294117647059
54,cam_1,0,73,772.0,1330.1470588235295,440.0,661.1029411764706
54,cam_1,0,79,2146.0,877.5,206.0,405.0
54,cam_1,0,80,1038.0,307.72058823529414,122.0,335.5147058823529
54,cam_1,0,77,1350.0,516.1764705882354,142.0,391.1029411764706
55,cam_1,0,68,174.0,1024.4117647058824,162.0,597.5735294117648
55,cam_1,0,69,502.0,543.9705882352941,168.0,442.72058823529414
55,cam_1,0,70,842.0,1739.1176470588236,302.0,748.4558823529412
55,cam_1,0,71,2370.0,1294.4117647058824,330.0,641.25
55,cam_1,0,72,686.0,573.75,192.0,466.54411764705884
55,cam_1,0,73,740.0,1336.1029411764707,422.0,655.1470588235294
55,cam_1,0,79,2144.0,869.5588235294118,208.0,408.97058823529414
55,cam_1,0,80,1026.0,303.75,132.0,341.47058823529414
55,cam_1,0,77,1344.0,516.1764705882354,160.0,391.1029411764706
56,cam_1,0,68,174.0,1042.2794117647059,160.0,557.8676470588235
56,cam_1,0,69,504.0,528.0882352941177,164.0,434.7794117647059
56,cam_1,0,70,790.0,1739.1176470588236,274.0,746.4705882352941
56,cam_1,0,71,2338.0,1278.5294117647059,340.0,627.3529411764706
56,cam_1,0,72,666.0,565.8088235294118,210.0,450.6617647058824
56,cam_1,0,73,718.0,1294.4117647058824,404.0,575.7352941176471
56,cam_1,0,79,2138.0,867.5735294117648,208.0,408.97058823529414
56,cam_1,0,80,1018.0,297.79411764705884,134.0,349.4117647058824
56,cam_1,0,77,1326.0,514.1911764705883,150.0,393.0882352941177
57,cam_1,0,68,170.0,1044.264705882353,152.0,547.9411764705883
57,cam_1,0,69,506.0,512.2058823529412,158.0,422.86764705882354
57,cam_1,0,70,768.0,1737.1323529411766,296.0,750.4411764705883
57,cam_1,0,71,2316.0,1268.6029411764707,310.0,615.4411764705883
57,cam_1,0,72,652.0,561.8382352941177,206.0,440.7352941176471
57,cam_1,0,73,662.0,1272.5735294117646,308.0,555.8823529411765
57,cam_1,0,79,2122.0,861.6176470588235,190.0,410.95588235294116
57,cam_1,0,80,1014.0,295.80882352941177,136.0,347.4264705882353
57,cam_1,0,77,1322.0,510.22058823529414,146.0,397.05882352941177
58,cam_1,0,68,160.0,1070.0735294117646,136.0,492.3529411764706
58,cam_1,0,69,508.0,500.29411764705884,154.0,405.0
58,cam_1,0,71,2288.0,1254.7058823529412,272.0,601.5441176470588
58,cam_1,0,72,630.0,559.8529411764706,206.0,428.8235294117647
58,cam_1,0,73,632.0,1264.6323529411766,286.0,563.8235294117648
58,cam_1,0,79,2106.0,839.7794117647059,178.0,363.30882352941177
58,cam_1,0,80,1010.0,291.8382352941177,132.0,347.4264705882353
58,cam_1,0,77,1316.0,504.2647058823529,142.0,406.9852941176471
59,cam_1,0,68,146.0,1091.9117647058824,108.0,438.75
59,cam_1,0,69,496.0,496.3235294117647,130.0,397.05882352941177
59,cam_1,0,71,2242.0,1244.7794117647059,270.0,589.6323529411765
59,cam_1,0,72,600.0,557.8676470588235,210.0,424.8529411764706
59,cam_1,0,73,624.0,1224.9264705882354,276.0,494.3382352941177
59,cam_1,0,79,2092.0,829.8529411764706,160.0,347.4264705882353
59,cam_1,0,80,1008.0,287.86764705882354,126.0,341.47058823529414
59,cam_1,0,77,1312.0,496.3235294117647,136.0,412.94117647058823
59,cam_1,0,83,280.0,440.7352941176471,174.0,385.14705882352945
59,cam_1,0,70,684.0,1717.2794117647059,360.0,776.25
60,cam_1,0,69,494.0,496.3235294117647,126.0,397.05882352941177
60,cam_1,0,71,2184.0,1232.8676470588236,250.0,605.5147058823529
60,cam_1,0,72,596.0,555.8823529411765,160.0,424.8529411764706
60,cam_1,0,73,616.0,1207.0588235294117,284.0,476.47058823529414
60,cam_1,0,79,2080.0,784.1911764705883,148.0,428.8235294117647
60,cam_1,0,80,1000.0,283.8970588235294,112.0,329.55882352941177
60,cam_1,0,77,1304.0,490.36764705882354,128.0,416.9117647058824
60,cam_1,0,83,242.0,440.7352941176471,194.0,375.22058823529414
60,cam_1,0,70,668.0,1697.4264705882354,358.0,788.1617647058823
61,cam_1,0,69,494.0,500.29411764705884,116.0,403.0147058823529
61,cam_1,0,71,2146.0,1224.9264705882354,246.0,613.4558823529412
61,cam_1,0,72,594.0,551.9117647058823,136.0,434.7794117647059
61,cam_1,0,73,614.0,1209.0441176470588,312.0,492.3529411764706
61,cam_1,0,79,2062.0,768.3088235294118,134.0,450.6617647058824
61,cam_1,0,80,990.0,281.9117647058824,100.0,319.63235294117646
61,cam_1,0,77,1292.0,482.4264705882353,128.0,414.9264705882353
61,cam_1,0,83,220.0,444.7058823529412,188.0,373.2352941176471
61,cam_1,0,70,636.0,1679.5588235294117,382.0,796.1029411764706
62,cam_1,0,69,500.0,494.3382352941177,98.0,408.97058823529414
62,cam_1,0,71,2124.0,1213.014705882353,256.0,631.3235294117648
62,cam_1,0,72,580.0,543.9705882352941,132.0,440.7352941176471
62,cam_1,0,73,610.0,1201.1029411764707,334.0,486.39705882352945
62,cam_1,0,79,2042.0,736.5441176470589,130.0,405.0
62,cam_1,0,80,984.0,279.9264705882353,98.0,317.6470588235294
62,cam_1,0,77,1276.0,464.55882352941177,128.0,391.1029411764706
62,cam_1,0,83,200.0,446.69117647058823,172.0,365.29411764705884
62,cam_1,0,70,590.0,1655.735294117647,428.0,780.2205882352941
63,cam_1,0,69,504.0,492.3529411764706,94.0,418.89705882352945
63,cam_1,0,71,2100.0,1199.1176470588236,256.0,641.25
63,cam_1,0,72,556.0,530.0735294117648,148.0,466.54411764705884
63,cam_1,0,73,602.0,1226.9117647058824,338.0,547.9411764705883
63,cam_1,0,80,980.0,277.94117647058823,106.0,319.63235294117646
63,cam_1,0,77,1256.0,458.6029411764706,120.0,375.22058823529414
63,cam_1,0,83,178.0,448.6764705882353,148.0,363.30882352941177
63,cam_1,0,70,552.0,1627.9411764705883,450.0,750.4411764705883
64,cam_1,0,71,2072.0,1179.264705882353,256.0,627.3529411764706
64,cam_1,0,72,536.0,514.1911764705883,154.0,486.39705882352945
64,cam_1,0,73,590.0,1230.8823529411766,330.0,583.6764705882354
64,cam_1,0,80,972.0,275.95588235294116,110.0,323.6029411764706
64,cam_1,0,77,1236.0,456.61764705882354,118.0,371.25
64,cam_1,0,83,156.0,448.6764705882353,114.0,363.30882352941177
65,cam_1,0,71,2036.0,1157.4264705882354,282.0,605.5147058823529
65,cam_1,0,72,520.0,506.25,160.0,484.4117647058824
65,cam_1,0,73,568.0,1226.9117647058824,290.0,609.4852941176471
65,cam_1,0,80,964.0,271.9852941176471,116.0,327.5735294117647
65,cam_1,0,77,1220.0,454.63235294117646,108.0,377.20588235294116
65,cam_1,0,83,142.0,446.69117647058823,84.0,365.29411764705884
65,cam_1,0,70,462.0,1610.0735294117646,404.0,730.5882352941177
66,cam_1,0,71,2016.0,1133.6029411764707,290.0,579.7058823529412
66,cam_1,0,72,500.0,514.1911764705883,158.0,440.7352941176471
66,cam_1,0,73,548.0,1215.0,268.0,627.3529411764706
66,cam_1,0,77,1210.0,448.6764705882353,102.0,377.20588235294116
66,cam_1,0,83,140.0,442.72058823529414,84.0,371.25
66,cam_1,0,70,402.0,1614.0441176470588,352.0,716.6911764705883
66,cam_1,0,79,1992.0,718.6764705882354,204.0,442.72058823529414
67,cam_1,0,71,1986.0,1119.7058823529412,242.0,561.8382352941177
67,cam_1,0,72,484.0,512.2058823529412,146.0,418.89705882352945
67,cam_1,0,73,526.0,1171.3235294117646,246.0,567.7941176470588
67,cam_1,0,77,1202.0,444.7058823529412,108.0,385.14705882352945
67,cam_1,0,83,138.0,448.6764705882353,76.0,357.3529411764706
67,cam_1,0,70,336.0,1610.0735294117646,304.0,726.6176470588235
67,cam_1,0,79,1974.0,718.6764705882354,220.0,464.55882352941177
67,cam_1,0,80,952.0,264.04411764705884,134.0,333.5294117647059
68,cam_1,0,71,1952.0,1117.7205882352941,226.0,563.8235294117648
68,cam_1,0,72,472.0,514.1911764705883,130.0,410.95588235294116
68,cam_1,0,73,496.0,1171.3235294117646,216.0,589.6323529411765
68,cam_1,0,77,1198.0,436.7647058823529,110.0,393.0882352941177
68,cam_1,0,83,134.0,436.7647058823529,66.0,379.19117647058823
68,cam_1,0,70,274.0,1602.1323529411766,270.0,742.5
68,cam_1,0,79,1964.0,706.7647058823529,212.0,448.6764705882353
68,cam_1,0,80,946.0,258.0882352941177,142.0,327.5735294117647
68,cam_1,0,69,528.0,442.72058823529414,88.0,365.29411764705884
69,cam_1,0,71,1902.0,1109.7794117647059,174.0,565.8088235294118
69,cam_1,0,72,454.0,514.1911764705883,118.0,408.97058823529414
69,cam_1,0,73,478.0,1169.3382352941176,210.0,597.5735294117648
69,cam_1,0,77,1186.0,430.80882352941177,118.0,395.0735294117647
69,cam_1,0,83,130.0,412.94117647058823,56.0,377.20588235294116
69,cam_1,0,70,248.0,1582.2794117647059,298.0,772.2794117647059
69,cam_1,0,79,1948.0,692.8676470588235,204.0,418.89705882352945
69,cam_1,0,80,936.0,252.13235294117646,136.0,319.63235294117646
69,cam_1,0,69,532.0,436.7647058823529,102.0,363.30882352941177
70,cam_1,0,71,1864.0,1097.8676470588236,164.0,571.7647058823529
70,cam_1,0,72,442.0,512.2058823529412,128.0,416.9117647058824
70,cam_1,0,73,466.0,1155.4411764705883,208.0,571.7647058823529
70,cam_1,0,77,1176.0,420.88235294117646,128.0,383.1617647058824
70,cam_1,0,83,124.0,406.9852941176471,42.0,397.05882352941177
70,cam_1,0,70,236.0,1562.4264705882354,286.0,790.1470588235294
70,cam_1,0,80,940.0,248.16176470588235,156.0,311.69117647058823
70,cam_1,0,69,534.0,436.7647058823529,110.0,369.2647058823529
71,cam_1,0,71,1842.0,1083.9705882352941,184.0,591.6176470588235
71,cam_1,0,72,418.0,506.25,112.0,422.86764705882354
71,cam_1,0,73,452.0,1143.5294117647059,202.0,549.9264705882354
71,cam_1,0,77,1166.0,408.97058823529414,132.0,363.30882352941177
71,cam_1,0,83,120.0,401.0294117647059,36.0,408.97058823529414
71,cam_1,0,70,214.0,1544.5588235294117,256.0,788.1617647058823
71,cam_1,0,80,910.0,246.1764705882353,108.0,305.7352941176471
71,cam_1,0,69,536.0,428.8235294117647,118.0,377.20588235294116
71,cam_1,0,79,1898.0,676.9852941176471,184.0,405.0
72,cam_1,0,71,1820.0,1070.0735294117646,208.0,603.5294117647059
72,cam_1,0,72,414.0,500.29411764705884,136.0,426.8382352941177
72,cam_1,0,73,432.0,1141.5441176470588,192.0,549.9264705882354
72,cam_1,0,77,1158.0,408.97058823529414,128.0,357.3529411764706
72,cam_1,0,80,898.0,246.1764705882353,104.0,305.7352941176471
72,cam_1,0,69,540.0,420.88235294117646,122.0,385.14705882352945
72,cam_1,0,79,1866.0,673.0147058823529,154.0,412.94117647058823
73,cam_1,0,71,1790.0,1046.25,240.0,597.5735294117648
73,cam_1,0,72,394.0,492.3529411764706,146.0,430.80882352941177
73,cam_1,0,73,412.0,1133.6029411764707,186.0,555.8823529411765
73,cam_1,0,77,1140.0,406.9852941176471,134.0,353.38235294117646
73,cam_1,0,80,884.0,244.19117647058823,102.0,307.72058823529414
73,cam_1,0,69,536.0,412.94117647058823,122.0,381.1764705882353
73,cam_1,0,79,1832.0,676.9852941176471,148.0,444.7058823529412
74,cam_1,0,71,1760.0,1020.4411764705883,286.0,577.7205882352941
74,cam_1,0,72,374.0,488.38235294117646,156.0,432.79411764705884
74,cam_1,0,73,404.0,1121.6911764705883,192.0,567.7941176470588
74,cam_1,0,77,1130.0,406.9852941176471,118.0,355.36764705882354
74,cam_1,0,80,872.0,242.2058823529412,102.0,311.69117647058823
74,cam_1,0,69,534.0,406.9852941176471,128.0,381.1764705882353
74,cam_1,0,79,1814.0,667.0588235294118,168.0,464.55882352941177
75,cam_1,0,71,1738.0,994.6323529411765,304.0,543.9705882352941
75,cam_1,0,72,362.0,482.4264705882353,164.0,422.86764705882354
75,cam_1,0,73,402.0,1105.8088235294117,200.0,577.7205882352941
75,cam_1,0,77,1116.0,403.0147058823529,128.0,359.3382352941177
75,cam_1,0,80,858.0,238.23529411764707,110.0,315.6617647058824
75,cam_1,0,69,530.0,401.0294117647059,108.0,377.20588235294116
75,cam_1,0,79,1798.0,657.1323529411765,170.0,474.4852941176471
76,cam_1,0,71,1718.0,982.7205882352941,284.0,526.1029411764706
76,cam_1,0,72,350.0,476.47058823529414,164.0,412.94117647058823
76,cam_1,0,73,404.0,1095.8823529411766,208.0,589.6323529411765
76,cam_1,0,77,1112.0,399.04411764705884,124.0,365.29411764705884
76,cam_1,0,80,846.0,234.26470588235296,118.0,321.61764705882354
76,cam_1,0,69,528.0,393.0882352941177,96.0,357.3529411764706
76,cam_1,0,79,1782.0,637.2794117647059,172.0,458.6029411764706
77,cam_1,0,71,1666.0,982.7205882352941,236.0,526.1029411764706
77,cam_1,0,72,336.0,472.5,162.0,401.0294117647059
77,cam_1,0,73,400.0,1076.0294117647059,216.0,569.7794117647059
77,cam_1,0,77,1102.0,391.1029411764706,128.0,375.22058823529414
77,cam_1,0,80,836.0,232.27941176470588,120.0,325.5882352941177
77,cam_1,0,69,526.0,395.0735294117647,94.0,357.3529411764706
77,cam_1,0,79,1768.0,623.3823529411765,172.0,440.7352941176471
77,cam_1,0,87,120.0,359.3382352941177,34.0,335.5147058823529
78,cam_1,0,71,1632.0,978.75,230.0,530.0735294117648
78,cam_1,0,72,322.0,472.5,160.0,397.05882352941177
78,cam_1,0,73,382.0,1054.1911764705883,212.0,543.9705882352941
78,cam_1,0,77,1092.0,385.14705882352945,124.0,379.19117647058823
78,cam_1,0,80,828.0,228.30882352941177,122.0,323.6029411764706
78,cam_1,0,69,526.0,399.04411764705884,96.0,359.3382352941177
78,cam_1,0,79,1746.0,611.4705882352941,172.0,422.86764705882354
78,cam_1,0,87,122.0,363.30882352941177,34.0,329.55882352941177
79,cam_1,0,71,1598.0,970.8088235294118,222.0,541.9852941176471
79,cam_1,0,72,310.0,470.5147058823529,154.0,399.04411764705884
79,cam_1,0,73,370.0,1038.3088235294117,216.0,512.2058823529412
79,cam_1,0,77,1078.0,371.25,126.0,361.3235294117647
79,cam_1,0,80,826.0,222.3529411764706,118.0,307.72058823529414
79,cam_1,0,69,522.0,395.0735294117647,90.0,357.3529411764706
79,cam_1,0,79,1724.0,605.5147058823529,166.0,410.95588235294116
79,cam_1,0,87,122.0,361.3235294117647,36.0,321.61764705882354
80,cam_1,0,71,1570.0,956.9117647058824,216.0,559.8529411764706
80,cam_1,0,72,304.0,466.54411764705884,148.0,403.0147058823529
80,cam_1,0,73,354.0,1034.3382352941176,212.0,508.2352941176471
80,cam_1,0,77,1060.0,363.30882352941177,128.0,347.4264705882353
80,cam_1,0,80,822.0,218.38235294117646,110.0,299.7794117647059
80,cam_1,0,69,520.0,393.0882352941177,94.0,355.36764705882354
80,cam_1,0,79,1698.0,605.5147058823529,150.0,408.97058823529414
80,cam_1,0,87,124.0,357.3529411764706,36.0,321.61764705882354
81,cam_1,0,71,1550.0,945.0,210.0,577.7205882352941
81,cam_1,0,72,294.0,462.5735294117647,140.0,406.9852941176471
81,cam_1,0,73,336.0,1032.3529411764707,208.0,512.2058823529412
81,cam_1,0,77,1048.0,361.3235294117647,116.0,343.45588235294116
81,cam_1,0,80,818.0,216.39705882352942,102.0,293.8235294117647
81,cam_1,0,69,514.0,387.13235294117646,92.0,351.39705882352945
81,cam_1,0,79,1668.0,603.5294117647059,128.0,410.95588235294116
81,cam_1,0,87,124.0,355.36764705882354,36.0,321.61764705882354
82,cam_1,0,71,1526.0,929.1176470588235,198.0,583.6764705882354
82,cam_1,0,72,284.0,456.61764705882354,140.0,412.94117647058823
82,cam_1,0,73,316.0,1026.3970588235295,198.0,518.1617647058823
82,cam_1,0,77,1032.0,361.3235294117647,112.0,339.4852941176471
82,cam_1,0,80,810.0,216.39705882352942,92.0,291.8382352941177
82,cam_1,0,69,508.0,381.1764705882353,90.0,355.36764705882354
82,cam_1,0,79,1644.0,597.5735294117648,112.0,416.9117647058824
82,cam_1,0,87,124.0,347.4264705882353,36.0,327.5735294117647
83,cam_1,0,71,1502.0,903.3088235294118,206.0,559.8529411764706
83,cam_1,0,72,274.0,450.6617647058824,138.0,416.9117647058824
83,cam_1,0,73,294.0,1014.4852941176471,182.0,528.0882352941177
83,cam_1,0,77,1016.0,359.3382352941177,104.0,341.47058823529414
83,cam_1,0,80,800.0,216.39705882352942,90.0,289.8529411764706
83,cam_1,0,69,504.0,371.25,90.0,357.3529411764706
83,cam_1,0,79,1626.0,589.6323529411765,114.0,426.8382352941177
83,cam_1,0,87,124.0,341.47058823529414,38.0,327.5735294117647
84,cam_1,0,71,1468.0,879.4852941176471,228.0,541.9852941176471
84,cam_1,0,72,266.0,446.69117647058823,130.0,412.94117647058823
84,cam_1,0,73,284.0,1004.5588235294118,184.0,541.9852941176471
84,cam_1,0,77,1004.0,357.3529411764706,94.0,345.44117647058823
84,cam_1,0,80,796.0,214.41176470588235,94.0,295.80882352941177
84,cam_1,0,69,472.0,361.3235294117647,150.0,357.3529411764706
84,cam_1,0,79,1612.0,579.7058823529412,118.0,440.7352941176471
84,cam_1,0,87,126.0,337.5,42.0,325.5882352941177
85,cam_1,0,71,1442.0,857.6470588235294,234.0,504.2647058823529
85,cam_1,0,72,256.0,436.7647058823529,126.0,395.0735294117647
85,cam_1,0,73,272.0,992.6470588235294,188.0,557.8676470588235
85,cam_1,0,77,990.0,351.39705882352945,92.0,349.4117647058824
85,cam_1,0,80,792.0,210.44117647058823,96.0,299.7794117647059
85,cam_1,0,69,486.0,349.4117647058824,118.0,353.38235294117646
85,cam_1,0,79,1598.0,569.7794117647059,134.0,448.6764705882353
85,cam_1,0,87,130.0,333.5294117647059,48.0,319.63235294117646
86,cam_1,0,71,1420.0,855.6617647058823,214.0,504.2647058823529
86,cam_1,0,72,250.0,430.80882352941177,126.0,383.1617647058824
86,cam_1,0,73,260.0,972.7941176470589,188.0,543.9705882352941
86,cam_1,0,77,980.0,345.44117647058823,98.0,359.3382352941177
86,cam_1,0,80,784.0,206.47058823529412,100.0,305.7352941176471
86,cam_1,0,69,472.0,339.4852941176471,140.0,345.44117647058823
86,cam_1,0,79,1588.0,549.9264705882354,148.0,430.80882352941177
86,cam_1,0,87,140.0,331.54411764705884,70.0,311.69117647058823
87,cam_1,0,71,1394.0,859.6323529411765,188.0,502.2794117647059
87,cam_1,0,72,242.0,432.79411764705884,126.0,377.20588235294116
87,cam_1,0,73,246.0,956.9117647058824,186.0,530.0735294117648
87,cam_1,0,77,968.0,339.4852941176471,110.0,363.30882352941177
87,cam_1,0,80,776.0,202.5,100.0,309.70588235294116
87,cam_1,0,69,462.0,331.54411764705884,150.0,335.5147058823529
87,cam_1,0,79,1574.0,541.9852941176471,166.0,424.8529411764706
87,cam_1,0,87,136.0,329.55882352941177,64.0,303.75
88,cam_1,0,71,1360.0,857.6470588235294,178.0,504.2647058823529
88,cam_1,0,72,236.0,432.79411764705884,122.0,379.19117647058823
88,cam_1,0,73,230.0,939.0441176470589,180.0,500.29411764705884
88,cam_1,0,77,952.0,331.54411764705884,128.0,351.39705882352945
88,cam_1,0,80,766.0,200.51470588235296,104.0,309.70588235294116
88,cam_1,0,69,464.0,329.55882352941177,128.0,333.5294117647059
88,cam_1,0,79,1552.0,534.0441176470588,182.0,414.9264705882353
88,cam_1,0,87,140.0,329.55882352941177,66.0,299.7794117647059
89,cam_1,0,71,1330.0,853.6764705882354,164.0,510.22058823529414
89,cam_1,0,72,228.0,428.8235294117647,124.0,387.13235294117646
89,cam_1,0,73,210.0,933.0882352941177,168.0,482.4264705882353
89,cam_1,0,77,942.0,321.61764705882354,138.0,333.5294117647059
89,cam_1,0,80,754.0,194.55882352941177,108.0,305.7352941176471
89,cam_1,0,69,454.0,329.55882352941177,118.0,329.55882352941177
89,cam_1,0,79,1534.0,530.0735294117648,192.0,410.95588235294116
89,cam_1,0,87,142.0,327.5735294117647,70.0,297.79411764705884
90,cam_1,0,71,1306.0,841.7647058823529,154.0,518.1617647058823
90,cam_1,0,72,220.0,424.8529411764706,122.0,389.11764705882354
90,cam_1,0,73,190.0,933.0882352941177,152.0,482.4264705882353
90,cam_1,0,77,934.0,319.63235294117646,130.0,329.55882352941177
90,cam_1,0,80,746.0,190.58823529411765,106.0,293.8235294117647
90,cam_1,0,69,438.0,329.55882352941177,116.0,327.5735294117647
90,cam_1,0,79,1522.0,526.1029411764706,186.0,389.11764705882354
90,cam_1,0,87,140.0,327.5735294117647,66.0,297.79411764705884
91,cam_1,0,71,1286.0,829.8529411764706,158.0,534.0441176470588
91,cam_1,0,72,210.0,418.89705882352945,124.0,393.0882352941177
91,cam_1,0,73,174.0,929.1176470588235,136.0,486.39705882352945
91,cam_1,0,77,924.0,319.63235294117646,116.0,327.5735294117647
91,cam_1,0,80,740.0,188.60294117647058,102.0,285.88235294117646
91,cam_1,0,69,420.0,327.5735294117647,124.0,327.5735294117647
91,cam_1,0,79,1500.0,526.1029411764706,174.0,389.11764705882354
91,cam_1,0,87,142.0,327.5735294117647,70.0,295.80882352941177
92,cam_1,0,71,1268.0,813.9705882352941,168.0,534.0441176470588
92,cam_1,0,72,198.0,412.94117647058823,136.0,399.04411764705884
92,cam_1,0,73,162.0,923.1617647058824,128.0,498.30882352941177
92,cam_1,0,77,910.0,319.63235294117646,108.0,325.5882352941177
92,cam_1,0,80,730.0,188.60294117647058,98.0,281.9117647058824
92,cam_1,0,69,404.0,325.5882352941177,114.0,333.5294117647059
92,cam_1,0,79,1486.0,524.1176470588235,156.0,393.0882352941177
92,cam_1,0,87,140.0,325.5882352941177,64.0,291.8382352941177
93,cam_1,0,71,1246.0,792.1323529411765,202.0,520.1470588235294
93,cam_1,0,72,186.0,408.97058823529414,132.0,401.0294117647059
93,cam_1,0,73,156.0,913.2352941176471,126.0,506.25
93,cam_1,0,77,898.0,315.6617647058824,110.0,329.55882352941177
93,cam_1,0,80,718.0,188.60294117647058,96.0,279.9264705882353
93,cam_1,0,69,396.0,321.61764705882354,112.0,343.45588235294116
93,cam_1,0,79,1456.0,520.1470588235294,156.0,399.04411764705884
93,cam_1,0,87,140.0,325.5882352941177,62.0,289.8529411764706
94,cam_1,0,71,1226.0,772.2794117647059,220.0,490.36764705882354
94,cam_1,0,72,176.0,405.0,130.0,391.1029411764706
94,cam_1,0,73,156.0,899.3382352941177,122.0,514.1911764705883
94,cam_1,0,77,890.0,311.69117647058823,116.0,337.5
94,cam_1,0,80,706.0,186.61764705882354,94.0,283.8970588235294
94,cam_1,0,69,390.0,311.69117647058823,114.0,333.5294117647059
94,cam_1,0,79,1448.0,512.2058823529412,150.0,408.97058823529414
95,cam_1,0,71,1210.0,754.4117647058823,222.0,470.5147058823529
95,cam_1,0,72,172.0,399.04411764705884,128.0,375.22058823529414
95,cam_1,0,73,154.0,885.4411764705883,120.0,508.2352941176471
95,cam_1,0,77,882.0,305.7352941176471,116.0,343.45588235294116
95,cam_1,0,80,694.0,184.63235294117646,94.0,287.86764705882354
95,cam_1,0,69,384.0,307.72058823529414,114.0,329.55882352941177
95,cam_1,0,79,1432.0,504.2647058823529,156.0,416.9117647058824
96,cam_1,0,71,1192.0,752.4264705882354,204.0,468.5294117647059
96,cam_1,0,72,166.0,399.04411764705884,120.0,367.2794117647059
96,cam_1,0,73,150.0,867.5735294117648,112.0,492.3529411764706
96,cam_1,0,77,874.0,299.7794117647059,114.0,349.4117647058824
96,cam_1,0,80,682.0,182.64705882352942,100.0,289.8529411764706
96,cam_1,0,69,376.0,307.72058823529414,110.0,329.55882352941177
96,cam_1,0,79,1416.0,496.3235294117647,152.0,420.88235294117646
97,cam_1,0,71,1152.0,752.4264705882354,174.0,466.54411764705884
97,cam_1,0,72,164.0,397.05882352941177,114.0,363.30882352941177
97,cam_1,0,73,144.0,857.6470588235294,100.0,454.63235294117646
97,cam_1,0,77,862.0,293.8235294117647,116.0,341.47058823529414
97,cam_1,0,80,670.0,182.64705882352942,104.0,285.88235294117646
97,cam_1,0,69,368.0,309.70588235294116,102.0,327.5735294117647
97,cam_1,0,79,1398.0,482.4264705882353,154.0,408.97058823529414
98,cam_1,0,71,1134.0,748.4558823529412,164.0,472.5
98,cam_1,0,72,160.0,395.0735294117647,110.0,365.29411764705884
98,cam_1,0,73,136.0,865.5882352941177,80.0,375.22058823529414
98,cam_1,0,77,842.0,285.88235294117646,130.0,329.55882352941177
98,cam_1,0,80,660.0,180.66176470588235,108.0,283.8970588235294
98,cam_1,0,69,352.0,303.75,98.0,319.63235294117646
98,cam_1,0,79,1374.0,474.4852941176471,166.0,399.04411764705884
99,cam_1,0,71,1114.0,740.5147058823529,174.0,482.4264705882353
99,cam_1,0,72,158.0,391.1029411764706,108.0,369.2647058823529
99,cam_1,0,73,122.0,861.6176470588235,54.0,341.47058823529414
99,cam_1,0,77,834.0,283.8970588235294,126.0,319.63235294117646
99,cam_1,0,80,654.0,178.6764705882353,108.0,279.9264705882353
99,cam_1,0,69,334.0,299.7794117647059,104.0,319.63235294117646
99,cam_1,0,79,1356.0,472.5,166.0,397.05882352941177
100,cam_1,0,71,1104.0,728.6029411764706,162.0,494.3382352941177
100,cam_1,0,72,148.0,387.13235294117646,92.0,365.29411764705884
100,cam_1,0,77,822.0,283.8970588235294,118.0,313.6764705882353
100,cam_1,0,80,652.0,176.69117647058823,110.0,275.95588235294116
100,cam_1,0,69,322.0,293.8235294117647,108.0,323.6029411764706
100,cam_1,0,79,1344.0,462.5735294117647,162.0,373.2352941176471
101,cam_1,0,71,1096.0,718.6764705882354,146.0,508.2352941176471
101,cam_1,0,72,148.0,383.1617647058824,90.0,365.29411764705884
101,cam_1,0,77,808.0,281.9117647058824,110.0,311.69117647058823
101,cam_1,0,80,648.0,174.7058823529412,104.0,271.9852941176471
101,cam_1,0,69,316.0,287.86764705882354,100.0,331.54411764705884
101,cam_1,0,79,1334.0,462.5735294117647,148.0,369.2647058823529
102,cam_1,0,71,1070.0,698.8235294117648,164.0,494.3382352941177
102,cam_1,0,72,148.0,365.29411764705884,92.0,403.0147058823529
102,cam_1,0,77,794.0,281.9117647058824,100.0,317.6470588235294
102,cam_1,0,80,644.0,172.72058823529412,94.0,266.0294117647059
102,cam_1,0,69,310.0,277.94117647058823,102.0,327.5735294117647
102,cam_1,0,79,1308.0,462.5735294117647,118.0,369.2647058823529
103,cam_1,0,71,1046.0,678.9705882352941,170.0,474.4852941176471
103,cam_1,0,72,148.0,357.3529411764706,92.0,405.0
103,cam_1,0,77,782.0,277.94117647058823,90.0,321.61764705882354
103,cam_1,0,80,634.0,170.73529411764707,86.0,262.05882352941177
103,cam_1,0,69,302.0,268.0147058823529,100.0,319.63235294117646
103,cam_1,0,79,1300.0,458.6029411764706,110.0,377.20588235294116
104,cam_1,0,71,1026.0,659.1176470588235,178.0,448.6764705882353
104,cam_1,0,72,144.0,349.4117647058824,88.0,395.0735294117647
104,cam_1,0,77,770.0,271.9852941176471,84.0,323.6029411764706
104,cam_1,0,80,628.0,168.75,88.0,258.0882352941177
104,cam_1,0,69,296.0,266.0294117647059,100.0,309.70588235294116
104,cam_1,0,79,1282.0,452.64705882352945,108.0,389.11764705882354
104,cam_1,0,87,152.0,309.70588235294116,80.0,305.7352941176471
105,cam_1,0,71,1008.0,653.1617647058823,176.0,436.7647058823529
105,cam_1,0,77,756.0,268.0147058823529,90.0,329.55882352941177
105,cam_1,0,80,624.0,168.75,90.0,260.0735294117647
105,cam_1,0,69,290.0,264.04411764705884,98.0,305.7352941176471
105,cam_1,0,79,1264.0,444.7058823529412,104.0,393.0882352941177
105,cam_1,0,87,154.0,307.72058823529414,72.0,299.7794117647059
106,cam_1,0,71,988.0,653.1617647058823,150.0,438.75
106,cam_1,0,77,744.0,268.0147058823529,102.0,335.5147058823529
106,cam_1,0,80,618.0,168.75,96.0,258.0882352941177
106,cam_1,0,69,282.0,266.0294117647059,90.0,303.75
106,cam_1,0,79,1252.0,436.7647058823529,106.0,399.04411764705884
106,cam_1,0,87,150.0,303.75,76.0,295.80882352941177
107,cam_1,0,71,970.0,655.1470588235294,150.0,434.7794117647059
107,cam_1,0,77,736.0,260.0735294117647,112.0,321.61764705882354
107,cam_1,0,80,610.0,168.75,94.0,256.1029411764706
107,cam_1,0,69,272.0,270.0,90.0,297.79411764705884
107,cam_1,0,79,1242.0,430.80882352941177,114.0,401.0294117647059
107,cam_1,0,87,152.0,303.75,78.0,293.8235294117647
108,cam_1,0,71,946.0,653.1617647058823,138.0,440.7352941176471
108,cam_1,0,77,726.0,256.1029411764706,118.0,307.72058823529414
108,cam_1,0,80,602.0,168.75,96.0,254.11764705882354
108,cam_1,0,69,262.0,270.0,84.0,293.8235294117647
108,cam_1,0,79,1228.0,420.88235294117646,134.0,389.11764705882354
108,cam_1,0,87,156.0,301.7647058823529,80.0,293.8235294117647
109,cam_1,0,71,928.0,645.2205882352941,130.0,450.6617647058824
109,cam_1,0,77,724.0,256.1029411764706,118.0,309.70588235294116
109,cam_1,0,80,592.0,168.75,98.0,252.13235294117646
109,cam_1,0,69,256.0,266.0294117647059,90.0,297.79411764705884
109,cam_1,0,79,1214.0,410.95588235294116,150.0,373.2352941176471
109,cam_1,0,87,158.0,301.7647058823529,84.0,293.8235294117647
110,cam_1,0,71,914.0,633.3088235294118,122.0,456.61764705882354
110,cam_1,0,77,716.0,258.0882352941177,104.0,305.7352941176471
110,cam_1,0,80,576.0,164.77941176470588,114.0,246.1764705882353
110,cam_1,0,69,252.0,264.04411764705884,94.0,303.75
110,cam_1,0,79,1204.0,406.9852941176471,164.0,365.29411764705884
110,cam_1,0,87,158.0,301.7647058823529,86.0,293.8235294117647
111,cam_1,0,71,898.0,621.3970588235294,122.0,468.5294117647059
111,cam_1,0,77,706.0,256.1029411764706,98.0,305.7352941176471
111,cam_1,0,80,566.0,162.79411764705884,114.0,240.22058823529412
111,cam_1,0,69,246.0,258.0882352941177,92.0,303.75
111,cam_1,0,79,1198.0,408.97058823529414,150.0,359.3382352941177
111,cam_1,0,87,160.0,301.7647058823529,86.0,295.80882352941177
112,cam_1,0,71,884.0,605.5147058823529,140.0,460.5882352941177
112,cam_1,0,77,698.0,252.13235294117646,102.0,307.72058823529414
112,cam_1,0,80,562.0,158.8235294117647,104.0,234.26470588235296
112,cam_1,0,69,236.0,256.1029411764706,102.0,307.72058823529414
112,cam_1,0,79,1182.0,408.97058823529414,158.0,357.3529411764706
112,cam_1,0,87,156.0,301.7647058823529,92.0,299.7794117647059
113,cam_1,0,71,876.0,589.6323529411765,150.0,440.7352941176471
113,cam_1,0,77,692.0,250.14705882352942,108.0,309.70588235294116
113,cam_1,0,80,558.0,158.8235294117647,90.0,232.27941176470588
113,cam_1,0,69,232.0,250.14705882352942,98.0,301.7647058823529
113,cam_1,0,79,1170.0,408.97058823529414,140.0,357.3529411764706
113,cam_1,0,87,160.0,299.7794117647059,94.0,309.70588235294116
114,cam_1,0,71,866.0,571.7647058823529,156.0,418.89705882352945
114,cam_1,0,77,686.0,246.1764705882353,98.0,313.6764705882353
114,cam_1,0,80,546.0,158.8235294117647,86.0,232.27941176470588
114,cam_1,0,69,226.0,246.1764705882353,102.0,293.8235294117647
114,cam_1,0,79,1144.0,405.0,136.0,361.3235294117647
114,cam_1,0,87,162.0,297.79411764705884,102.0,315.6617647058824
115,cam_1,0,71,852.0,569.7794117647059,162.0,408.97058823529414
115,cam_1,0,77,680.0,242.2058823529412,106.0,315.6617647058824
115,cam_1,0,80,536.0,158.8235294117647,86.0,232.27941176470588
115,cam_1,0,69,220.0,246.1764705882353,92.0,291.8382352941177
115,cam_1,0,79,1140.0,399.04411764705884,132.0,369.2647058823529
115,cam_1,0,87,164.0,295.80882352941177,108.0,315.6617647058824
116,cam_1,0,71,828.0,573.75,160.0,408.97058823529414
116,cam_1,0,77,668.0,240.22058823529412,110.0,315.6617647058824
116,cam_1,0,80,526.0,158.8235294117647,86.0,230.29411764705884
116,cam_1,0,79,1126.0,395.0735294117647,136.0,375.22058823529414
116,cam_1,0,87,166.0,293.8235294117647,116.0,311.69117647058823
117,cam_1,0,71,808.0,571.7647058823529,156.0,408.97058823529414
117,cam_1,0,77,656.0,236.25,116.0,307.72058823529414
117,cam_1,0,80,512.0,156.83823529411765,92.0,228.30882352941177
117,cam_1,0,79,1116.0,389.11764705882354,132.0,379.19117647058823
117,cam_1,0,87,166.0,293.8235294117647,110.0,305.7352941176471
118,cam_1,0,71,792.0,567.7941176470588,150.0,412.94117647058823
118,cam_1,0,77,648.0,238.23529411764707,108.0,301.7647058823529
118,cam_1,0,80,502.0,156.83823529411765,100.0,226.32352941176472
118,cam_1,0,79,1100.0,385.14705882352945,136.0,383.1617647058824
118,cam_1,0,87,166.0,295.80882352941177,114.0,299.7794117647059
119,cam_1,0,71,782.0,559.8529411764706,150.0,424.8529411764706
119,cam_1,0,77,638.0,234.26470588235296,92.0,295.80882352941177
119,cam_1,0,80,492.0,156.83823529411765,102.0,224.33823529411765
119,cam_1,0,79,1084.0,379.19117647058823,142.0,371.25
119,cam_1,0,87,162.0,301.7647058823529,112.0,295.80882352941177
120,cam_1,0,71,774.0,551.9117647058823,142.0,430.80882352941177
120,cam_1,0,77,626.0,232.27941176470588,82.0,295.80882352941177
120,cam_1,0,80,488.0,154.85294117647058,104.0,220.36764705882354
120,cam_1,0,79,1072.0,369.2647058823529,140.0,349.4117647058824
120,cam_1,0,87,162.0,301.7647058823529,112.0,293.8235294117647
121,cam_1,0,71,760.0,540.0,146.0,432.79411764705884
121,cam_1,0,77,616.0,230.29411764705884,80.0,297.79411764705884
121,cam_1,0,80,486.0,152.86764705882354,104.0,216.39705882352942
121,cam_1,0,79,1062.0,367.2794117647059,128.0,341.47058823529414
121,cam_1,0,87,162.0,299.7794117647059,108.0,299.7794117647059
122,cam_1,0,71,744.0,526.1029411764706,150.0,418.89705882352945
122,cam_1,0,77,608.0,226.32352941176472,80.0,299.7794117647059
122,cam_1,0,80,482.0,150.88235294117646,102.0,210.44117647058823
122,cam_1,0,79,1048.0,367.2794117647059,118.0,337.5
122,cam_1,0,87,156.0,295.80882352941177,98.0,303.75
123,cam_1,0,71,732.0,510.22058823529414,152.0,399.04411764705884
123,cam_1,0,77,600.0,222.3529411764706,82.0,301.7647058823529
123,cam_1,0,80,476.0,148.89705882352942,94.0,206.47058823529412
123,cam_1,0,79,1024.0,367.2794117647059,98.0,337.5
123,cam_1,0,87,154.0,279.9264705882353,90.0,331.54411764705884
124,cam_1,0,71,718.0,500.29411764705884,156.0,381.1764705882353
124,cam_1,0,77,588.0,220.36764705882354,92.0,305.7352941176471
124,cam_1,0,80,466.0,148.89705882352942,88.0,204.48529411764707
124,cam_1,0,79,1012.0,363.30882352941177,102.0,341.47058823529414
124,cam_1,0,87,152.0,295.80882352941177,86.0,295.80882352941177
125,cam_1,0,71,706.0,502.2794117647059,154.0,379.19117647058823
125,cam_1,0,77,580.0,220.36764705882354,98.0,307.72058823529414
125,cam_1,0,80,452.0,148.89705882352942,82.0,202.5
125,cam_1,0,79,1002.0,359.3382352941177,96.0,347.4264705882353
125,cam_1,0,87,150.0,295.80882352941177,82.0,293.8235294117647
126,cam_1,0,71,694.0,504.2647058823529,148.0,379.19117647058823
126,cam_1,0,77,572.0,218.38235294117646,102.0,305.7352941176471
126,cam_1,0,80,442.0,148.89705882352942,92.0,202.5
126,cam_1,0,79,988.0,355.36764705882354,96.0,353.38235294117646
126,cam_1,0,87,148.0,293.8235294117647,82.0,293.8235294117647
127,cam_1,0,71,674.0,500.29411764705884,138.0,383.1617647058824
127,cam_1,0,77,568.0,216.39705882352942,96.0,295.80882352941177
127,cam_1,0,80,438.0,148.89705882352942,92.0,202.5
127,cam_1,0,79,980.0,347.4264705882353,100.0,363.30882352941177
127,cam_1,0,87,146.0,295.80882352941177,80.0,291.8382352941177
128,cam_1,0,71,652.0,494.3382352941177,132.0,389.11764705882354
128,cam_1,0,77,564.0,216.39705882352942,86.0,291.8382352941177
128,cam_1,0,80,434.0,148.89705882352942,86.0,202.5
128,cam_1,0,79,970.0,343.45588235294116,112.0,367.2794117647059
128,cam_1,0,87,144.0,295.80882352941177,76.0,289.8529411764706
129,cam_1,0,71,640.0,488.38235294117646,116.0,403.0147058823529
129,cam_1,0,77,564.0,214.41176470588235,90.0,289.8529411764706
129,cam_1,0,80,422.0,148.89705882352942,88.0,202.5
129,cam_1,0,79,956.0,337.5,126.0,355.36764705882354
129,cam_1,0,87,144.0,293.8235294117647,76.0,291.8382352941177
130,cam_1,0,71,628.0,480.44117647058823,122.0,406.9852941176471
130,cam_1,0,77,554.0,212.4264705882353,88.0,291.8382352941177
130,cam_1,0,80,412.0,146.91176470588235,98.0,200.51470588235296
130,cam_1,0,79,946.0,331.54411764705884,140.0,345.44117647058823
130,cam_1,0,87,144.0,279.9264705882353,74.0,319.63235294117646
131,cam_1,0,71,612.0,466.54411764705884,132.0,399.04411764705884
131,cam_1,0,77,550.0,208.4558823529412,92.0,287.86764705882354
131,cam_1,0,80,402.0,146.91176470588235,102.0,200.51470588235296
131,cam_1,0,79,940.0,327.5735294117647,140.0,331.54411764705884
131,cam_1,0,87,144.0,291.8382352941177,72.0,293.8235294117647
132,cam_1,0,71,598.0,456.61764705882354,154.0,383.1617647058824
132,cam_1,0,77,546.0,206.47058823529412,96.0,287.86764705882354
132,cam_1,0,80,390.0,144.9264705882353,112.0,194.55882352941177
132,cam_1,0,79,930.0,327.5735294117647,136.0,327.5735294117647
132,cam_1,0,87,144.0,289.8529411764706,72.0,287.86764705882354
133,cam_1,0,71,588.0,446.69117647058823,154.0,367.2794117647059
133,cam_1,0,77,544.0,200.51470588235296,102.0,285.88235294117646
133,cam_1,0,80,384.0,142.94117647058823,104.0,188.60294117647058
133,cam_1,0,79,914.0,327.5735294117647,138.0,327.5735294117647
133,cam_1,0,87,144.0,289.8529411764706,70.0,285.88235294117646
134,cam_1,0,71,578.0,444.7058823529412,148.0,359.3382352941177
134,cam_1,0,77,540.0,198.52941176470588,108.0,285.88235294117646
134,cam_1,0,80,378.0,140.9558823529412,98.0,186.61764705882354
134,cam_1,0,79,900.0,325.5882352941177,130.0,331.54411764705884
134,cam_1,0,87,144.0,289.8529411764706,70.0,281.9117647058824
135,cam_1,0,71,562.0,442.72058823529414,140.0,355.36764705882354
135,cam_1,0,77,536.0,194.55882352941177,106.0,283.8970588235294
135,cam_1,0,80,370.0,142.94117647058823,86.0,186.61764705882354
135,cam_1,0,79,890.0,321.61764705882354,124.0,337.5
135,cam_1,0,87,142.0,287.86764705882354,70.0,281.9117647058824
136,cam_1,0,71,542.0,442.72058823529414,134.0,357.3529411764706
136,cam_1,0,77,534.0,192.57352941176472,102.0,277.94117647058823
136,cam_1,0,80,360.0,140.9558823529412,78.0,186.61764705882354
136,cam_1,0,79,884.0,317.6470588235294,124.0,343.45588235294116
136,cam_1,0,87,144.0,285.88235294117646,70.0,277.94117647058823
137,cam_1,0,71,518.0,438.75,126.0,367.2794117647059
137,cam_1,0,77,528.0,182.64705882352942,96.0,258.0882352941177
137,cam_1,0,80,350.0,140.9558823529412,82.0,184.63235294117646
137,cam_1,0,79,874.0,311.69117647058823,118.0,347.4264705882353
137,cam_1,0,87,146.0,287.86764705882354,74.0,277.94117647058823
138,cam_1,0,71,502.0,430.80882352941177,120.0,377.20588235294116
138,cam_1,0,77,520.0,170.73529411764707,88.0,234.26470588235296
138,cam_1,0,80,336.0,140.9558823529412,88.0,182.64705882352942
138,cam_1,0,79,862.0,309.70588235294116,120.0,351.39705882352945
138,cam_1,0,87,146.0,289.8529411764706,76.0,285.88235294117646
139,cam_1,0,71,488.0,426.8382352941177,122.0,383.1617647058824
139,cam_1,0,77,510.0,162.79411764705884,80.0,222.3529411764706
139,cam_1,0,80,324.0,142.94117647058823,104.0,180.66176470588235
139,cam_1,0,79,846.0,303.75,130.0,347.4264705882353
139,cam_1,0,87,156.0,291.8382352941177,100.0,297.79411764705884
140,cam_1,0,71,470.0,418.89705882352945,130.0,385.14705882352945
140,cam_1,0,77,500.0,160.80882352941177,80.0,224.33823529411765
140,cam_1,0,80,314.0,142.94117647058823,116.0,178.6764705882353
140,cam_1,0,79,830.0,295.80882352941177,142.0,333.5294117647059
140,cam_1,0,87,164.0,285.88235294117646,112.0,291.8382352941177
141,cam_1,0,71,458.0,422.86764705882354,138.0,355.36764705882354
141,cam_1,0,77,494.0,166.76470588235296,80.0,238.23529411764707
141,cam_1,0,80,310.0,142.94117647058823,120.0,176.69117647058823
141,cam_1,0,79,820.0,295.80882352941177,138.0,325.5882352941177
141,cam_1,0,87,164.0,285.88235294117646,112.0,295.80882352941177
142,cam_1,0,71,434.0,408.97058823529414,170.0,363.30882352941177
142,cam_1,0,77,490.0,186.61764705882354,80.0,279.9264705882353
142,cam_1,0,80,304.0,140.9558823529412,120.0,176.69117647058823
142,cam_1,0,79,814.0,297.79411764705884,126.0,319.63235294117646
142,cam_1,0,87,148.0,281.9117647058824,82.0,297.79411764705884
143,cam_1,0,71,434.0,405.0,146.0,355.36764705882354
143,cam_1,0,77,484.0,190.58823529411765,80.0,285.88235294117646
143,cam_1,0,80,300.0,138.97058823529412,112.0,170.73529411764707
143,cam_1,0,79,798.0,295.80882352941177,96.0,319.63235294117646
143,cam_1,0,87,146.0,279.9264705882353,82.0,299.7794117647059
144,cam_1,0,71,426.0,410.95588235294116,128.0,329.55882352941177
144,cam_1,0,77,474.0,190.58823529411765,90.0,289.8529411764706
144,cam_1,0,80,294.0,138.97058823529412,102.0,170.73529411764707
144,cam_1,0,79,790.0,295.80882352941177,94.0,317.6470588235294
144,cam_1,0,87,148.0,273.97058823529414,82.0,303.75
145,cam_1,0,71,416.0,399.04411764705884,118.0,341.47058823529414
145,cam_1,0,77,476.0,190.58823529411765,78.0,287.86764705882354
145,cam_1,0,80,288.0,136.98529411764707,88.0,168.75
145,cam_1,0,79,782.0,291.8382352941177,92.0,323.6029411764706
145,cam_1,0,87,150.0,270.0,86.0,311.69117647058823
146,cam_1,0,71,402.0,395.0735294117647,108.0,339.4852941176471
146,cam_1,0,77,474.0,190.58823529411765,76.0,285.88235294117646
146,cam_1,0,80,278.0,140.9558823529412,72.0,160.80882352941177
146,cam_1,0,79,774.0,287.86764705882354,88.0,323.6029411764706
146,cam_1,0,87,150.0,266.0294117647059,84.0,311.69117647058823
147,cam_1,0,71,390.0,395.0735294117647,94.0,345.44117647058823
147,cam_1,0,77,470.0,188.60294117647058,78.0,283.8970588235294
147,cam_1,0,80,268.0,138.97058823529412,60.0,164.77941176470588
147,cam_1,0,79,764.0,279.9264705882353,90.0,327.5735294117647
147,cam_1,0,87,152.0,260.0735294117647,86.0,311.69117647058823
148,cam_1,0,71,376.0,387.13235294117646,94.0,345.44117647058823
148,cam_1,0,77,462.0,188.60294117647058,84.0,281.9117647058824
148,cam_1,0,80,262.0,136.98529411764707,54.0,164.77941176470588
148,cam_1,0,79,754.0,275.95588235294116,90.0,331.54411764705884
148,cam_1,0,87,154.0,258.0882352941177,86.0,311.69117647058823
149,cam_1,0,71,368.0,383.1617647058824,102.0,353.38235294117646
149,cam_1,0,77,456.0,184.63235294117646,82.0,273.97058823529414
149,cam_1,0,80,252.0,138.97058823529412,60.0,160.80882352941177
149,cam_1,0,79,744.0,273.97058823529414,94.0,333.5294117647059
149,cam_1,0,87,154.0,258.0882352941177,90.0,309.70588235294116
150,cam_1,0,71,354.0,381.1764705882353,114.0,357.3529411764706
150,cam_1,0,77,452.0,184.63235294117646,82.0,275.95588235294116
150,cam_1,0,80,242.0,138.97058823529412,76.0,162.79411764705884
150,cam_1,0,79,736.0,271.9852941176471,102.0,331.54411764705884
150,cam_1,0,87,154.0,260.0735294117647,92.0,303.75
151,cam_1,0,71,340.0,377.20588235294116,136.0,363.30882352941177
151,cam_1,0,77,448.0,184.63235294117646,78.0,273.97058823529414
151,cam_1,0,80,234.0,138.97058823529412,94.0,162.79411764705884
151,cam_1,0,79,732.0,271.9852941176471,110.0,327.5735294117647
151,cam_1,0,87,154.0,262.05882352941177,96.0,299.7794117647059
152,cam_1,0,71,328.0,373.2352941176471,140.0,355.36764705882354
152,cam_1,0,77,444.0,182.64705882352942,74.0,273.97058823529414
152,cam_1,0,80,232.0,138.97058823529412,98.0,162.79411764705884
152,cam_1,0,79,732.0,268.0147058823529,112.0,313.6764705882353
152,cam_1,0,87,158.0,264.04411764705884,98.0,291.8382352941177
153,cam_1,0,71,318.0,369.2647058823529,142.0,345.44117647058823
153,cam_1,0,77,442.0,182.64705882352942,72.0,271.9852941176471
153,cam_1,0,80,232.0,138.97058823529412,86.0,160.80882352941177
153,cam_1,0,79,724.0,264.04411764705884,112.0,307.72058823529414
153,cam_1,0,87,158.0,266.0294117647059,100.0,289.8529411764706
154,cam_1,0,71,312.0,367.2794117647059,128.0,333.5294117647059
154,cam_1,0,77,440.0,182.64705882352942,70.0,268.0147058823529
154,cam_1,0,80,226.0,138.97058823529412,84.0,160.80882352941177
154,cam_1,0,79,712.0,262.05882352941177,110.0,305.7352941176471
154,cam_1,0,87,158.0,268.0147058823529,100.0,287.86764705882354
155,cam_1,0,77,438.0,182.64705882352942,72.0,268.0147058823529
155,cam_1,0,80,218.0,138.97058823529412,84.0,158.8235294117647
155,cam_1,0,79,700.0,260.0735294117647,102.0,309.70588235294116
155,cam_1,0,87,156.0,271.9852941176471,98.0,275.95588235294116
156,cam_1,0,77,432.0,178.6764705882353,76.0,260.0735294117647
156,cam_1,0,79,696.0,254.11764705882354,86.0,311.69117647058823
156,cam_1,0,87,156.0,275.95588235294116,94.0,264.04411764705884
156,cam_1,0,71,286.0,365.29411764705884,110.0,329.55882352941177
157,cam_1,0,77,430.0,178.6764705882353,76.0,264.04411764705884
157,cam_1,0,79,692.0,250.14705882352942,82.0,317.6470588235294
157,cam_1,0,71,284.0,361.3235294117647,114.0,337.5
158,cam_1,0,77,428.0,178.6764705882353,76.0,264.04411764705884
158,cam_1,0,79,690.0,246.1764705882353,78.0,319.63235294117646
158,cam_1,0,71,278.0,353.38235294117646,124.0,347.4264705882353
158,cam_1,0,87,168.0,264.04411764705884,110.0,283.8970588235294
159,cam_1,0,77,426.0,180.66176470588235,76.0,266.0294117647059
159,cam_1,0,79,680.0,244.19117647058823,86.0,319.63235294117646
159,cam_1,0,71,272.0,349.4117647058824,124.0,349.4117647058824
159,cam_1,0,87,168.0,240.22058823529412,104.0,323.6029411764706
160,cam_1,0,77,426.0,180.66176470588235,76.0,266.0294117647059
160,cam_1,0,79,668.0,246.1764705882353,96.0,319.63235294117646
160,cam_1,0,71,266.0,343.45588235294116,126.0,351.39705882352945
160,cam_1,0,87,168.0,232.27941176470588,100.0,327.5735294117647
161,cam_1,0,77,428.0,176.69117647058823,76.0,260.0735294117647
161,cam_1,0,79,662.0,240.22058823529412,100.0,303.75
161,cam_1,0,71,258.0,335.5147058823529,116.0,337.5
161,cam_1,0,87,174.0,234.26470588235296,94.0,309.70588235294116
162,cam_1,0,77,428.0,174.7058823529412,76.0,258.0882352941177
162,cam_1,0,79,652.0,246.1764705882353,98.0,305.7352941176471
162,cam_1,0,71,250.0,331.54411764705884,104.0,331.54411764705884
162,cam_1,0,87,176.0,230.29411764705884,90.0,305.7352941176471
163,cam_1,0,77,428.0,172.72058823529412,78.0,254.11764705882354
163,cam_1,0,79,650.0,250.14705882352942,90.0,301.7647058823529
163,cam_1,0,71,232.0,331.54411764705884,116.0,325.5882352941177
163,cam_1,0,87,174.0,226.32352941176472,94.0,301.7647058823529
164,cam_1,0,77,428.0,172.72058823529412,78.0,250.14705882352942
164,cam_1,0,79,646.0,246.1764705882353,86.0,301.7647058823529
164,cam_1,0,71,222.0,329.55882352941177,86.0,323.6029411764706
164,cam_1,0,87,174.0,220.36764705882354,102.0,305.7352941176471
165,cam_1,0,77,428.0,172.72058823529412,78.0,250.14705882352942
165,cam_1,0,79,640.0,242.2058823529412,80.0,297.79411764705884
165,cam_1,0,71,212.0,329.55882352941177,86.0,321.61764705882354
165,cam_1,0,87,174.0,218.38235294117646,102.0,301.7647058823529
166,cam_1,0,77,428.0,172.72058823529412,76.0,250.14705882352942
166,cam_1,0,79,632.0,238.23529411764707,76.0,301.7647058823529
166,cam_1,0,71,194.0,325.5882352941177,104.0,321.61764705882354
167,cam_1,0,77,428.0,172.72058823529412,76.0,250.14705882352942
167,cam_1,0,79,624.0,232.27941176470588,68.0,305.7352941176471
167,cam_1,0,71,186.0,313.6764705882353,98.0,341.47058823529414
168,cam_1,0,77,428.0,172.72058823529412,76.0,252.13235294117646
168,cam_1,0,79,618.0,228.30882352941177,66.0,307.72058823529414
168,cam_1,0,71,180.0,315.6617647058824,96.0,331.54411764705884
169,cam_1,0,77,426.0,172.72058823529412,76.0,252.13235294117646
169,cam_1,0,79,614.0,224.33823529411765,68.0,309.70588235294116
169,cam_1,0,71,172.0,289.8529411764706,106.0,371.25
170,cam_1,0,77,424.0,170.73529411764707,74.0,250.14705882352942
170,cam_1,0,79,604.0,222.3529411764706,80.0,309.70588235294116
170,cam_1,0,71,172.0,305.7352941176471,102.0,317.6470588235294
171,cam_1,0,77,424.0,168.75,72.0,246.1764705882353
171,cam_1,0,79,600.0,222.3529411764706,80.0,305.7352941176471
171,cam_1,0,71,170.0,313.6764705882353,104.0,295.80882352941177
172,cam_1,0,77,422.0,168.75,74.0,242.2058823529412
172,cam_1,0,79,592.0,224.33823529411765,90.0,299.7794117647059
172,cam_1,0,71,162.0,307.72058823529414,108.0,303.75
173,cam_1,0,77,420.0,166.76470588235296,78.0,240.22058823529412
173,cam_1,0,79,582.0,232.27941176470588,102.0,295.80882352941177
173,cam_1,0,71,150.0,319.63235294117646,90.0,271.9852941176471
173,cam_1,0,87,196.0,242.2058823529412,74.0,254.11764705882354
174,cam_1,0,77,418.0,166.76470588235296,84.0,240.22058823529412
174,cam_1,0,79,572.0,236.25,106.0,289.8529411764706
174,cam_1,0,71,142.0,311.69117647058823,74.0,277.94117647058823
174,cam_1,0,87,196.0,240.22058823529412,72.0,250.14705882352942
175,cam_1,0,77,416.0,166.76470588235296,90.0,238.23529411764707
175,cam_1,0,79,564.0,244.19117647058823,108.0,277.94117647058823
175,cam_1,0,87,192.0,238.23529411764707,78.0,256.1029411764706
176,cam_1,0,77,412.0,166.76470588235296,96.0,236.25
176,cam_1,0,79,556.0,252.13235294117646,106.0,264.04411764705884
176,cam_1,0,87,192.0,234.26470588235296,82.0,260.0735294117647
177,cam_1,0,77,408.0,164.77941176470588,100.0,234.26470588235296
177,cam_1,0,79,552.0,254.11764705882354,106.0,260.0735294117647
177,cam_1,0,87,190.0,232.27941176470588,86.0,270.0
178,cam_1,0,77,404.0,164.77941176470588,102.0,234.26470588235296
178,cam_1,0,79,548.0,256.1029411764706,110.0,262.05882352941177
178,cam_1,0,87,192.0,230.29411764705884,86.0,273.97058823529414
179,cam_1,0,77,400.0,164.77941176470588,104.0,232.27941176470588
179,cam_1,0,79,544.0,248.16176470588235,112.0,250.14705882352942
179,cam_1,0,87,194.0,224.33823529411765,82.0,264.04411764705884
180,cam_1,0,77,396.0,166.76470588235296,102.0,232.27941176470588
180,cam_1,0,79,542.0,248.16176470588235,102.0,262.05882352941177
180,cam_1,0,87,186.0,228.30882352941177,94.0,271.9852941176471
181,cam_1,0,77,394.0,164.77941176470588,98.0,232.27941176470588
181,cam_1,0,79,538.0,250.14705882352942,96.0,277.94117647058823
181,cam_1,0,87,184.0,234.26470588235296,100.0,270.0
182,cam_1,0,77,392.0,164.77941176470588,96.0,232.27941176470588
182,cam_1,0,79,534.0,244.19117647058823,94.0,281.9117647058824
182,cam_1,0,87,184.0,236.25,98.0,266.0294117647059
183,cam_1,0,77,390.0,162.79411764705884,94.0,228.30882352941177
183,cam_1,0,79,532.0,244.19117647058823,92.0,293.8235294117647
183,cam_1,0,87,180.0,238.23529411764707,98.0,264.04411764705884
184,cam_1,0,77,388.0,162.79411764705884,90.0,226.32352941176472
184,cam_1,0,79,526.0,240.22058823529412,88.0,301.7647058823529
184,cam_1,0,87,180.0,238.23529411764707,94.0,254.11764705882354
185,cam_1,0,77,388.0,162.79411764705884,86.0,228.30882352941177
185,cam_1,0,79,522.0,238.23529411764707,86.0,307.72058823529414
185,cam_1,0,87,178.0,242.2058823529412,94.0,258.0882352941177
186,cam_1,0,77,388.0,162.79411764705884,84.0,228.30882352941177
186,cam_1,0,79,520.0,234.26470588235296,86.0,313.6764705882353
186,cam_1,0,87,178.0,242.2058823529412,94.0,260.0735294117647
187,cam_1,0,77,386.0,164.77941176470588,84.0,230.29411764705884
187,cam_1,0,79,514.0,232.27941176470588,82.0,315.6617647058824
187,cam_1,0,87,178.0,226.32352941176472,98.0,289.8529411764706
188,cam_1,0,77,386.0,164.77941176470588,84.0,230.29411764705884
188,cam_1,0,79,506.0,234.26470588235296,80.0,319.63235294117646
188,cam_1,0,87,176.0,240.22058823529412,96.0,266.0294117647059
189,cam_1,0,77,386.0,162.79411764705884,86.0,226.32352941176472
189,cam_1,0,79,496.0,238.23529411764707,80.0,321.61764705882354
189,cam_1,0,87,176.0,242.2058823529412,98.0,264.04411764705884
190,cam_1,0,77,384.0,162.79411764705884,88.0,226.32352941176472
190,cam_1,0,79,486.0,244.19117647058823,92.0,317.6470588235294
190,cam_1,0,87,176.0,240.22058823529412,98.0,264.04411764705884
191,cam_1,0,77,382.0,162.79411764705884,88.0,226.32352941176472
191,cam_1,0,79,472.0,250.14705882352942,102.0,309.70588235294116
191,cam_1,0,87,174.0,238.23529411764707,102.0,266.0294117647059
192,cam_1,0,77,380.0,162.79411764705884,90.0,226.32352941176472
192,cam_1,0,79,462.0,256.1029411764706,112.0,305.7352941176471
192,cam_1,0,87,170.0,234.26470588235296,104.0,273.97058823529414
193,cam_1,0,77,380.0,162.79411764705884,90.0,226.32352941176472
193,cam_1,0,79,454.0,260.0735294117647,120.0,309.70588235294116
193,cam_1,0,87,172.0,236.25,114.0,273.97058823529414
194,cam_1,0,77,380.0,162.79411764705884,90.0,226.32352941176472
194,cam_1,0,79,450.0,266.0294117647059,128.0,309.70588235294116
194,cam_1,0,87,170.0,230.29411764705884,112.0,287.86764705882354
195,cam_1,0,77,380.0,160.80882352941177,88.0,224.33823529411765
195,cam_1,0,79,448.0,268.0147058823529,130.0,311.69117647058823
195,cam_1,0,87,168.0,224.33823529411765,108.0,297.79411764705884
196,cam_1,0,77,380.0,160.80882352941177,86.0,222.3529411764706
196,cam_1,0,79,448.0,268.0147058823529,128.0,311.69117647058823
196,cam_1,0,87,162.0,216.39705882352942,104.0,311.69117647058823
197,cam_1,0,77,380.0,160.80882352941177,86.0,224.33823529411765
197,cam_1,0,79,446.0,268.0147058823529,120.0,315.6617647058824
197,cam_1,0,87,158.0,218.38235294117646,98.0,311.69117647058823
198,cam_1,0,77,378.0,160.80882352941177,84.0,224.33823529411765
198,cam_1,0,79,438.0,266.0294117647059,116.0,317.6470588235294
198,cam_1,0,87,152.0,222.3529411764706,88.0,297.79411764705884
199,cam_1,0,77,380.0,160.80882352941177,78.0,222.3529411764706
199,cam_1,0,79,428.0,266.0294117647059,108.0,319.63235294117646
199,cam_1,0,87,142.0,218.38235294117646,64.0,301.7647058823529
200,cam_1,0,77,380.0,162.79411764705884,76.0,226.32352941176472
200,cam_1,0,79,418.0,264.04411764705884,96.0,323.6029411764706
200,cam_1,0,87,142.0,214.41176470588235,66.0,307.72058823529414
201,cam_1,0,79,398.0,240.22058823529412,106.0,371.25
201,cam_1,0,87,138.0,214.41176470588235,58.0,309.70588235294116
202,cam_1,0,79,388.0,240.22058823529412,92.0,373.2352941176471
202,cam_1,0,87,138.0,212.4264705882353,56.0,309.70588235294116
203,cam_1,0,79,382.0,240.22058823529412,94.0,373.2352941176471
203,cam_1,0,87,138.0,214.41176470588235,56.0,311.69117647058823
204,cam_1,0,79,374.0,240.22058823529412,98.0,377.20588235294116
205,cam_1,0,79,364.0,242.2058823529412,108.0,383.1617647058824
205,cam_1,0,87,130.0,216.39705882352942,42.0,307.72058823529414
206,cam_1,0,79,352.0,271.9852941176471,136.0,331.54411764705884
206,cam_1,0,87,128.0,216.39705882352942,38.0,305.7352941176471
207,cam_1,0,79,342.0,283.8970588235294,156.0,317.6470588235294
207,cam_1,0,77,388.0,168.75,70.0,240.22058823529412
208,cam_1,0,79,334.0,287.86764705882354,170.0,315.6617647058824
208,cam_1,0,77,388.0,168.75,74.0,240.22058823529412
209,cam_1,0,79,328.0,291.8382352941177,172.0,315.6617647058824
209,cam_1,0,77,386.0,168.75,76.0,240.22058823529412
210,cam_1,0,79,322.0,291.8382352941177,168.0,315.6617647058824
210,cam_1,0,77,386.0,168.75,80.0,240.22058823529412
211,cam_1,0,79,314.0,289.8529411764706,156.0,319.63235294117646
211,cam_1,0,77,384.0,166.76470588235296,82.0,238.23529411764707
212,cam_1,0,79,308.0,289.8529411764706,138.0,319.63235294117646
212,cam_1,0,77,384.0,168.75,82.0,238.23529411764707
213,cam_1,0,79,296.0,287.86764705882354,116.0,321.61764705882354
213,cam_1,0,77,384.0,168.75,84.0,238.23529411764707
214,cam_1,0,79,280.0,285.88235294117646,86.0,331.54411764705884
214,cam_1,0,77,384.0,168.75,84.0,240.22058823529412
215,cam_1,0,79,264.0,283.8970588235294,78.0,335.5147058823529
215,cam_1,0,77,384.0,168.75,86.0,240.22058823529412
216,cam_1,0,79,248.0,283.8970588235294,76.0,335.5147058823529
216,cam_1,0,77,384.0,170.73529411764707,86.0,242.2058823529412
217,cam_1,0,79,234.0,283.8970588235294,76.0,333.5294117647059
217,cam_1,0,77,384.0,170.73529411764707,86.0,242.2058823529412
218,cam_1,0,79,214.0,283.8970588235294,94.0,333.5294117647059
218,cam_1,0,77,384.0,172.72058823529412,86.0,248.16176470588235
219,cam_1,0,79,198.0,289.8529411764706,112.0,329.55882352941177
219,cam_1,0,77,386.0,174.7058823529412,84.0,250.14705882352942
220,cam_1,0,79,184.0,295.80882352941177,134.0,323.6029411764706
220,cam_1,0,77,386.0,174.7058823529412,84.0,250.14705882352942
221,cam_1,0,79,180.0,301.7647058823529,142.0,319.63235294117646
221,cam_1,0,77,384.0,174.7058823529412,82.0,252.13235294117646
222,cam_1,0,79,174.0,307.72058823529414,140.0,315.6617647058824
222,cam_1,0,77,384.0,174.7058823529412,80.0,254.11764705882354
223,cam_1,0,79,170.0,311.69117647058823,132.0,311.69117647058823
223,cam_1,0,77,384.0,176.69117647058823,80.0,258.0882352941177
224,cam_1,0,79,164.0,311.69117647058823,120.0,307.72058823529414
224,cam_1,0,77,384.0,176.69117647058823,80.0,258.0882352941177
225,cam_1,0,79,158.0,311.69117647058823,106.0,309.70588235294116
225,cam_1,0,77,384.0,176.69117647058823,78.0,258.0882352941177
226,cam_1,0,79,150.0,307.72058823529414,90.0,309.70588235294116
226,cam_1,0,77,382.0,176.69117647058823,80.0,258.0882352941177
227,cam_1,0,79,150.0,307.72058823529414,92.0,307.72058823529414
227,cam_1,0,77,380.0,176.69117647058823,84.0,258.0882352941177
228,cam_1,0,79,150.0,307.72058823529414,90.0,305.7352941176471
228,cam_1,0,77,380.0,176.69117647058823,82.0,258.0882352941177
229,cam_1,0,79,148.0,307.72058823529414,86.0,295.80882352941177
229,cam_1,0,77,380.0,176.69117647058823,84.0,258.0882352941177
230,cam_1,0,79,146.0,309.70588235294116,84.0,289.8529411764706
230,cam_1,0,77,378.0,176.69117647058823,84.0,258.0882352941177
231,cam_1,0,79,152.0,309.70588235294116,90.0,277.94117647058823
231,cam_1,0,77,378.0,178.6764705882353,88.0,260.0735294117647
232,cam_1,0,79,156.0,311.69117647058823,106.0,275.95588235294116
232,cam_1,0,77,378.0,178.6764705882353,90.0,262.05882352941177
233,cam_1,0,79,160.0,323.6029411764706,110.0,264.04411764705884
233,cam_1,0,77,378.0,180.66176470588235,88.0,264.04411764705884
234,cam_1,0,79,160.0,345.44117647058823,110.0,222.3529411764706
234,cam_1,0,77,380.0,182.64705882352942,86.0,268.0147058823529
235,cam_1,0,79,158.0,347.4264705882353,106.0,210.44117647058823
235,cam_1,0,77,380.0,182.64705882352942,84.0,268.0147058823529
236,cam_1,0,79,154.0,353.38235294117646,96.0,192.57352941176472
236,cam_1,0,77,380.0,182.64705882352942,86.0,266.0294117647059
237,cam_1,0,79,150.0,369.2647058823529,86.0,164.77941176470588
237,cam_1,0,77,380.0,184.63235294117646,82.0,266.0294117647059
238,cam_1,0,77,382.0,184.63235294117646,78.0,262.05882352941177
239,cam_1,0,77,382.0,184.63235294117646,76.0,262.05882352941177
240,cam_1,0,77,384.0,184.63235294117646,76.0,264.04411764705884
241,cam_1,0,77,384.0,184.63235294117646,74.0,264.04411764705884
242,cam_1,0,77,386.0,184.63235294117646,70.0,266.0294117647059
243,cam_1,0,77,386.0,184.63235294117646,70.0,266.0294117647059
244,cam_1,0,77,386.0,182.64705882352942,70.0,264.04411764705884
245,cam_1,0,77,386.0,182.64705882352942,70.0,264.04411764705884
246,cam_1,0,77,386.0,184.63235294117646,72.0,264.04411764705884
247,cam_1,0,77,384.0,184.63235294117646,72.0,262.05882352941177
248,cam_1,0,77,384.0,184.63235294117646,72.0,262.05882352941177
249,cam_1,0,77,384.0,184.63235294117646,74.0,262.05882352941177
250,cam_1,0,77,384.0,182.64705882352942,72.0,262.05882352941177
251,cam_1,0,77,382.0,182.64705882352942,76.0,262.05882352941177
252,cam_1,0,77,382.0,180.66176470588235,72.0,262.05882352941177
253,cam_1,0,77,380.0,178.6764705882353,70.0,262.05882352941177
254,cam_1,0,77,382.0,178.6764705882353,68.0,260.0735294117647
255,cam_1,0,77,382.0,176.69117647058823,68.0,258.0882352941177
256,cam_1,0,77,382.0,172.72058823529412,66.0,252.13235294117646
257,cam_1,0,77,382.0,172.72058823529412,64.0,248.16176470588235
258,cam_1,0,77,382.0,170.73529411764707,68.0,242.2058823529412
259,cam_1,0,77,382.0,170.73529411764707,70.0,240.22058823529412
260,cam_1,0,77,380.0,168.75,74.0,240.22058823529412
261,cam_1,0,77,380.0,168.75,78.0,238.23529411764707
262,cam_1,0,77,380.0,168.75,86.0,238.23529411764707
263,cam_1,0,77,380.0,168.75,90.0,240.22058823529412
264,cam_1,0,77,376.0,170.73529411764707,94.0,238.23529411764707
265,cam_1,0,77,372.0,168.75,102.0,238.23529411764707
266,cam_1,0,77,368.0,168.75,100.0,236.25
267,cam_1,0,77,364.0,168.75,100.0,234.26470588235296
268,cam_1,0,77,364.0,164.77941176470588,98.0,228.30882352941177
269,cam_1,0,77,364.0,162.79411764705884,94.0,224.33823529411765
270,cam_1,0,77,362.0,160.80882352941177,94.0,220.36764705882354
271,cam_1,0,77,358.0,156.83823529411765,90.0,216.39705882352942
272,cam_1,0,77,354.0,154.85294117647058,86.0,212.4264705882353
273,cam_1,0,77,348.0,154.85294117647058,84.0,210.44117647058823
274,cam_1,0,77,344.0,150.88235294117646,78.0,204.48529411764707
275,cam_1,0,77,342.0,148.89705882352942,74.0,200.51470588235296
276,cam_1,0,77,340.0,148.89705882352942,76.0,200.51470588235296
277,cam_1,0,77,340.0,148.89705882352942,80.0,198.52941176470588
278,cam_1,0,77,336.0,148.89705882352942,90.0,198.52941176470588
279,cam_1,0,77,330.0,150.88235294117646,100.0,196.54411764705884
280,cam_1,0,77,330.0,150.88235294117646,98.0,196.54411764705884
281,cam_1,0,77,328.0,150.88235294117646,100.0,194.55882352941177
282,cam_1,0,77,326.0,150.88235294117646,98.0,192.57352941176472
283,cam_1,0,77,322.0,148.89705882352942,88.0,188.60294117647058
284,cam_1,0,77,318.0,146.91176470588235,80.0,188.60294117647058
285,cam_1,0,77,316.0,146.91176470588235,76.0,188.60294117647058
286,cam_1,0,77,312.0,144.9264705882353,68.0,188.60294117647058
287,cam_1,0,77,310.0,144.9264705882353,66.0,186.61764705882354
288,cam_1,0,77,308.0,144.9264705882353,66.0,186.61764705882354
289,cam_1,0,77,308.0,144.9264705882353,68.0,186.61764705882354
290,cam_1,0,77,306.0,144.9264705882353,66.0,184.63235294117646
291,cam_1,0,77,306.0,144.9264705882353,66.0,186.61764705882354
292,cam_1,0,77,306.0,144.9264705882353,68.0,186.61764705882354
293,cam_1,0,77,306.0,144.9264705882353,68.0,186.61764705882354
294,cam_1,0,77,306.0,144.9264705882353,68.0,186.61764705882354
295,cam_1,0,77,306.0,144.9264705882353,70.0,186.61764705882354
296,cam_1,0,77,304.0,144.9264705882353,70.0,184.63235294117646
297,cam_1,0,77,304.0,144.9264705882353,68.0,186.61764705882354
298,cam_1,0,77,304.0,144.9264705882353,72.0,186.61764705882354
299,cam_1,0,77,306.0,144.9264705882353,74.0,184.63235294117646
300,cam_1,0,77,310.0,144.9264705882353,78.0,186.61764705882354
301,cam_1,0,77,310.0,144.9264705882353,80.0,186.61764705882354
302,cam_1,0,77,314.0,144.9264705882353,80.0,186.61764705882354
303,cam_1,0,77,316.0,146.91176470588235,80.0,188.60294117647058
304,cam_1,0,77,318.0,144.9264705882353,84.0,186.61764705882354
305,cam_1,0,77,320.0,144.9264705882353,88.0,184.63235294117646
306,cam_1,0,77,320.0,144.9264705882353,86.0,186.61764705882354
307,cam_1,0,77,322.0,144.9264705882353,86.0,186.61764705882354
308,cam_1,0,77,326.0,144.9264705882353,84.0,188.60294117647058
309,cam_1,0,77,326.0,144.9264705882353,88.0,188.60294117647058
310,cam_1,0,77,328.0,144.9264705882353,86.0,190.58823529411765
311,cam_1,0,77,330.0,146.91176470588235,84.0,192.57352941176472
312,cam_1,0,77,334.0,148.89705882352942,80.0,196.54411764705884
313,cam_1,0,77,334.0,150.88235294117646,76.0,200.51470588235296
314,cam_1,0,77,336.0,152.86764705882354,74.0,204.48529411764707
315,cam_1,0,77,336.0,154.85294117647058,76.0,208.4558823529412
316,cam_1,0,77,336.0,156.83823529411765,78.0,212.4264705882353
317,cam_1,0,77,338.0,156.83823529411765,80.0,212.4264705882353
318,cam_1,0,77,342.0,156.83823529411765,82.0,212.4264705882353
319,cam_1,0,77,346.0,158.8235294117647,86.0,212.4264705882353
320,cam_1,0,77,352.0,158.8235294117647,88.0,210.44117647058823
321,cam_1,0,77,356.0,160.80882352941177,90.0,210.44117647058823
322,cam_1,0,77,362.0,160.80882352941177,90.0,212.4264705882353
323,cam_1,0,77,368.0,158.8235294117647,90.0,214.41176470588235
324,cam_1,0,77,368.0,158.8235294117647,98.0,218.38235294117646
325,cam_1,0,77,372.0,160.80882352941177,102.0,222.3529411764706
326,cam_1,0,77,374.0,162.79411764705884,108.0,226.32352941176472
327,cam_1,0,77,380.0,166.76470588235296,110.0,234.26470588235296
328,cam_1,0,77,386.0,168.75,106.0,238.23529411764707
329,cam_1,0,77,394.0,168.75,100.0,240.22058823529412
330,cam_1,0,77,402.0,170.73529411764707,94.0,238.23529411764707
331,cam_1,0,77,406.0,172.72058823529412,92.0,236.25
332,cam_1,0,77,412.0,174.7058823529412,88.0,236.25
332,cam_1,0,91,148.0,170.73529411764707,62.0,212.4264705882353
333,cam_1,0,77,418.0,176.69117647058823,88.0,242.2058823529412
333,cam_1,0,91,150.0,170.73529411764707,68.0,218.38235294117646
334,cam_1,0,77,426.0,180.66176470588235,88.0,250.14705882352942
334,cam_1,0,91,152.0,170.73529411764707,74.0,218.38235294117646
335,cam_1,0,77,432.0,184.63235294117646,86.0,260.0735294117647
335,cam_1,0,91,158.0,170.73529411764707,84.0,220.36764705882354
336,cam_1,0,77,438.0,190.58823529411765,88.0,262.05882352941177
336,cam_1,0,91,160.0,170.73529411764707,86.0,224.33823529411765
336,cam_1,0,92,238.0,152.86764705882354,70.0,190.58823529411765
337,cam_1,0,77,446.0,194.55882352941177,90.0,260.0735294117647
337,cam_1,0,91,164.0,174.7058823529412,92.0,228.30882352941177
337,cam_1,0,92,250.0,150.88235294117646,74.0,192.57352941176472
338,cam_1,0,77,450.0,196.54411764705884,88.0,258.0882352941177
338,cam_1,0,91,168.0,176.69117647058823,96.0,232.27941176470588
338,cam_1,0,92,260.0,160.80882352941177,80.0,212.4264705882353
339,cam_1,0,77,456.0,198.52941176470588,86.0,256.1029411764706
339,cam_1,0,91,176.0,180.66176470588235,92.0,238.23529411764707
339,cam_1,0,92,266.0,158.8235294117647,78.0,208.4558823529412
340,cam_1,0,77,462.0,198.52941176470588,86.0,256.1029411764706
340,cam_1,0,91,186.0,180.66176470588235,88.0,244.19117647058823
340,cam_1,0,92,276.0,162.79411764705884,74.0,218.38235294117646
341,cam_1,0,77,468.0,196.54411764705884,90.0,256.1029411764706
341,cam_1,0,91,196.0,182.64705882352942,86.0,242.2058823529412
341,cam_1,0,92,286.0,164.77941176470588,78.0,222.3529411764706
342,cam_1,0,77,472.0,200.51470588235296,90.0,270.0
342,cam_1,0,91,200.0,184.63235294117646,90.0,238.23529411764707
342,cam_1,0,92,296.0,166.76470588235296,80.0,224.33823529411765
343,cam_1,0,77,478.0,204.48529411764707,92.0,281.9117647058824
343,cam_1,0,91,202.0,184.63235294117646,88.0,234.26470588235296
343,cam_1,0,92,304.0,166.76470588235296,88.0,228.30882352941177
344,cam_1,0,77,486.0,208.4558823529412,96.0,285.88235294117646
344,cam_1,0,91,210.0,182.64705882352942,92.0,238.23529411764707
344,cam_1,0,92,306.0,166.76470588235296,86.0,228.30882352941177
345,cam_1,0,77,490.0,214.41176470588235,98.0,285.88235294117646
345,cam_1,0,91,222.0,184.63235294117646,106.0,246.1764705882353
345,cam_1,0,92,312.0,166.76470588235296,84.0,228.30882352941177
345,cam_1,0,94,156.0,500.29411764705884,110.0,397.05882352941177
346,cam_1,0,77,496.0,216.39705882352942,96.0,285.88235294117646
346,cam_1,0,91,230.0,186.61764705882354,106.0,252.13235294117646
346,cam_1,0,92,324.0,166.76470588235296,88.0,228.30882352941177
346,cam_1,0,94,160.0,502.2794117647059,122.0,397.05882352941177
347,cam_1,0,77,500.0,218.38235294117646,98.0,281.9117647058824
347,cam_1,0,91,228.0,188.60294117647058,94.0,260.0735294117647
347,cam_1,0,92,334.0,172.72058823529412,88.0,242.2058823529412
347,cam_1,0,94,166.0,500.29411764705884,130.0,403.0147058823529
348,cam_1,0,77,502.0,220.36764705882354,98.0,275.95588235294116
348,cam_1,0,91,234.0,192.57352941176472,94.0,264.04411764705884
348,cam_1,0,92,340.0,176.69117647058823,88.0,252.13235294117646
348,cam_1,0,94,182.0,500.29411764705884,114.0,406.9852941176471
349,cam_1,0,77,506.0,222.3529411764706,94.0,279.9264705882353
349,cam_1,0,91,236.0,198.52941176470588,90.0,262.05882352941177
349,cam_1,0,92,350.0,180.66176470588235,88.0,258.0882352941177
349,cam_1,0,94,190.0,502.2794117647059,116.0,414.9264705882353
350,cam_1,0,77,512.0,226.32352941176472,92.0,289.8529411764706
350,cam_1,0,91,242.0,202.5,86.0,256.1029411764706
350,cam_1,0,92,356.0,180.66176470588235,88.0,260.0735294117647
350,cam_1,0,94,196.0,508.2352941176471,122.0,420.88235294117646
351,cam_1,0,77,518.0,232.27941176470588,92.0,301.7647058823529
351,cam_1,0,91,246.0,204.48529411764707,86.0,246.1764705882353
351,cam_1,0,92,364.0,182.64705882352942,86.0,260.0735294117647
351,cam_1,0,94,202.0,512.2058823529412,130.0,424.8529411764706
352,cam_1,0,77,524.0,238.23529411764707,96.0,303.75
352,cam_1,0,91,252.0,196.54411764705884,86.0,224.33823529411765
352,cam_1,0,92,370.0,186.61764705882354,86.0,256.1029411764706
352,cam_1,0,94,206.0,520.1470588235294,140.0,422.86764705882354
353,cam_1,0,77,530.0,244.19117647058823,98.0,305.7352941176471
353,cam_1,0,91,258.0,200.51470588235296,88.0,232.27941176470588
353,cam_1,0,92,374.0,188.60294117647058,92.0,246.1764705882353
353,cam_1,0,94,212.0,524.1176470588235,150.0,410.95588235294116
354,cam_1,0,77,534.0,250.14705882352942,102.0,301.7647058823529
354,cam_1,0,91,262.0,202.5,88.0,240.22058823529412
354,cam_1,0,92,382.0,190.58823529411765,90.0,244.19117647058823
354,cam_1,0,94,216.0,536.0294117647059,158.0,418.89705882352945
355,cam_1,0,77,536.0,254.11764705882354,100.0,295.80882352941177
355,cam_1,0,91,266.0,208.4558823529412,90.0,254.11764705882354
355,cam_1,0,92,388.0,190.58823529411765,88.0,246.1764705882353
355,cam_1,0,94,222.0,547.9411764705883,160.0,426.8382352941177
356,cam_1,0,77,544.0,256.1029411764706,104.0,289.8529411764706
356,cam_1,0,91,268.0,210.44117647058823,92.0,260.0735294117647
356,cam_1,0,92,394.0,192.57352941176472,92.0,252.13235294117646
356,cam_1,0,94,226.0,551.9117647058823,164.0,422.86764705882354
357,cam_1,0,77,550.0,258.0882352941177,108.0,289.8529411764706
357,cam_1,0,91,274.0,214.41176470588235,94.0,264.04411764705884
357,cam_1,0,92,398.0,204.48529411764707,96.0,271.9852941176471
357,cam_1,0,94,234.0,553.8970588235294,160.0,424.8529411764706
358,cam_1,0,77,552.0,256.1029411764706,114.0,285.88235294117646
358,cam_1,0,91,282.0,222.3529411764706,92.0,270.0
358,cam_1,0,92,406.0,212.4264705882353,96.0,277.94117647058823
358,cam_1,0,94,244.0,557.8676470588235,156.0,424.8529411764706
359,cam_1,0,77,554.0,262.05882352941177,114.0,299.7794117647059
359,cam_1,0,91,292.0,232.27941176470588,84.0,273.97058823529414
359,cam_1,0,92,414.0,218.38235294117646,90.0,273.97058823529414
359,cam_1,0,94,254.0,557.8676470588235,156.0,424.8529411764706
360,cam_1,0,77,552.0,271.9852941176471,112.0,317.6470588235294
360,cam_1,0,91,300.0,238.23529411764707,90.0,270.0
360,cam_1,0,92,418.0,224.33823529411765,92.0,264.04411764705884
360,cam_1,0,94,264.0,557.8676470588235,154.0,426.8382352941177
361,cam_1,0,77,550.0,277.94117647058823,110.0,321.61764705882354
361,cam_1,0,91,310.0,236.25,94.0,260.0735294117647
361,cam_1,0,92,424.0,228.30882352941177,94.0,258.0882352941177
361,cam_1,0,94,274.0,555.8823529411765,146.0,430.80882352941177
362,cam_1,0,77,550.0,285.88235294117646,108.0,319.63235294117646
362,cam_1,0,91,312.0,226.32352941176472,98.0,238.23529411764707
362,cam_1,0,92,430.0,230.29411764705884,96.0,260.0735294117647
362,cam_1,0,94,286.0,553.8970588235294,142.0,432.79411764705884
363,cam_1,0,77,552.0,289.8529411764706,100.0,311.69117647058823
363,cam_1,0,91,316.0,222.3529411764706,102.0,236.25
363,cam_1,0,92,440.0,228.30882352941177,98.0,262.05882352941177
363,cam_1,0,94,296.0,557.8676470588235,142.0,436.7647058823529
364,cam_1,0,77,552.0,293.8235294117647,100.0,305.7352941176471
364,cam_1,0,91,324.0,226.32352941176472,100.0,248.16176470588235
364,cam_1,0,92,448.0,232.27941176470588,100.0,279.9264705882353
364,cam_1,0,94,306.0,563.8235294117648,140.0,444.7058823529412
365,cam_1,0,77,550.0,297.79411764705884,96.0,301.7647058823529
365,cam_1,0,91,332.0,226.32352941176472,102.0,252.13235294117646
365,cam_1,0,92,458.0,240.22058823529412,104.0,295.80882352941177
365,cam_1,0,94,314.0,571.7647058823529,138.0,442.72058823529414
366,cam_1,0,77,532.0,303.75,126.0,309.70588235294116
366,cam_1,0,91,340.0,228.30882352941177,102.0,260.0735294117647
366,cam_1,0,92,460.0,246.1764705882353,104.0,303.75
366,cam_1,0,94,326.0,577.7205882352941,138.0,436.7647058823529
367,cam_1,0,77,538.0,311.69117647058823,110.0,321.61764705882354
367,cam_1,0,91,348.0,228.30882352941177,96.0,252.13235294117646
367,cam_1,0,92,464.0,254.11764705882354,92.0,305.7352941176471
367,cam_1,0,94,334.0,591.6176470588235,140.0,446.69117647058823
368,cam_1,0,77,542.0,321.61764705882354,106.0,329.55882352941177
368,cam_1,0,91,356.0,240.22058823529412,98.0,268.0147058823529
368,cam_1,0,92,466.0,256.1029411764706,78.0,297.79411764705884
368,cam_1,0,94,342.0,601.5441176470588,138.0,446.69117647058823
369,cam_1,0,77,542.0,329.55882352941177,104.0,327.5735294117647
369,cam_1,0,91,364.0,246.1764705882353,96.0,264.04411764705884
369,cam_1,0,92,474.0,266.0294117647059,86.0,287.86764705882354
369,cam_1,0,94,348.0,607.5,136.0,446.69117647058823
370,cam_1,0,77,542.0,337.5,106.0,319.63235294117646
370,cam_1,0,91,372.0,252.13235294117646,90.0,260.0735294117647
370,cam_1,0,92,478.0,266.0294117647059,92.0,289.8529411764706
370,cam_1,0,94,352.0,613.4558823529412,140.0,446.69117647058823
371,cam_1,0,77,536.0,339.4852941176471,118.0,317.6470588235294
371,cam_1,0,91,374.0,256.1029411764706,98.0,262.05882352941177
371,cam_1,0,94,356.0,615.4411764705883,150.0,448.6764705882353
372,cam_1,0,77,516.0,339.4852941176471,154.0,317.6470588235294
372,cam_1,0,91,380.0,258.0882352941177,94.0,264.04411764705884
372,cam_1,0,94,366.0,615.4411764705883,150.0,450.6617647058824
373,cam_1,0,77,512.0,341.47058823529414,154.0,317.6470588235294
373,cam_1,0,91,386.0,268.0147058823529,98.0,291.8382352941177
373,cam_1,0,94,380.0,617.4264705882354,136.0,448.6764705882353
374,cam_1,0,91,390.0,268.0147058823529,94.0,293.8235294117647
374,cam_1,0,94,394.0,613.4558823529412,132.0,452.64705882352945
375,cam_1,0,91,398.0,264.04411764705884,98.0,289.8529411764706
375,cam_1,0,94,402.0,615.4411764705883,134.0,460.5882352941177
375,cam_1,0,77,504.0,349.4117647058824,120.0,337.5
376,cam_1,0,91,402.0,262.05882352941177,100.0,279.9264705882353
376,cam_1,0,94,408.0,623.3823529411765,138.0,472.5
376,cam_1,0,77,488.0,361.3235294117647,110.0,355.36764705882354
377,cam_1,0,91,410.0,260.0735294117647,104.0,264.04411764705884
377,cam_1,0,94,414.0,631.3235294117648,146.0,480.44117647058823
377,cam_1,0,77,478.0,345.44117647058823,100.0,311.69117647058823
378,cam_1,0,91,416.0,254.11764705882354,100.0,234.26470588235296
378,cam_1,0,94,420.0,643.2352941176471,162.0,476.47058823529414
378,cam_1,0,77,468.0,345.44117647058823,98.0,293.8235294117647
379,cam_1,0,94,426.0,657.1323529411765,174.0,482.4264705882353
379,cam_1,0,77,452.0,347.4264705882353,112.0,293.8235294117647
380,cam_1,0,94,428.0,669.0441176470589,180.0,482.4264705882353
380,cam_1,0,77,440.0,337.5,102.0,264.04411764705884
381,cam_1,0,94,436.0,676.9852941176471,186.0,486.39705882352945
381,cam_1,0,77,428.0,339.4852941176471,102.0,268.0147058823529
381,cam_1,0,96,592.0,309.70588235294116,132.0,311.69117647058823
382,cam_1,0,94,440.0,682.9411764705883,184.0,488.38235294117646
382,cam_1,0,77,410.0,345.44117647058823,100.0,289.8529411764706
382,cam_1,0,96,614.0,311.69117647058823,136.0,325.5882352941177
383,cam_1,0,94,444.0,688.8970588235294,182.0,486.39705882352945
383,cam_1,0,77,392.0,381.1764705882353,104.0,359.3382352941177
383,cam_1,0,96,628.0,319.63235294117646,140.0,343.45588235294116
383,cam_1,0,91,464.0,285.88235294117646,100.0,268.0147058823529
384,cam_1,0,94,454.0,690.8823529411765,178.0,488.38235294117646
384,cam_1,0,77,372.0,393.0882352941177,138.0,373.2352941176471
384,cam_1,0,96,638.0,325.5882352941177,146.0,351.39705882352945
384,cam_1,0,91,472.0,301.7647058823529,100.0,295.80882352941177
385,cam_1,0,94,460.0,692.8676470588235,174.0,494.3382352941177
385,cam_1,0,77,354.0,399.04411764705884,152.0,371.25
385,cam_1,0,96,650.0,341.47058823529414,150.0,363.30882352941177
385,cam_1,0,91,476.0,301.7647058823529,108.0,295.80882352941177
386,cam_1,0,94,468.0,692.8676470588235,174.0,494.3382352941177
386,cam_1,0,77,344.0,405.0,142.0,365.29411764705884
386,cam_1,0,96,664.0,349.4117647058824,148.0,359.3382352941177
386,cam_1,0,91,478.0,307.72058823529414,122.0,295.80882352941177
387,cam_1,0,94,478.0,690.8823529411765,170.0,494.3382352941177
387,cam_1,0,77,324.0,408.97058823529414,158.0,359.3382352941177
387,cam_1,0,96,684.0,355.36764705882354,154.0,347.4264705882353
387,cam_1,0,91,482.0,293.8235294117647,126.0,252.13235294117646
388,cam_1,0,94,484.0,692.8676470588235,158.0,494.3382352941177
388,cam_1,0,77,308.0,410.95588235294116,156.0,353.38235294117646
388,cam_1,0,96,702.0,359.3382352941177,158.0,341.47058823529414
388,cam_1,0,91,490.0,307.72058823529414,124.0,258.0882352941177
389,cam_1,0,94,496.0,698.8235294117648,166.0,500.29411764705884
389,cam_1,0,77,298.0,412.94117647058823,140.0,353.38235294117646
389,cam_1,0,96,718.0,361.3235294117647,156.0,339.4852941176471
389,cam_1,0,91,496.0,327.5735294117647,122.0,279.9264705882353
390,cam_1,0,94,506.0,708.75,162.0,502.2794117647059
390,cam_1,0,77,294.0,420.88235294117646,136.0,365.29411764705884
390,cam_1,0,96,730.0,359.3382352941177,158.0,341.47058823529414
390,cam_1,0,91,506.0,331.54411764705884,114.0,281.9117647058824
390,cam_1,0,97,144.0,186.61764705882354,62.0,250.14705882352942
391,cam_1,0,94,510.0,718.6764705882354,150.0,508.2352941176471
391,cam_1,0,77,280.0,428.8235294117647,142.0,373.2352941176471
391,cam_1,0,96,742.0,359.3382352941177,164.0,345.44117647058823
391,cam_1,0,91,512.0,335.5147058823529,112.0,287.86764705882354
391,cam_1,0,97,152.0,184.63235294117646,74.0,250.14705882352942
392,cam_1,0,94,522.0,726.6176470588235,160.0,512.2058823529412
392,cam_1,0,77,258.0,436.7647058823529,146.0,379.19117647058823
392,cam_1,0,96,752.0,375.22058823529414,174.0,373.2352941176471
392,cam_1,0,91,518.0,335.5147058823529,112.0,293.8235294117647
392,cam_1,0,97,160.0,182.64705882352942,78.0,248.16176470588235
393,cam_1,0,94,528.0,736.5441176470589,156.0,514.1911764705883
393,cam_1,0,77,244.0,444.7058823529412,150.0,375.22058823529414
393,cam_1,0,96,764.0,389.11764705882354,180.0,387.13235294117646
393,cam_1,0,91,524.0,339.4852941176471,110.0,303.75
393,cam_1,0,97,166.0,184.63235294117646,86.0,250.14705882352942
394,cam_1,0,94,546.0,742.5,178.0,510.22058823529414
394,cam_1,0,77,234.0,450.6617647058824,136.0,363.30882352941177
394,cam_1,0,96,780.0,399.04411764705884,176.0,393.0882352941177
394,cam_1,0,91,526.0,347.4264705882353,110.0,317.6470588235294
394,cam_1,0,97,172.0,184.63235294117646,96.0,254.11764705882354
394,cam_1,0,98,140.0,500.29411764705884,74.0,369.2647058823529
395,cam_1,0,94,552.0,744.4852941176471,180.0,506.25
395,cam_1,0,77,224.0,454.63235294117646,120.0,355.36764705882354
395,cam_1,0,96,792.0,406.9852941176471,178.0,385.14705882352945
395,cam_1,0,91,530.0,347.4264705882353,110.0,309.70588235294116
395,cam_1,0,97,176.0,184.63235294117646,102.0,258.0882352941177
395,cam_1,0,98,146.0,500.29411764705884,88.0,367.2794117647059
396,cam_1,0,94,556.0,748.4558823529412,178.0,510.22058823529414
396,cam_1,0,96,800.0,412.94117647058823,176.0,373.2352941176471
396,cam_1,0,91,544.0,353.38235294117646,100.0,309.70588235294116
396,cam_1,0,97,186.0,184.63235294117646,106.0,252.13235294117646
397,cam_1,0,94,560.0,746.4705882352941,176.0,510.22058823529414
397,cam_1,0,96,810.0,414.9264705882353,160.0,369.2647058823529
397,cam_1,0,91,550.0,371.25,116.0,319.63235294117646
397,cam_1,0,97,194.0,184.63235294117646,116.0,254.11764705882354
397,cam_1,0,77,186.0,498.30882352941177,150.0,430.80882352941177
398,cam_1,0,94,562.0,742.5,174.0,510.22058823529414
398,cam_1,0,96,820.0,416.9117647058824,156.0,367.2794117647059
398,cam_1,0,91,560.0,375.22058823529414,112.0,307.72058823529414
398,cam_1,0,97,200.0,190.58823529411765,122.0,268.0147058823529
398,cam_1,0,77,184.0,500.29411764705884,136.0,450.6617647058824
399,cam_1,0,94,564.0,744.4852941176471,174.0,514.1911764705883
399,cam_1,0,96,830.0,422.86764705882354,158.0,381.1764705882353
399,cam_1,0,91,568.0,375.22058823529414,120.0,289.8529411764706
399,cam_1,0,97,212.0,192.57352941176472,116.0,275.95588235294116
399,cam_1,0,77,188.0,502.2794117647059,144.0,454.63235294117646
400,cam_1,0,94,568.0,746.4705882352941,176.0,516.1764705882354
400,cam_1,0,96,844.0,432.79411764705884,152.0,403.0147058823529
400,cam_1,0,91,576.0,381.1764705882353,126.0,299.7794117647059
400,cam_1,0,97,230.0,194.55882352941177,106.0,279.9264705882353
400,cam_1,0,77,192.0,506.25,146.0,458.6029411764706
401,cam_1,0,94,570.0,756.3970588235294,180.0,534.0441176470588
401,cam_1,0,96,856.0,442.72058823529414,150.0,420.88235294117646
401,cam_1,0,91,586.0,371.25,128.0,283.8970588235294
401,cam_1,0,97,248.0,192.57352941176472,90.0,275.95588235294116
401,cam_1,0,77,204.0,532.0588235294118,156.0,414.9264705882353
402,cam_1,0,94,574.0,770.2941176470589,184.0,536.0294117647059
402,cam_1,0,96,870.0,454.63235294117646,150.0,424.8529411764706
402,cam_1,0,91,592.0,373.2352941176471,132.0,289.8529411764706
402,cam_1,0,97,254.0,196.54411764705884,100.0,277.94117647058823
402,cam_1,0,77,214.0,541.9852941176471,170.0,401.0294117647059
402,cam_1,0,98,154.0,490.36764705882354,94.0,405.0
403,cam_1,0,94,578.0,782.2058823529412,188.0,538.0147058823529
403,cam_1,0,96,884.0,464.55882352941177,152.0,418.89705882352945
403,cam_1,0,91,600.0,373.2352941176471,140.0,293.8235294117647
403,cam_1,0,97,270.0,192.57352941176472,94.0,271.9852941176471
403,cam_1,0,77,230.0,541.9852941176471,156.0,403.0147058823529
403,cam_1,0,98,152.0,498.30882352941177,94.0,403.0147058823529
404,cam_1,0,94,586.0,790.1470588235294,188.0,543.9705882352941
404,cam_1,0,96,896.0,472.5,150.0,403.0147058823529
404,cam_1,0,91,608.0,383.1617647058824,142.0,303.75
404,cam_1,0,97,282.0,192.57352941176472,90.0,275.95588235294116
404,cam_1,0,77,240.0,540.0,140.0,406.9852941176471
404,cam_1,0,98,148.0,504.2647058823529,92.0,395.0735294117647
405,cam_1,0,94,590.0,796.1029411764706,190.0,538.0147058823529
405,cam_1,0,96,908.0,478.4558823529412,148.0,393.0882352941177
405,cam_1,0,91,616.0,403.0147058823529,146.0,335.5147058823529
405,cam_1,0,97,290.0,198.52941176470588,96.0,291.8382352941177
405,cam_1,0,77,250.0,538.0147058823529,120.0,418.89705882352945
405,cam_1,0,98,144.0,506.25,88.0,389.11764705882354
406,cam_1,0,94,594.0,800.0735294117648,188.0,534.0441176470588
406,cam_1,0,96,918.0,482.4264705882353,156.0,387.13235294117646
406,cam_1,0,91,620.0,414.9264705882353,154.0,341.47058823529414
406,cam_1,0,97,302.0,200.51470588235296,92.0,293.8235294117647
406,cam_1,0,77,260.0,540.0,108.0,434.7794117647059
406,cam_1,0,98,136.0,516.1764705882354,70.0,379.19117647058823
407,cam_1,0,94,596.0,804.0441176470589,182.0,534.0441176470588
407,cam_1,0,96,930.0,480.44117647058823,172.0,387.13235294117646
407,cam_1,0,91,626.0,426.8382352941177,160.0,335.5147058823529
407,cam_1,0,97,314.0,202.5,94.0,295.80882352941177
407,cam_1,0,77,260.0,543.9705882352941,120.0,444.7058823529412
407,cam_1,0,98,144.0,530.0735294117648,86.0,375.22058823529414
408,cam_1,0,94,596.0,806.0294117647059,174.0,534.0441176470588
408,cam_1,0,96,946.0,480.44117647058823,172.0,389.11764705882354
408,cam_1,0,91,632.0,432.79411764705884,164.0,329.55882352941177
408,cam_1,0,97,326.0,204.48529411764707,94.0,303.75
408,cam_1,0,77,272.0,547.9411764705883,114.0,448.6764705882353
408,cam_1,0,98,154.0,530.0735294117648,106.0,347.4264705882353
409,cam_1,0,94,600.0,806.0294117647059,174.0,532.0588235294118
409,cam_1,0,96,952.0,490.36764705882354,190.0,410.95588235294116
409,cam_1,0,91,640.0,436.7647058823529,154.0,329.55882352941177
409,cam_1,0,97,336.0,208.4558823529412,90.0,303.75
409,cam_1,0,77,280.0,553.8970588235294,120.0,444.7058823529412
409,cam_1,0,98,168.0,524.1176470588235,134.0,325.5882352941177
410,cam_1,0,94,604.0,806.0294117647059,174.0,528.0882352941177
410,cam_1,0,96,968.0,508.2352941176471,188.0,432.79411764705884
410,cam_1,0,91,656.0,444.7058823529412,148.0,343.45588235294116
410,cam_1,0,97,346.0,216.39705882352942,90.0,295.80882352941177
410,cam_1,0,77,286.0,555.8823529411765,128.0,442.72058823529414
410,cam_1,0,98,178.0,522.1323529411765,150.0,319.63235294117646
411,cam_1,0,94,608.0,806.0294117647059,178.0,526.1029411764706
411,cam_1,0,96,984.0,524.1176470588235,188.0,446.69117647058823
411,cam_1,0,91,670.0,456.61764705882354,134.0,369.2647058823529
411,cam_1,0,97,358.0,216.39705882352942,86.0,289.8529411764706
411,cam_1,0,77,298.0,565.8088235294118,134.0,440.7352941176471
411,cam_1,0,98,180.0,522.1323529411765,162.0,325.5882352941177
412,cam_1,0,94,612.0,810.0,180.0,528.0882352941177
412,cam_1,0,96,994.0,536.0294117647059,192.0,444.7058823529412
412,cam_1,0,97,368.0,194.55882352941177,84.0,244.19117647058823
412,cam_1,0,77,304.0,573.75,148.0,434.7794117647059
412,cam_1,0,98,182.0,524.1176470588235,162.0,325.5882352941177
413,cam_1,0,94,618.0,819.9264705882354,186.0,532.0588235294118
413,cam_1,0,96,1002.0,541.9852941176471,194.0,434.7794117647059
413,cam_1,0,97,382.0,188.60294117647058,80.0,224.33823529411765
413,cam_1,0,77,316.0,581.6911764705883,146.0,432.79411764705884
413,cam_1,0,98,192.0,526.1029411764706,180.0,317.6470588235294
413,cam_1,0,91,688.0,482.4264705882353,132.0,401.0294117647059
414,cam_1,0,94,624.0,819.9264705882354,188.0,512.2058823529412
414,cam_1,0,96,1006.0,547.9411764705883,192.0,424.8529411764706
414,cam_1,0,97,392.0,190.58823529411765,84.0,236.25
414,cam_1,0,77,312.0,587.6470588235294,180.0,438.75
414,cam_1,0,91,698.0,496.3235294117647,138.0,410.95588235294116
415,cam_1,0,94,628.0,841.7647058823529,186.0,543.9705882352941
415,cam_1,0,96,1012.0,549.9264705882354,182.0,418.89705882352945
415,cam_1,0,97,392.0,214.41176470588235,106.0,293.8235294117647
415,cam_1,0,77,308.0,593.6029411764706,204.0,442.72058823529414
415,cam_1,0,91,708.0,502.2794117647059,146.0,403.0147058823529
416,cam_1,0,94,636.0,849.7058823529412,186.0,545.9558823529412
416,cam_1,0,96,1022.0,549.9264705882354,166.0,418.89705882352945
416,cam_1,0,97,404.0,222.3529411764706,118.0,307.72058823529414
416,cam_1,0,77,312.0,597.5735294117648,204.0,446.69117647058823
416,cam_1,0,91,718.0,508.2352941176471,144.0,395.0735294117647
417,cam_1,0,94,638.0,857.6470588235294,192.0,547.9411764705883
417,cam_1,0,96,1032.0,551.9117647058823,152.0,422.86764705882354
417,cam_1,0,97,412.0,218.38235294117646,124.0,295.80882352941177
417,cam_1,0,77,316.0,597.5735294117648,204.0,450.6617647058824
417,cam_1,0,91,726.0,512.2058823529412,146.0,385.14705882352945
418,cam_1,0,94,642.0,859.6323529411765,202.0,549.9264705882354
418,cam_1,0,96,1040.0,565.8088235294118,146.0,452.64705882352945
418,cam_1,0,97,418.0,216.39705882352942,130.0,287.86764705882354
418,cam_1,0,77,326.0,601.5441176470588,194.0,454.63235294117646
418,cam_1,0,91,734.0,514.1911764705883,144.0,381.1764705882353
419,cam_1,0,94,644.0,861.6176470588235,208.0,551.9117647058823
419,cam_1,0,96,1044.0,577.7205882352941,148.0,472.5
419,cam_1,0,97,430.0,216.39705882352942,134.0,279.9264705882353
419,cam_1,0,77,344.0,605.5147058823529,204.0,450.6617647058824
419,cam_1,0,91,740.0,514.1911764705883,146.0,381.1764705882353
420,cam_1,0,94,656.0,863.6029411764706,202.0,553.8970588235294
420,cam_1,0,96,1046.0,589.6323529411765,154.0,482.4264705882353
420,cam_1,0,97,442.0,232.27941176470588,134.0,297.79411764705884
420,cam_1,0,77,344.0,609.4852941176471,172.0,442.72058823529414
420,cam_1,0,91,744.0,514.1911764705883,150.0,383.1617647058824
421,cam_1,0,94,670.0,861.6176470588235,184.0,553.8970588235294
421,cam_1,0,96,1048.0,603.5294117647059,162.0,482.4264705882353
421,cam_1,0,97,456.0,238.23529411764707,130.0,299.7794117647059
421,cam_1,0,77,362.0,609.4852941176471,184.0,442.72058823529414
421,cam_1,0,91,750.0,573.75,152.0,500.29411764705884
422,cam_1,0,94,678.0,861.6176470588235,182.0,555.8823529411765
422,cam_1,0,96,1072.0,613.4558823529412,128.0,470.5147058823529
422,cam_1,0,97,474.0,240.22058823529412,120.0,299.7794117647059
422,cam_1,0,77,372.0,609.4852941176471,182.0,446.69117647058823
422,cam_1,0,91,756.0,587.6470588235294,154.0,528.0882352941177
422,cam_1,0,100,218.0,1695.4411764705883,222.0,748.4558823529412
422,cam_1,0,101,570.0,442.72058823529414,124.0,299.7794117647059
423,cam_1,0,94,686.0,869.5588235294118,184.0,553.8970588235294
423,cam_1,0,96,1056.0,621.3970588235294,172.0,452.64705882352945
423,cam_1,0,97,492.0,242.2058823529412,106.0,299.7794117647059
423,cam_1,0,77,388.0,607.5,182.0,446.69117647058823
423,cam_1,0,91,764.0,587.6470588235294,152.0,526.1029411764706
423,cam_1,0,100,234.0,1707.3529411764707,250.0,740.5147058823529
423,cam_1,0,101,604.0,454.63235294117646,178.0,281.9117647058824
424,cam_1,0,94,694.0,881.4705882352941,184.0,565.8088235294118
424,cam_1,0,96,1064.0,625.3676470588235,172.0,446.69117647058823
424,cam_1,0,97,508.0,244.19117647058823,102.0,307.72058823529414
424,cam_1,0,77,404.0,611.4705882352941,190.0,452.64705882352945
424,cam_1,0,91,772.0,599.5588235294118,150.0,543.9705882352941
424,cam_1,0,100,250.0,1723.235294117647,240.0,736.5441176470589
424,cam_1,0,101,626.0,454.63235294117646,206.0,281.9117647058824
425,cam_1,0,94,700.0,895.3676470588235,188.0,573.75
425,cam_1,0,96,1062.0,627.3529411764706,184.0,442.72058823529414
425,cam_1,0,97,516.0,248.16176470588235,114.0,311.69117647058823
425,cam_1,0,77,382.0,617.4264705882354,142.0,456.61764705882354
425,cam_1,0,91,782.0,538.0147058823529,140.0,405.0
425,cam_1,0,100,270.0,1733.1617647058824,254.0,720.6617647058823
426,cam_1,0,94,702.0,909.2647058823529,204.0,581.6911764705883
426,cam_1,0,96,1068.0,631.3235294117648,184.0,454.63235294117646
426,cam_1,0,97,526.0,250.14705882352942,120.0,319.63235294117646
426,cam_1,0,77,402.0,627.3529411764706,192.0,458.6029411764706
426,cam_1,0,91,742.0,524.1176470588235,236.0,371.25
427,cam_1,0,94,702.0,917.2058823529412,218.0,577.7205882352941
427,cam_1,0,96,1076.0,643.2352941176471,176.0,476.47058823529414
427,cam_1,0,97,536.0,252.13235294117646,124.0,319.63235294117646
427,cam_1,0,77,404.0,635.2941176470588,206.0,458.6029411764706
427,cam_1,0,91,770.0,534.0441176470588,182.0,363.30882352941177
428,cam_1,0,94,704.0,925.1470588235294,232.0,573.75
428,cam_1,0,96,1092.0,647.2058823529412,154.0,490.36764705882354
428,cam_1,0,97,548.0,254.11764705882354,124.0,325.5882352941177
428,cam_1,0,77,402.0,643.2352941176471,208.0,458.6029411764706
428,cam_1,0,91,788.0,545.9558823529412,172.0,371.25
429,cam_1,0,94,704.0,927.1323529411765,236.0,575.7352941176471
429,cam_1,0,96,1102.0,653.1617647058823,136.0,500.29411764705884
429,cam_1,0,77,402.0,649.1911764705883,210.0,462.5735294117647
429,cam_1,0,91,792.0,563.8235294117648,152.0,389.11764705882354
429,cam_1,0,103,410.0,1669.6323529411766,224.0,440.7352941176471
430,cam_1,0,94,702.0,927.1323529411765,222.0,577.7205882352941
430,cam_1,0,96,1110.0,663.0882352941177,126.0,506.25
430,cam_1,0,77,400.0,655.1470588235294,210.0,462.5735294117647
430,cam_1,0,91,802.0,649.1911764705883,142.0,549.9264705882354
430,cam_1,0,103,492.0,1709.3382352941178,222.0,468.5294117647059
430,cam_1,0,97,576.0,260.0735294117647,118.0,321.61764705882354
431,cam_1,0,94,714.0,925.1470588235294,234.0,577.7205882352941
431,cam_1,0,96,1118.0,669.0441176470589,122.0,502.2794117647059
431,cam_1,0,77,400.0,657.1323529411765,208.0,460.5882352941177
431,cam_1,0,91,814.0,661.1029411764706,134.0,579.7058823529412
431,cam_1,0,103,536.0,1695.4411764705883,264.0,440.7352941176471
431,cam_1,0,97,592.0,264.04411764705884,108.0,315.6617647058824
432,cam_1,0,94,726.0,925.1470588235294,240.0,573.75
432,cam_1,0,96,1128.0,676.9852941176471,134.0,494.3382352941177
432,cam_1,0,77,402.0,659.1176470588235,200.0,460.5882352941177
432,cam_1,0,91,824.0,667.0588235294118,128.0,589.6323529411765
432,cam_1,0,103,568.0,1677.5735294117646,290.0,406.9852941176471
432,cam_1,0,97,608.0,266.0294117647059,100.0,311.69117647058823
432,cam_1,0,104,622.0,599.5588235294118,184.0,317.6470588235294
433,cam_1,0,94,724.0,929.1176470588235,214.0,571.7647058823529
433,cam_1,0,96,1132.0,682.9411764705883,148.0,482.4264705882353
433,cam_1,0,77,404.0,657.1323529411765,194.0,462.5735294117647
433,cam_1,0,91,834.0,597.5735294117648,128.0,456.61764705882354
433,cam_1,0,103,598.0,1677.5735294117646,298.0,405.0
433,cam_1,0,97,622.0,270.0,94.0,307.72058823529414
433,cam_1,0,104,636.0,597.5735294117648,174.0,299.7794117647059
434,cam_1,0,94,744.0,945.0,226.0,583.6764705882354
434,cam_1,0,96,1136.0,686.9117647058823,158.0,472.5
434,cam_1,0,77,406.0,655.1470588235294,192.0,462.5735294117647
434,cam_1,0,91,846.0,589.6323529411765,126.0,436.7647058823529
434,cam_1,0,103,622.0,1687.5,296.0,412.94117647058823
434,cam_1,0,97,630.0,268.0147058823529,102.0,311.69117647058823
434,cam_1,0,104,664.0,603.5294117647059,166.0,291.8382352941177
435,cam_1,0,94,744.0,956.9117647058824,238.0,593.6029411764706
435,cam_1,0,96,1146.0,690.8823529411765,166.0,464.55882352941177
435,cam_1,0,77,412.0,655.1470588235294,186.0,462.5735294117647
435,cam_1,0,91,860.0,597.5735294117648,130.0,436.7647058823529
435,cam_1,0,103,644.0,1701.3970588235295,286.0,422.86764705882354
435,cam_1,0,97,640.0,270.0,114.0,317.6470588235294
435,cam_1,0,104,708.0,609.4852941176471,126.0,291.8382352941177
436,cam_1,0,94,748.0,972.7941176470589,252.0,579.7058823529412
436,cam_1,0,96,1150.0,700.8088235294118,180.0,456.61764705882354
436,cam_1,0,77,420.0,655.1470588235294,180.0,462.5735294117647
436,cam_1,0,91,876.0,603.5294117647059,126.0,434.7794117647059
436,cam_1,0,103,678.0,1725.2205882352941,278.0,420.88235294117646
436,cam_1,0,97,652.0,270.0,132.0,325.5882352941177
437,cam_1,0,94,760.0,980.7352941176471,276.0,577.7205882352941
437,cam_1,0,96,1158.0,710.7352941176471,236.0,460.5882352941177
437,cam_1,0,77,430.0,659.1176470588235,178.0,464.55882352941177
437,cam_1,0,91,890.0,609.4852941176471,128.0,428.8235294117647
437,cam_1,0,103,720.0,1756.985294117647,270.0,420.88235294117646
437,cam_1,0,97,666.0,271.9852941176471,148.0,327.5735294117647
437,cam_1,0,104,754.0,603.5294117647059,126.0,275.95588235294116
438,cam_1,0,94,776.0,986.6911764705883,310.0,575.7352941176471
438,cam_1,0,96,1154.0,722.6470588235294,236.0,460.5882352941177
438,cam_1,0,77,438.0,665.0735294117648,178.0,468.5294117647059
438,cam_1,0,91,878.0,609.4852941176471,182.0,418.89705882352945
438,cam_1,0,103,764.0,1782.7941176470588,266.0,418.89705882352945
438,cam_1,0,97,676.0,275.95588235294116,158.0,333.5294117647059
439,cam_1,0,94,796.0,994.6323529411765,348.0,577.7205882352941
439,cam_1,0,96,1152.0,734.5588235294118,236.0,452.64705882352945
439,cam_1,0,77,450.0,675.0,182.0,470.5147058823529
439,cam_1,0,91,916.0,601.5441176470588,150.0,397.05882352941177
439,cam_1,0,103,816.0,1804.6323529411766,250.0,418.89705882352945
439,cam_1,0,97,686.0,281.9117647058824,162.0,335.5147058823529
439,cam_1,0,104,790.0,647.2058823529412,152.0,363.30882352941177
440,cam_1,0,94,816.0,1002.5735294117648,378.0,589.6323529411765
440,cam_1,0,96,1162.0,744.4852941176471,258.0,450.6617647058824
440,cam_1,0,77,460.0,682.9411764705883,182.0,468.5294117647059
440,cam_1,0,91,930.0,571.7647058823529,156.0,333.5294117647059
440,cam_1,0,103,872.0,1814.5588235294117,246.0,420.88235294117646
440,cam_1,0,97,696.0,287.86764705882354,154.0,331.54411764705884
440,cam_1,0,104,816.0,655.1470588235294,170.0,369.2647058823529
441,cam_1,0,94,844.0,1010.5147058823529,396.0,595.5882352941177
441,cam_1,0,96,1174.0,784.1911764705883,284.0,416.9117647058824
441,cam_1,0,77,472.0,690.8823529411765,190.0,470.5147058823529
441,cam_1,0,91,946.0,561.8382352941177,154.0,323.6029411764706
441,cam_1,0,103,906.0,1858.235294117647,230.0,506.25
441,cam_1,0,97,710.0,291.8382352941177,146.0,329.55882352941177
441,cam_1,0,104,838.0,671.0294117647059,178.0,381.1764705882353
442,cam_1,0,94,874.0,1012.5,398.0,593.6029411764706
442,cam_1,0,96,1200.0,772.2794117647059,318.0,466.54411764705884
442,cam_1,0,77,484.0,698.8235294117648,196.0,474.4852941176471
442,cam_1,0,91,960.0,559.8529411764706,152.0,323.6029411764706
442,cam_1,0,103,948.0,1860.2205882352941,232.0,516.1764705882354
442,cam_1,0,97,726.0,295.80882352941177,140.0,323.6029411764706
442,cam_1,0,104,856.0,688.8970588235294,166.0,405.0
443,cam_1,0,94,914.0,1018.4558823529412,374.0,581.6911764705883
443,cam_1,0,96,1238.0,776.25,336.0,466.54411764705884
443,cam_1,0,77,492.0,702.7941176470589,202.0,474.4852941176471
443,cam_1,0,91,974.0,559.8529411764706,156.0,319.63235294117646
443,cam_1,0,103,978.0,1862.2058823529412,234.0,518.1617647058823
443,cam_1,0,97,744.0,297.79411764705884,132.0,321.61764705882354
443,cam_1,0,104,874.0,704.7794117647059,164.0,432.79411764705884
444,cam_1,0,94,956.0,1018.4558823529412,334.0,583.6764705882354
444,cam_1,0,96,1276.0,782.2058823529412,302.0,454.63235294117646
444,cam_1,0,77,498.0,706.7647058823529,210.0,472.5
444,cam_1,0,91,988.0,567.7941176470588,158.0,323.6029411764706
444,cam_1,0,103,1000.0,1864.1911764705883,222.0,512.2058823529412
444,cam_1,0,97,768.0,297.79411764705884,112.0,325.5882352941177
444,cam_1,0,104,884.0,708.75,176.0,444.7058823529412
445,cam_1,0,94,978.0,1020.4411764705883,330.0,581.6911764705883
445,cam_1,0,96,1330.0,784.1911764705883,260.0,446.69117647058823
445,cam_1,0,77,502.0,706.7647058823529,216.0,474.4852941176471
445,cam_1,0,91,1004.0,579.7058823529412,160.0,327.5735294117647
445,cam_1,0,103,1032.0,1868.1617647058824,216.0,502.2794117647059
445,cam_1,0,97,778.0,301.7647058823529,116.0,331.54411764705884
445,cam_1,0,104,890.0,708.75,180.0,446.69117647058823
446,cam_1,0,94,1000.0,1020.4411764705883,320.0,579.7058823529412
446,cam_1,0,96,1368.0,792.1323529411765,262.0,436.7647058823529
446,cam_1,0,77,508.0,708.75,214.0,474.4852941176471
446,cam_1,0,91,1012.0,591.6176470588235,172.0,329.55882352941177
446,cam_1,0,103,1072.0,1878.0882352941178,208.0,490.36764705882354
446,cam_1,0,97,786.0,303.75,130.0,343.45588235294116
446,cam_1,0,104,898.0,714.7058823529412,184.0,448.6764705882353
447,cam_1,0,94,1028.0,1018.4558823529412,294.0,567.7941176470588
447,cam_1,0,96,1404.0,800.0735294117648,276.0,414.9264705882353
447,cam_1,0,77,518.0,706.7647058823529,206.0,474.4852941176471
447,cam_1,0,91,1028.0,623.3823529411765,178.0,375.22058823529414
447,cam_1,0,103,1106.0,1890.0,218.0,470.5147058823529
447,cam_1,0,97,796.0,305.7352941176471,134.0,347.4264705882353
447,cam_1,0,104,912.0,724.6323529411765,178.0,456.61764705882354
448,cam_1,0,94,1060.0,1030.3676470588236,264.0,571.7647058823529
448,cam_1,0,96,1436.0,810.0,268.0,408.97058823529414
448,cam_1,0,77,526.0,706.7647058823529,196.0,474.4852941176471
448,cam_1,0,91,1048.0,659.1176470588235,166.0,430.80882352941177
448,cam_1,0,103,1138.0,1899.9264705882354,234.0,450.6617647058824
448,cam_1,0,97,810.0,309.70588235294116,136.0,347.4264705882353
448,cam_1,0,104,932.0,736.5441176470589,176.0,456.61764705882354
448,cam_1,0,108,150.0,1193.1617647058824,108.0,591.6176470588235
449,cam_1,0,94,1102.0,1044.264705882353,228.0,569.7794117647059
449,cam_1,0,96,1474.0,823.8970588235294,254.0,401.0294117647059
449,cam_1,0,77,524.0,708.75,174.0,476.47058823529414
449,cam_1,0,91,1060.0,671.0294117647059,160.0,452.64705882352945
449,cam_1,0,103,1166.0,1907.8676470588236,248.0,436.7647058823529
449,cam_1,0,97,824.0,311.69117647058823,138.0,347.4264705882353
449,cam_1,0,104,956.0,750.4411764705883,168.0,466.54411764705884
449,cam_1,0,108,160.0,1272.5735294117646,132.0,694.8529411764706
450,cam_1,0,94,1146.0,1060.1470588235295,192.0,573.75
450,cam_1,0,96,1538.0,843.75,272.0,405.0
450,cam_1,0,77,526.0,710.7352941176471,166.0,478.4558823529412
450,cam_1,0,91,1068.0,671.0294117647059,144.0,458.6029411764706
450,cam_1,0,103,1182.0,1909.8529411764707,244.0,430.80882352941177
450,cam_1,0,97,838.0,317.6470588235294,134.0,349.4117647058824
450,cam_1,0,104,978.0,762.3529411764706,156.0,472.5
450,cam_1,0,108,176.0,1302.3529411764707,158.0,704.7794117647059
451,cam_1,0,94,1180.0,1081.985294117647,190.0,593.6029411764706
451,cam_1,0,96,1574.0,839.7794117647059,240.0,373.2352941176471
451,cam_1,0,77,522.0,718.6764705882354,152.0,480.44117647058823
451,cam_1,0,91,1084.0,671.0294117647059,130.0,462.5735294117647
451,cam_1,0,103,1216.0,1911.8382352941178,272.0,430.80882352941177
451,cam_1,0,97,852.0,323.6029411764706,124.0,343.45588235294116
451,cam_1,0,104,992.0,768.3088235294118,146.0,472.5
451,cam_1,0,108,202.0,1330.1470588235295,206.0,690.8823529411765
452,cam_1,0,94,1204.0,1087.9411764705883,224.0,597.5735294117648
452,cam_1,0,96,1596.0,873.5294117647059,232.0,422.86764705882354
452,cam_1,0,77,532.0,728.6029411764706,170.0,486.39705882352945
452,cam_1,0,91,1102.0,675.0,126.0,480.44117647058823
452,cam_1,0,103,1278.0,1909.8529411764707,360.0,438.75
452,cam_1,0,97,872.0,325.5882352941177,112.0,337.5
452,cam_1,0,104,998.0,780.2205882352941,158.0,482.4264705882353
452,cam_1,0,108,228.0,1355.9558823529412,256.0,678.9705882352941
453,cam_1,0,94,1238.0,1095.8823529411766,300.0,615.4411764705883
453,cam_1,0,96,1628.0,885.4411764705883,264.0,428.8235294117647
453,cam_1,0,77,536.0,738.5294117647059,176.0,488.38235294117646
453,cam_1,0,91,1124.0,680.9558823529412,138.0,492.3529411764706
453,cam_1,0,103,1310.0,1905.8823529411766,380.0,436.7647058823529
453,cam_1,0,97,890.0,327.5735294117647,102.0,337.5
453,cam_1,0,104,1010.0,786.1764705882354,168.0,476.47058823529414
453,cam_1,0,108,248.0,1385.735294117647,296.0,669.0441176470589
454,cam_1,0,94,1266.0,1099.8529411764707,340.0,627.3529411764706
454,cam_1,0,96,1658.0,901.3235294117648,276.0,442.72058823529414
454,cam_1,0,77,540.0,746.4705882352941,186.0,492.3529411764706
454,cam_1,0,91,1134.0,688.8970588235294,124.0,500.29411764705884
454,cam_1,0,103,1320.0,1905.8823529411766,346.0,436.7647058823529
454,cam_1,0,97,902.0,327.5735294117647,104.0,335.5147058823529
454,cam_1,0,104,1028.0,790.1470588235294,174.0,476.47058823529414
454,cam_1,0,108,260.0,1407.5735294117646,318.0,678.9705882352941
455,cam_1,0,94,1286.0,1101.8382352941176,330.0,631.3235294117648
455,cam_1,0,96,1690.0,905.2941176470589,296.0,438.75
455,cam_1,0,77,544.0,752.4264705882354,196.0,494.3382352941177
455,cam_1,0,91,1150.0,694.8529411764706,122.0,498.30882352941177
455,cam_1,0,103,1366.0,1909.8529411764707,378.0,430.80882352941177
455,cam_1,0,97,910.0,327.5735294117647,114.0,339.4852941176471
455,cam_1,0,104,1048.0,790.1470588235294,178.0,474.4852941176471
455,cam_1,0,108,264.0,1425.4411764705883,326.0,694.8529411764706
455,cam_1,0,112,158.0,528.0882352941177,114.0,395.0735294117647
456,cam_1,0,94,1308.0,1105.8088235294117,296.0,623.3823529411765
456,cam_1,0,96,1732.0,909.2647058823529,270.0,432.79411764705884
456,cam_1,0,77,546.0,756.3970588235294,200.0,490.36764705882354
456,cam_1,0,91,1160.0,700.8088235294118,134.0,492.3529411764706
456,cam_1,0,103,1392.0,1917.7941176470588,368.0,422.86764705882354
456,cam_1,0,97,922.0,331.54411764705884,130.0,347.4264705882353
456,cam_1,0,104,1050.0,786.1764705882354,138.0,482.4264705882353
456,cam_1,0,108,268.0,1437.3529411764707,332.0,694.8529411764706
456,cam_1,0,112,166.0,543.9705882352941,130.0,424.8529411764706
456,cam_1,0,114,1896.0,937.0588235294118,214.0,369.2647058823529
457,cam_1,0,94,1346.0,1111.764705882353,272.0,623.3823529411765
457,cam_1,0,96,1770.0,915.2205882352941,276.0,414.9264705882353
457,cam_1,0,77,548.0,758.3823529411765,200.0,490.36764705882354
457,cam_1,0,91,1172.0,706.7647058823529,134.0,486.39705882352945
457,cam_1,0,103,1416.0,1923.75,376.0,414.9264705882353
457,cam_1,0,97,938.0,331.54411764705884,156.0,357.3529411764706
457,cam_1,0,104,1062.0,788.1617647058823,126.0,482.4264705882353
457,cam_1,0,108,268.0,1435.3676470588236,326.0,686.9117647058823
457,cam_1,0,112,172.0,553.8970588235294,136.0,436.7647058823529
457,cam_1,0,114,1958.0,960.8823529411765,206.0,381.1764705882353
458,cam_1,0,94,1396.0,1117.7205882352941,248.0,615.4411764705883
458,cam_1,0,96,1784.0,923.1617647058824,246.0,401.0294117647059
458,cam_1,0,77,550.0,758.3823529411765,200.0,490.36764705882354
458,cam_1,0,91,1180.0,708.75,156.0,476.47058823529414
458,cam_1,0,103,1446.0,1925.735294117647,376.0,405.0
458,cam_1,0,97,950.0,335.5147058823529,164.0,359.3382352941177
458,cam_1,0,104,1098.0,790.1470588235294,176.0,494.3382352941177
458,cam_1,0,108,288.0,1435.3676470588236,304.0,688.8970588235294
458,cam_1,0,112,176.0,567.7941176470588,144.0,446.69117647058823
458,cam_1,0,114,1992.0,986.6911764705883,206.0,430.80882352941177
459,cam_1,0,94,1454.0,1123.6764705882354,226.0,605.5147058823529
459,cam_1,0,96,1806.0,927.1323529411765,234.0,389.11764705882354
459,cam_1,0,77,552.0,758.3823529411765,194.0,490.36764705882354
459,cam_1,0,91,1206.0,712.7205882352941,156.0,478.4558823529412
459,cam_1,0,103,1484.0,1927.7205882352941,374.0,405.0
459,cam_1,0,97,960.0,339.4852941176471,168.0,361.3235294117647
459,cam_1,0,104,1108.0,798.0882352941177,172.0,498.30882352941177
459,cam_1,0,108,328.0,1439.3382352941178,286.0,682.9411764705883
459,cam_1,0,112,182.0,575.7352941176471,148.0,442.72058823529414
459,cam_1,0,114,2022.0,1014.4852941176471,200.0,482.4264705882353
460,cam_1,0,94,1504.0,1137.5735294117646,214.0,599.5588235294118
460,cam_1,0,96,1840.0,948.9705882352941,262.0,418.89705882352945
460,cam_1,0,77,558.0,756.3970588235294,196.0,492.3529411764706
460,cam_1,0,91,1224.0,722.6470588235294,182.0,494.3382352941177
460,cam_1,0,103,1520.0,1927.7205882352941,326.0,410.95588235294116
460,cam_1,0,97,968.0,347.4264705882353,166.0,359.3382352941177
460,cam_1,0,104,1118.0,811.9852941176471,170.0,508.2352941176471
460,cam_1,0,108,404.0,1445.2941176470588,316.0,671.0294117647059
460,cam_1,0,112,192.0,583.6764705882354,148.0,426.8382352941177
460,cam_1,0,114,2056.0,1026.3970588235295,206.0,494.3382352941177
461,cam_1,0,94,1536.0,1155.4411764705883,254.0,605.5147058823529
461,cam_1,0,96,1856.0,974.7794117647059,268.0,456.61764705882354
461,cam_1,0,77,566.0,758.3823529411765,200.0,492.3529411764706
461,cam_1,0,91,1244.0,728.6029411764706,186.0,502.2794117647059
461,cam_1,0,103,1558.0,1925.735294117647,300.0,414.9264705882353
461,cam_1,0,97,980.0,351.39705882352945,166.0,357.3529411764706
461,cam_1,0,104,1120.0,825.8823529411765,154.0,508.2352941176471
461,cam_1,0,108,418.0,1463.1617647058824,276.0,673.0147058823529
461,cam_1,0,112,210.0,585.6617647058823,160.0,422.86764705882354
461,cam_1,0,114,2014.0,1032.3529411764707,218.0,478.4558823529412
462,cam_1,0,94,1560.0,1181.25,306.0,623.3823529411765
462,cam_1,0,96,1876.0,1006.5441176470589,278.0,498.30882352941177
462,cam_1,0,77,576.0,762.3529411764706,204.0,494.3382352941177
462,cam_1,0,91,1254.0,734.5588235294118,194.0,512.2058823529412
462,cam_1,0,103,1594.0,1923.75,290.0,418.89705882352945
462,cam_1,0,97,996.0,355.36764705882354,158.0,355.36764705882354
462,cam_1,0,104,1134.0,843.75,192.0,514.1911764705883
462,cam_1,0,108,436.0,1477.0588235294117,294.0,657.1323529411765
462,cam_1,0,112,228.0,585.6617647058823,164.0,422.86764705882354
462,cam_1,0,114,2046.0,1032.3529411764707,248.0,486.39705882352945
463,cam_1,0,94,1604.0,1193.1617647058824,398.0,623.3823529411765
463,cam_1,0,96,1902.0,1036.3235294117646,296.0,530.0735294117648
463,cam_1,0,77,588.0,770.2941176470589,212.0,498.30882352941177
463,cam_1,0,91,1272.0,742.5,194.0,516.1764705882354
463,cam_1,0,103,1624.0,1923.75,294.0,420.88235294117646
463,cam_1,0,97,1018.0,357.3529411764706,148.0,349.4117647058824
463,cam_1,0,104,1138.0,861.6176470588235,204.0,510.22058823529414
463,cam_1,0,108,480.0,1483.014705882353,284.0,651.1764705882354
463,cam_1,0,112,244.0,583.6764705882354,168.0,430.80882352941177
463,cam_1,0,114,2100.0,1024.4117647058824,164.0,500.29411764705884
464,cam_1,0,94,1654.0,1218.9705882352941,496.0,643.2352941176471
464,cam_1,0,96,1932.0,1044.264705882353,314.0,528.0882352941177
464,cam_1,0,77,602.0,778.2352941176471,214.0,498.30882352941177
464,cam_1,0,91,1294.0,748.4558823529412,178.0,516.1764705882354
464,cam_1,0,103,1652.0,1925.735294117647,298.0,416.9117647058824
464,cam_1,0,97,1038.0,359.3382352941177,130.0,349.4117647058824
464,cam_1,0,104,1148.0,875.5147058823529,220.0,508.2352941176471
464,cam_1,0,108,516.0,1477.0588235294117,340.0,647.2058823529412
464,cam_1,0,112,258.0,581.6911764705883,166.0,438.75
464,cam_1,0,114,2108.0,1012.5,174.0,504.2647058823529
465,cam_1,0,94,1680.0,1236.8382352941176,528.0,635.2941176470588
465,cam_1,0,96,1916.0,1052.2058823529412,240.0,518.1617647058823
465,cam_1,0,77,614.0,788.1617647058823,220.0,502.2794117647059
465,cam_1,0,91,1312.0,756.3970588235294,172.0,508.2352941176471
465,cam_1,0,103,1684.0,1929.7058823529412,302.0,412.94117647058823
465,cam_1,0,97,1054.0,359.3382352941177,122.0,353.38235294117646
465,cam_1,0,104,1160.0,881.4705882352941,228.0,508.2352941176471
465,cam_1,0,108,540.0,1473.0882352941178,370.0,661.1029411764706
465,cam_1,0,112,268.0,591.6176470588235,172.0,462.5735294117647
465,cam_1,0,114,2126.0,1020.4411764705883,192.0,524.1176470588235
466,cam_1,0,94,1702.0,1250.735294117647,530.0,621.3970588235294
466,cam_1,0,96,1926.0,1056.1764705882354,224.0,516.1764705882354
466,cam_1,0,77,624.0,798.0882352941177,222.0,508.2352941176471
466,cam_1,0,91,1332.0,764.3382352941177,188.0,502.2794117647059
466,cam_1,0,103,1716.0,1931.6911764705883,306.0,406.9852941176471
466,cam_1,0,97,1064.0,365.29411764705884,126.0,365.29411764705884
466,cam_1,0,104,1180.0,885.4411764705883,218.0,504.2647058823529
466,cam_1,0,108,558.0,1459.1911764705883,354.0,673.0147058823529
466,cam_1,0,112,280.0,601.5441176470588,190.0,474.4852941176471
466,cam_1,0,114,2162.0,1032.3529411764707,176.0,547.9411764705883
467,cam_1,0,94,1726.0,1258.6764705882354,514.0,605.5147058823529
467,cam_1,0,96,1974.0,1054.1911764705883,306.0,510.22058823529414
467,cam_1,0,77,634.0,806.0294117647059,220.0,512.2058823529412
467,cam_1,0,91,1348.0,766.3235294117648,166.0,498.30882352941177
467,cam_1,0,103,1752.0,1937.6470588235295,304.0,397.05882352941177
467,cam_1,0,97,1072.0,367.2794117647059,134.0,373.2352941176471
467,cam_1,0,104,1194.0,883.4558823529412,190.0,504.2647058823529
467,cam_1,0,108,588.0,1443.3088235294117,326.0,678.9705882352941
467,cam_1,0,112,290.0,611.4705882352941,204.0,476.47058823529414
467,cam_1,0,114,2152.0,1042.2794117647059,268.0,563.8235294117648
468,cam_1,0,94,1760.0,1262.6470588235295,480.0,599.5588235294118
468,cam_1,0,96,1984.0,1081.985294117647,288.0,551.9117647058823
468,cam_1,0,77,642.0,810.0,220.0,510.22058823529414
468,cam_1,0,91,1360.0,766.3235294117648,156.0,496.3235294117647
468,cam_1,0,103,1788.0,1941.6176470588236,312.0,389.11764705882354
468,cam_1,0,97,1084.0,371.25,138.0,377.20588235294116
468,cam_1,0,104,1218.0,881.4705882352941,170.0,506.25
468,cam_1,0,108,620.0,1421.4705882352941,310.0,671.0294117647059
468,cam_1,0,112,302.0,623.3823529411765,218.0,478.4558823529412
468,cam_1,0,114,2178.0,1052.2058823529412,266.0,575.7352941176471
469,cam_1,0,94,1802.0,1264.6323529411766,420.0,595.5882352941177
469,cam_1,0,96,2006.0,1089.9264705882354,246.0,553.8970588235294
469,cam_1,0,77,650.0,811.9852941176471,208.0,506.25
469,cam_1,0,91,1372.0,764.3382352941177,154.0,500.29411764705884
469,cam_1,0,103,1824.0,1941.6176470588236,316.0,385.14705882352945
469,cam_1,0,97,1096.0,375.22058823529414,142.0,381.1764705882353
469,cam_1,0,104,1248.0,881.4705882352941,156.0,514.1911764705883
469,cam_1,0,108,658.0,1405.5882352941178,282.0,669.0441176470589
469,cam_1,0,112,316.0,637.2794117647059,234.0,468.5294117647059
469,cam_1,0,114,2210.0,1068.0882352941176,324.0,587.6470588235294
470,cam_1,0,94,1824.0,1264.6323529411766,346.0,585.6617647058823
470,cam_1,0,96,2016.0,1145.514705882353,244.0,641.25
470,cam_1,0,77,658.0,813.9705882352941,188.0,506.25
470,cam_1,0,91,1380.0,764.3382352941177,136.0,508.2352941176471
470,cam_1,0,103,1860.0,1943.6029411764707,316.0,383.1617647058824
470,cam_1,0,97,1110.0,381.1764705882353,140.0,375.22058823529414
470,cam_1,0,104,1272.0,881.4705882352941,158.0,516.1764705882354
470,cam_1,0,108,710.0,1373.8235294117646,244.0,621.3970588235294
470,cam_1,0,112,332.0,643.2352941176471,240.0,456.61764705882354
470,cam_1,0,114,2258.0,1093.8970588235295,318.0,595.5882352941177
471,cam_1,0,94,1856.0,1262.6470588235295,292.0,583.6764705882354
471,cam_1,0,96,2034.0,1147.5,212.0,607.5
471,cam_1,0,77,666.0,810.0,166.0,512.2058823529412
471,cam_1,0,91,1388.0,756.3970588235294,120.0,504.2647058823529
471,cam_1,0,103,1892.0,1941.6176470588236,316.0,385.14705882352945
471,cam_1,0,97,1122.0,387.13235294117646,134.0,373.2352941176471
471,cam_1,0,104,1290.0,883.4558823529412,150.0,516.1764705882354
471,cam_1,0,108,754.0,1375.8088235294117,254.0,645.2205882352941
471,cam_1,0,112,348.0,649.1911764705883,232.0,450.6617647058824
471,cam_1,0,114,2294.0,1125.6617647058824,384.0,601.5441176470588
472,cam_1,0,94,1884.0,1260.6617647058824,302.0,585.6617647058823
472,cam_1,0,96,2056.0,1159.4117647058824,188.0,595.5882352941177
472,cam_1,0,77,674.0,806.0294117647059,146.0,518.1617647058823
472,cam_1,0,91,1410.0,754.4117647058823,146.0,500.29411764705884
472,cam_1,0,103,1918.0,1935.6617647058824,314.0,397.05882352941177
472,cam_1,0,97,1140.0,391.1029411764706,132.0,369.2647058823529
472,cam_1,0,104,1316.0,899.3382352941177,154.0,522.1323529411765
472,cam_1,0,108,778.0,1359.9264705882354,296.0,629.3382352941177
472,cam_1,0,112,364.0,649.1911764705883,212.0,446.69117647058823
472,cam_1,0,114,2322.0,1159.4117647058824,390.0,607.5
473,cam_1,0,94,1908.0,1268.6029411764707,330.0,601.5441176470588
473,cam_1,0,96,2074.0,1187.2058823529412,190.0,617.4264705882354
473,cam_1,0,77,688.0,802.0588235294118,128.0,528.0882352941177
473,cam_1,0,91,1416.0,758.3823529411765,154.0,506.25
473,cam_1,0,103,1940.0,1929.7058823529412,316.0,408.97058823529414
473,cam_1,0,97,1156.0,391.1029411764706,128.0,369.2647058823529
473,cam_1,0,104,1348.0,913.2352941176471,180.0,520.1470588235294
473,cam_1,0,108,796.0,1348.014705882353,326.0,637.2794117647059
473,cam_1,0,112,376.0,651.1764705882354,190.0,456.61764705882354
473,cam_1,0,114,2328.0,1203.0882352941176,374.0,621.3970588235294
474,cam_1,0,94,1924.0,1278.5294117647059,344.0,605.5147058823529
474,cam_1,0,96,2100.0,1207.0588235294117,238.0,639.2647058823529
474,cam_1,0,77,694.0,802.0588235294118,118.0,534.0441176470588
474,cam_1,0,91,1430.0,764.3382352941177,164.0,512.2058823529412
474,cam_1,0,103,1954.0,1925.735294117647,326.0,418.89705882352945
474,cam_1,0,97,1170.0,391.1029411764706,126.0,365.29411764705884
474,cam_1,0,104,1366.0,927.1323529411765,220.0,522.1323529411765
474,cam_1,0,108,812.0,1312.2794117647059,346.0,702.7941176470589
474,cam_1,0,112,380.0,661.1029411764706,170.0,478.4558823529412
474,cam_1,0,114,2344.0,1252.7205882352941,328.0,629.3382352941177
475,cam_1,0,94,1928.0,1286.4705882352941,340.0,607.5
475,cam_1,0,96,2090.0,1215.0,194.0,639.2647058823529
475,cam_1,0,77,698.0,808.0147058823529,114.0,543.9705882352941
475,cam_1,0,91,1438.0,770.2941176470589,160.0,508.2352941176471
475,cam_1,0,103,1960.0,1923.75,346.0,422.86764705882354
475,cam_1,0,97,1184.0,391.1029411764706,116.0,365.29411764705884
475,cam_1,0,104,1378.0,939.0441176470589,240.0,510.22058823529414
475,cam_1,0,108,846.0,1272.5735294117646,352.0,780.2205882352941
475,cam_1,0,112,388.0,665.0735294117648,162.0,488.38235294117646
475,cam_1,0,114,2370.0,1300.3676470588236,282.0,643.2352941176471
476,cam_1,0,94,1926.0,1288.4558823529412,344.0,611.4705882352941
476,cam_1,0,96,2098.0,1222.9411764705883,196.0,639.2647058823529
476,cam_1,0,77,704.0,815.9558823529412,114.0,547.9411764705883
476,cam_1,0,91,1452.0,772.2794117647059,150.0,496.3235294117647
476,cam_1,0,103,1966.0,1927.7205882352941,364.0,416.9117647058824
476,cam_1,0,97,1194.0,393.0882352941177,116.0,369.2647058823529
476,cam_1,0,104,1382.0,946.9852941176471,240.0,498.30882352941177
476,cam_1,0,108,898.0,1220.9558823529412,380.0,849.7058823529412
476,cam_1,0,112,400.0,667.0588235294118,166.0,492.3529411764706
476,cam_1,0,114,2422.0,1357.9411764705883,242.0,643.2352941176471
477,cam_1,0,94,1924.0,1278.5294117647059,350.0,623.3823529411765
477,cam_1,0,96,2118.0,1230.8823529411766,188.0,631.3235294117648
477,cam_1,0,77,710.0,829.8529411764706,118.0,557.8676470588235
477,cam_1,0,91,1460.0,774.2647058823529,150.0,490.36764705882354
477,cam_1,0,103,1972.0,1933.6764705882354,382.0,408.97058823529414
477,cam_1,0,97,1204.0,395.0735294117647,128.0,377.20588235294116
477,cam_1,0,104,1394.0,948.9705882352941,244.0,498.30882352941177
477,cam_1,0,108,892.0,1191.1764705882354,312.0,859.6323529411765
477,cam_1,0,112,414.0,673.0147058823529,168.0,494.3382352941177
477,cam_1,0,114,2458.0,1399.6323529411766,248.0,621.3970588235294
478,cam_1,0,94,1920.0,1268.6029411764707,352.0,629.3382352941177
478,cam_1,0,96,2132.0,1242.7941176470588,198.0,631.3235294117648
478,cam_1,0,77,718.0,843.75,118.0,553.8970588235294
478,cam_1,0,91,1464.0,760.3676470588235,144.0,456.61764705882354
478,cam_1,0,103,1980.0,1935.6617647058824,394.0,405.0
478,cam_1,0,97,1216.0,399.04411764705884,152.0,383.1617647058824
478,cam_1,0,104,1426.0,945.0,220.0,504.2647058823529
478,cam_1,0,108,900.0,1189.1911764705883,276.0,885.4411764705883
478,cam_1,0,112,426.0,688.8970588235294,170.0,506.25
478,cam_1,0,114,2482.0,1453.235294117647,224.0,607.5
479,cam_1,0,94,1908.0,1260.6617647058824,336.0,641.25
479,cam_1,0,96,2158.0,1256.6911764705883,222.0,643.2352941176471
479,cam_1,0,77,728.0,851.6911764705883,128.0,540.0
479,cam_1,0,103,1982.0,1933.6764705882354,384.0,405.0
479,cam_1,0,97,1226.0,401.0294117647059,168.0,383.1617647058824
479,cam_1,0,104,1442.0,945.0,224.0,504.2647058823529
479,cam_1,0,108,926.0,1177.2794117647059,266.0,857.6470588235294
479,cam_1,0,112,438.0,698.8235294117648,168.0,494.3382352941177
479,cam_1,0,114,2512.0,1488.9705882352941,244.0,605.5147058823529
480,cam_1,0,94,1882.0,1252.7205882352941,332.0,643.2352941176471
480,cam_1,0,96,2180.0,1282.5,260.0,659.1176470588235
480,cam_1,0,77,738.0,863.6029411764706,152.0,534.0441176470588
480,cam_1,0,103,1984.0,1931.6911764705883,360.0,410.95588235294116
480,cam_1,0,97,1232.0,405.0,172.0,387.13235294117646
480,cam_1,0,104,1460.0,941.0294117647059,242.0,516.1764705882354
480,cam_1,0,108,956.0,1173.3088235294117,262.0,829.8529411764706
480,cam_1,0,112,448.0,704.7794117647059,166.0,482.4264705882353
480,cam_1,0,114,2548.0,1502.8676470588236,252.0,583.6764705882354
480,cam_1,0,115,166.0,1058.1617647058824,132.0,500.29411764705884
481,cam_1,0,94,1862.0,1250.735294117647,338.0,643.2352941176471
481,cam_1,0,96,2196.0,1292.4264705882354,282.0,673.0147058823529
481,cam_1,0,77,750.0,871.5441176470589,176.0,530.0735294117648
481,cam_1,0,103,1984.0,1927.7205882352941,346.0,418.89705882352945
481,cam_1,0,97,1236.0,410.95588235294116,174.0,385.14705882352945
481,cam_1,0,104,1478.0,946.9852941176471,252.0,518.1617647058823
481,cam_1,0,108,996.0,1177.2794117647059,250.0,798.0882352941177
481,cam_1,0,112,466.0,710.7352941176471,160.0,474.4852941176471
481,cam_1,0,114,2590.0,1514.7794117647059,224.0,573.75
481,cam_1,0,115,178.0,1024.4117647058824,164.0,579.7058823529412
482,cam_1,0,94,1844.0,1260.6617647058824,350.0,655.1470588235294
482,cam_1,0,96,2202.0,1302.3529411764707,278.0,657.1323529411765
482,cam_1,0,77,760.0,883.4558823529412,198.0,545.9558823529412
482,cam_1,0,103,1984.0,1925.735294117647,334.0,424.8529411764706
482,cam_1,0,97,1238.0,416.9117647058824,174.0,387.13235294117646
482,cam_1,0,104,1492.0,960.8823529411765,264.0,534.0441176470588
482,cam_1,0,108,1038.0,1183.235294117647,240.0,784.1911764705883
482,cam_1,0,112,484.0,716.6911764705883,162.0,470.5147058823529
482,cam_1,0,114,2626.0,1540.5882352941178,218.0,593.6029411764706
482,cam_1,0,115,190.0,1022.4264705882354,192.0,583.6764705882354
482,cam_1,0,91,1474.0,750.4411764705883,180.0,446.69117647058823
483,cam_1,0,94,1832.0,1268.6029411764707,374.0,647.2058823529412
483,cam_1,0,96,2206.0,1308.3088235294117,278.0,651.1764705882354
483,cam_1,0,77,770.0,889.4117647058824,216.0,551.9117647058823
483,cam_1,0,103,1982.0,1923.75,320.0,424.8529411764706
483,cam_1,0,97,1242.0,418.89705882352945,164.0,385.14705882352945
483,cam_1,0,104,1506.0,980.7352941176471,276.0,543.9705882352941
483,cam_1,0,108,1072.0,1201.1029411764707,238.0,752.4264705882354
483,cam_1,0,112,498.0,722.6470588235294,178.0,482.4264705882353
483,cam_1,0,114,2658.0,1558.4558823529412,224.0,591.6176470588235
483,cam_1,0,115,200.0,1022.4264705882354,210.0,583.6764705882354
483,cam_1,0,91,1478.0,746.4705882352941,182.0,442.72058823529414
484,cam_1,0,94,1820.0,1282.5,406.0,645.2205882352941
484,cam_1,0,96,2214.0,1310.2941176470588,270.0,651.1764705882354
484,cam_1,0,77,774.0,893.3823529411765,220.0,555.8823529411765
484,cam_1,0,103,1980.0,1925.735294117647,308.0,418.89705882352945
484,cam_1,0,97,1250.0,420.88235294117646,156.0,383.1617647058824
484,cam_1,0,104,1524.0,1000.5882352941177,274.0,547.9411764705883
484,cam_1,0,108,1104.0,1228.8970588235295,224.0,724.6323529411765
484,cam_1,0,112,508.0,728.6029411764706,190.0,496.3235294117647
484,cam_1,0,114,2690.0,1598.1617647058824,238.0,621.3970588235294
484,cam_1,0,115,210.0,1022.4264705882354,228.0,583.6764705882354
484,cam_1,0,91,1480.0,760.3676470588235,204.0,474.4852941176471
485,cam_1,0,94,1810.0,1292.4264705882354,424.0,635.2941176470588
485,cam_1,0,96,2228.0,1310.2941176470588,256.0,653.1617647058823
485,cam_1,0,77,776.0,895.3676470588235,220.0,555.8823529411765
485,cam_1,0,103,1976.0,1927.7205882352941,296.0,418.89705882352945
485,cam_1,0,97,1262.0,420.88235294117646,152.0,383.1617647058824
485,cam_1,0,104,1554.0,1018.4558823529412,242.0,543.9705882352941
485,cam_1,0,108,1142.0,1240.8088235294117,222.0,722.6470588235294
485,cam_1,0,112,530.0,732.5735294117648,228.0,492.3529411764706
485,cam_1,0,114,2716.0,1639.8529411764707,256.0,643.2352941176471
485,cam_1,0,115,218.0,1024.4117647058824,244.0,589.6323529411765
485,cam_1,0,91,1482.0,762.3529411764706,210.0,480.44117647058823
486,cam_1,0,94,1806.0,1292.4264705882354,432.0,629.3382352941177
486,cam_1,0,96,2236.0,1306.3235294117646,244.0,667.0588235294118
486,cam_1,0,77,776.0,895.3676470588235,214.0,555.8823529411765
486,cam_1,0,103,1968.0,1927.7205882352941,286.0,414.9264705882353
486,cam_1,0,97,1278.0,418.89705882352945,138.0,385.14705882352945
486,cam_1,0,104,1564.0,1032.3529411764707,242.0,541.9852941176471
486,cam_1,0,108,1184.0,1252.7205882352941,214.0,698.8235294117648
486,cam_1,0,112,540.0,744.4852941176471,232.0,508.2352941176471
486,cam_1,0,114,2738.0,1661.6911764705883,270.0,621.3970588235294
486,cam_1,0,115,226.0,1028.3823529411766,248.0,599.5588235294118
486,cam_1,0,91,1484.0,760.3676470588235,216.0,476.47058823529414
487,cam_1,0,94,1796.0,1288.4558823529412,414.0,623.3823529411765
487,cam_1,0,96,2240.0,1302.3529411764707,242.0,680.9558823529412
487,cam_1,0,77,776.0,895.3676470588235,210.0,553.8970588235294
487,cam_1,0,103,1956.0,1927.7205882352941,282.0,416.9117647058824
487,cam_1,0,97,1294.0,418.89705882352945,126.0,385.14705882352945
487,cam_1,0,104,1574.0,1042.2794117647059,232.0,540.0
487,cam_1,0,108,1216.0,1296.3970588235295,220.0,720.6617647058823
487,cam_1,0,112,570.0,754.4117647058823,254.0,504.2647058823529
487,cam_1,0,114,2752.0,1677.5735294117646,256.0,597.5735294117648
487,cam_1,0,115,234.0,1032.3529411764707,252.0,609.4852941176471
487,cam_1,0,91,1486.0,756.3970588235294,224.0,470.5147058823529
488,cam_1,0,94,1766.0,1292.4264705882354,372.0,623.3823529411765
488,cam_1,0,96,2240.0,1298.3823529411766,246.0,692.8676470588235
488,cam_1,0,77,776.0,897.3529411764706,200.0,549.9264705882354
488,cam_1,0,103,1942.0,1927.7205882352941,278.0,418.89705882352945
488,cam_1,0,97,1310.0,420.88235294117646,114.0,389.11764705882354
488,cam_1,0,104,1582.0,1052.2058823529412,228.0,540.0
488,cam_1,0,108,1236.0,1314.264705882353,240.0,684.9264705882354
488,cam_1,0,112,592.0,764.3382352941177,256.0,494.3382352941177
488,cam_1,0,114,2768.0,1689.485294117647,228.0,581.6911764705883
488,cam_1,0,115,242.0,1044.264705882353,246.0,619.4117647058823
488,cam_1,0,91,1484.0,756.3970588235294,222.0,474.4852941176471
489,cam_1,0,94,1720.0,1298.3823529411766,296.0,619.4117647058823
489,cam_1,0,96,2238.0,1296.3970588235295,244.0,692.8676470588235
489,cam_1,0,77,784.0,899.3382352941177,188.0,545.9558823529412
489,cam_1,0,103,1930.0,1925.735294117647,284.0,422.86764705882354
489,cam_1,0,97,1322.0,424.8529411764706,120.0,397.05882352941177
489,cam_1,0,104,1590.0,1054.1911764705883,226.0,538.0147058823529
489,cam_1,0,108,1250.0,1332.1323529411766,266.0,651.1764705882354
489,cam_1,0,112,620.0,772.2794117647059,236.0,480.44117647058823
489,cam_1,0,114,2778.0,1699.4117647058824,208.0,563.8235294117648
489,cam_1,0,115,248.0,1054.1911764705883,248.0,627.3529411764706
489,cam_1,0,91,1478.0,762.3529411764706,224.0,486.39705882352945
490,cam_1,0,94,1694.0,1300.3676470588236,290.0,613.4558823529412
490,cam_1,0,96,2234.0,1294.4117647058824,244.0,692.8676470588235
490,cam_1,0,77,792.0,903.3088235294118,186.0,538.0147058823529
490,cam_1,0,103,1920.0,1923.75,294.0,424.8529411764706
490,cam_1,0,97,1330.0,428.8235294117647,128.0,401.0294117647059
490,cam_1,0,104,1604.0,1058.1617647058824,212.0,538.0147058823529
490,cam_1,0,108,1256.0,1342.0588235294117,270.0,631.3235294117648
490,cam_1,0,112,652.0,778.2352941176471,208.0,468.5294117647059
490,cam_1,0,114,2784.0,1705.3676470588236,210.0,549.9264705882354
490,cam_1,0,115,248.0,1062.1323529411766,250.0,633.3088235294118
490,cam_1,0,91,1474.0,766.3235294117648,224.0,500.29411764705884
491,cam_1,0,94,1688.0,1304.3382352941178,262.0,609.4852941176471
491,cam_1,0,96,2230.0,1292.4264705882354,244.0,692.8676470588235
491,cam_1,0,77,798.0,915.2205882352941,188.0,530.0735294117648
491,cam_1,0,103,1910.0,1921.764705882353,306.0,428.8235294117647
491,cam_1,0,97,1338.0,434.7794117647059,138.0,405.0
491,cam_1,0,104,1614.0,1058.1617647058824,200.0,536.0294117647059
491,cam_1,0,108,1264.0,1342.0588235294117,270.0,629.3382352941177
491,cam_1,0,112,664.0,786.1764705882354,204.0,474.4852941176471
491,cam_1,0,114,2798.0,1713.3088235294117,214.0,549.9264705882354
491,cam_1,0,115,244.0,1070.0735294117646,258.0,631.3235294117648
491,cam_1,0,91,1468.0,768.3088235294118,226.0,506.25
492,cam_1,0,94,1658.0,1304.3382352941178,272.0,607.5
492,cam_1,0,96,2222.0,1292.4264705882354,244.0,692.8676470588235
492,cam_1,0,77,808.0,933.0882352941177,196.0,536.0294117647059
492,cam_1,0,103,1904.0,1919.7794117647059,318.0,430.80882352941177
492,cam_1,0,97,1344.0,434.7794117647059,150.0,397.05882352941177
492,cam_1,0,104,1624.0,1056.1764705882354,194.0,540.0
492,cam_1,0,108,1302.0,1318.235294117647,244.0,653.1617647058823
492,cam_1,0,112,678.0,786.1764705882354,222.0,468.5294117647059
492,cam_1,0,115,248.0,1078.014705882353,254.0,627.3529411764706
492,cam_1,0,91,1464.0,768.3088235294118,222.0,506.25
493,cam_1,0,94,1644.0,1300.3676470588236,248.0,615.4411764705883
493,cam_1,0,96,2214.0,1294.4117647058824,244.0,698.8235294117648
493,cam_1,0,77,816.0,950.9558823529412,198.0,543.9705882352941
493,cam_1,0,103,1900.0,1919.7794117647059,328.0,432.79411764705884
493,cam_1,0,97,1350.0,440.7352941176471,162.0,399.04411764705884
493,cam_1,0,104,1634.0,1054.1911764705883,190.0,538.0147058823529
493,cam_1,0,108,1330.0,1312.2794117647059,242.0,651.1764705882354
493,cam_1,0,112,698.0,784.1911764705883,232.0,458.6029411764706
493,cam_1,0,115,256.0,1085.9558823529412,240.0,627.3529411764706
493,cam_1,0,91,1458.0,768.3088235294118,218.0,508.2352941176471
494,cam_1,0,94,1640.0,1290.4411764705883,238.0,633.3088235294118
494,cam_1,0,96,2206.0,1296.3970588235295,244.0,702.7941176470589
494,cam_1,0,77,822.0,962.8676470588235,208.0,543.9705882352941
494,cam_1,0,103,1896.0,1917.7941176470588,336.0,432.79411764705884
494,cam_1,0,97,1356.0,446.69117647058823,172.0,401.0294117647059
494,cam_1,0,104,1648.0,1028.3823529411766,208.0,496.3235294117647
494,cam_1,0,108,1344.0,1328.1617647058824,244.0,601.5441176470588
494,cam_1,0,112,724.0,784.1911764705883,230.0,452.64705882352945
494,cam_1,0,115,264.0,1087.9411764705883,228.0,623.3823529411765
494,cam_1,0,91,1456.0,768.3088235294118,210.0,508.2352941176471
495,cam_1,0,94,1632.0,1213.014705882353,246.0,798.0882352941177
495,cam_1,0,96,2198.0,1300.3676470588236,246.0,708.75
495,cam_1,0,77,796.0,978.75,306.0,555.8823529411765
495,cam_1,0,103,1892.0,1915.8088235294117,346.0,436.7647058823529
495,cam_1,0,97,1360.0,448.6764705882353,178.0,401.0294117647059
495,cam_1,0,108,1352.0,1328.1617647058824,242.0,567.7941176470588
495,cam_1,0,115,276.0,1089.9264705882354,212.0,619.4117647058823
495,cam_1,0,91,1452.0,770.2941176470589,206.0,506.25
496,cam_1,0,94,1674.0,1201.1029411764707,344.0,788.1617647058823
496,cam_1,0,96,2194.0,1300.3676470588236,244.0,708.75
496,cam_1,0,77,822.0,984.7058823529412,278.0,555.8823529411765
496,cam_1,0,103,1890.0,1913.8235294117649,352.0,438.75
496,cam_1,0,97,1370.0,448.6764705882353,174.0,393.0882352941177
496,cam_1,0,108,1354.0,1310.2941176470588,228.0,526.1029411764706
496,cam_1,0,115,290.0,1089.9264705882354,190.0,621.3970588235294
496,cam_1,0,91,1448.0,770.2941176470589,196.0,504.2647058823529
497,cam_1,0,94,1696.0,1165.3676470588236,414.0,780.2205882352941
497,cam_1,0,96,2188.0,1302.3529411764707,242.0,708.75
497,cam_1,0,77,850.0,986.6911764705883,238.0,553.8970588235294
497,cam_1,0,103,1890.0,1911.8382352941178,356.0,442.72058823529414
497,cam_1,0,97,1380.0,444.7058823529412,168.0,381.1764705882353
497,cam_1,0,108,1380.0,1328.1617647058824,256.0,551.9117647058823
497,cam_1,0,115,302.0,1087.9411764705883,180.0,625.3676470588235
497,cam_1,0,91,1442.0,770.2941176470589,188.0,506.25
498,cam_1,0,94,1706.0,1119.7058823529412,454.0,784.1911764705883
498,cam_1,0,96,2182.0,1302.3529411764707,246.0,704.7794117647059
498,cam_1,0,77,862.0,984.7058823529412,232.0,557.8676470588235
498,cam_1,0,103,1890.0,1911.8382352941178,358.0,442.72058823529414
498,cam_1,0,97,1392.0,440.7352941176471,158.0,373.2352941176471
498,cam_1,0,108,1392.0,1330.1470588235295,250.0,555.8823529411765
498,cam_1,0,115,314.0,1083.9705882352941,174.0,625.3676470588235
498,cam_1,0,91,1436.0,766.3235294117648,182.0,506.25
499,cam_1,0,94,1726.0,1153.4558823529412,454.0,704.7794117647059
499,cam_1,0,96,2172.0,1302.3529411764707,258.0,700.8088235294118
499,cam_1,0,77,882.0,988.6764705882354,228.0,549.9264705882354
499,cam_1,0,103,1894.0,1911.8382352941178,356.0,444.7058823529412
499,cam_1,0,97,1400.0,436.7647058823529,148.0,363.30882352941177
499,cam_1,0,108,1396.0,1328.1617647058824,246.0,557.8676470588235
499,cam_1,0,115,326.0,1081.985294117647,174.0,625.3676470588235
499,cam_1,0,91,1452.0,764.3382352941177,224.0,500.29411764705884
500,cam_1,0,94,1698.0,1101.8382352941176,454.0,794.1176470588235
500,cam_1,0,96,2158.0,1304.3382352941178,276.0,700.8088235294118
500,cam_1,0,77,902.0,980.7352941176471,222.0,565.8088235294118
500,cam_1,0,103,1900.0,1909.8529411764707,352.0,448.6764705882353
500,cam_1,0,97,1408.0,430.80882352941177,138.0,355.36764705882354
500,cam_1,0,108,1398.0,1324.1911764705883,246.0,565.8088235294118
500,cam_1,0,115,340.0,1083.9705882352941,186.0,629.3382352941177
500,cam_1,0,91,1434.0,756.3970588235294,194.0,492.3529411764706
501,cam_1,0,94,1680.0,1099.8529411764707,426.0,796.1029411764706
501,cam_1,0,96,2142.0,1302.3529411764707,294.0,700.8088235294118
501,cam_1,0,77,900.0,980.7352941176471,186.0,565.8088235294118
501,cam_1,0,103,1906.0,1905.8823529411766,348.0,456.61764705882354
501,cam_1,0,97,1414.0,424.8529411764706,136.0,341.47058823529414
501,cam_1,0,108,1400.0,1318.235294117647,246.0,575.7352941176471
501,cam_1,0,115,354.0,1083.9705882352941,192.0,629.3382352941177
501,cam_1,0,91,1426.0,752.4264705882354,180.0,492.3529411764706
502,cam_1,0,94,1598.0,1117.7205882352941,258.0,790.1470588235294
502,cam_1,0,96,2130.0,1310.2941176470588,302.0,690.8823529411765
502,cam_1,0,77,908.0,990.6617647058824,192.0,571.7647058823529
502,cam_1,0,103,1912.0,1901.9117647058824,344.0,466.54411764705884
502,cam_1,0,97,1418.0,418.89705882352945,134.0,333.5294117647059
502,cam_1,0,108,1402.0,1304.3382352941178,244.0,587.6470588235294
502,cam_1,0,115,358.0,1083.9705882352941,188.0,631.3235294117648
502,cam_1,0,91,1418.0,750.4411764705883,172.0,494.3382352941177
502,cam_1,0,104,1732.0,1123.6764705882354,206.0,573.75
503,cam_1,0,94,1590.0,1135.5882352941176,248.0,744.4852941176471
503,cam_1,0,96,2116.0,1312.2794117647059,304.0,682.9411764705883
503,cam_1,0,77,918.0,1006.5441176470589,208.0,593.6029411764706
503,cam_1,0,103,1920.0,1895.9558823529412,334.0,474.4852941176471
503,cam_1,0,108,1424.0,1294.4117647058824,282.0,605.5147058823529
503,cam_1,0,115,362.0,1083.9705882352941,182.0,633.3088235294118
503,cam_1,0,91,1412.0,748.4558823529412,180.0,498.30882352941177
503,cam_1,0,104,1736.0,1123.6764705882354,208.0,569.7794117647059
504,cam_1,0,94,1584.0,1173.3088235294117,272.0,714.7058823529412
504,cam_1,0,96,2106.0,1316.25,300.0,688.8970588235294
504,cam_1,0,77,926.0,1026.3970588235295,222.0,611.4705882352941
504,cam_1,0,103,1928.0,1891.985294117647,326.0,484.4117647058824
504,cam_1,0,108,1424.0,1280.514705882353,270.0,629.3382352941177
504,cam_1,0,115,366.0,1083.9705882352941,178.0,633.3088235294118
504,cam_1,0,91,1402.0,742.5,174.0,496.3235294117647
504,cam_1,0,104,1734.0,1123.6764705882354,216.0,571.7647058823529
504,cam_1,0,97,1426.0,416.9117647058824,124.0,325.5882352941177
505,cam_1,0,94,1582.0,1177.2794117647059,256.0,653.1617647058823
505,cam_1,0,96,2094.0,1320.2205882352941,316.0,690.8823529411765
505,cam_1,0,77,938.0,1040.2941176470588,244.0,615.4411764705883
505,cam_1,0,103,1934.0,1888.014705882353,318.0,490.36764705882354
505,cam_1,0,108,1422.0,1262.6470588235295,222.0,651.1764705882354
505,cam_1,0,115,370.0,1083.9705882352941,176.0,635.2941176470588
505,cam_1,0,91,1408.0,792.1323529411765,194.0,599.5588235294118
505,cam_1,0,104,1718.0,1121.6911764705883,258.0,569.7794117647059
505,cam_1,0,97,1428.0,428.8235294117647,122.0,341.47058823529414
506,cam_1,0,94,1560.0,1215.0,258.0,696.8382352941177
506,cam_1,0,96,2088.0,1318.235294117647,322.0,682.9411764705883
506,cam_1,0,77,938.0,1048.235294117647,244.0,609.4852941176471
506,cam_1,0,103,1938.0,1886.0294117647059,316.0,494.3382352941177
506,cam_1,0,108,1414.0,1226.9117647058824,184.0,655.1470588235294
506,cam_1,0,115,372.0,1081.985294117647,176.0,637.2794117647059
506,cam_1,0,104,1718.0,1123.6764705882354,266.0,573.75
506,cam_1,0,97,1446.0,458.6029411764706,148.0,393.0882352941177
506,cam_1,0,117,1092.0,933.0882352941177,202.0,557.8676470588235
507,cam_1,0,94,1552.0,1222.9411764705883,278.0,680.9558823529412
507,cam_1,0,96,2086.0,1318.235294117647,324.0,680.9558823529412
507,cam_1,0,77,952.0,1054.1911764705883,268.0,597.5735294117648
507,cam_1,0,103,1938.0,1886.0294117647059,314.0,496.3235294117647
507,cam_1,0,108,1408.0,1165.3676470588236,186.0,722.6470588235294
507,cam_1,0,115,374.0,1081.985294117647,176.0,639.2647058823529
507,cam_1,0,104,1742.0,1133.6029411764707,228.0,579.7058823529412
507,cam_1,0,97,1458.0,466.54411764705884,160.0,401.0294117647059
507,cam_1,0,117,1134.0,948.9705882352941,224.0,538.0147058823529
508,cam_1,0,94,1542.0,1248.75,266.0,692.8676470588235
508,cam_1,0,96,2082.0,1320.2205882352941,320.0,678.9705882352941
508,cam_1,0,77,962.0,1058.1617647058824,274.0,597.5735294117648
508,cam_1,0,103,1936.0,1884.0441176470588,310.0,498.30882352941177
508,cam_1,0,108,1404.0,1127.6470588235295,204.0,744.4852941176471
508,cam_1,0,115,376.0,1081.985294117647,178.0,639.2647058823529
508,cam_1,0,104,1740.0,1147.5,236.0,591.6176470588235
508,cam_1,0,97,1464.0,470.5147058823529,156.0,405.0
508,cam_1,0,117,1160.0,950.9558823529412,228.0,536.0294117647059
509,cam_1,0,94,1554.0,1280.514705882353,296.0,694.8529411764706
509,cam_1,0,96,2082.0,1318.235294117647,318.0,676.9852941176471
509,cam_1,0,77,972.0,1060.1470588235295,276.0,595.5882352941177
509,cam_1,0,103,1930.0,1884.0441176470588,310.0,498.30882352941177
509,cam_1,0,108,1396.0,1131.6176470588236,220.0,704.7794117647059
509,cam_1,0,115,378.0,1080.0,178.0,639.2647058823529
509,cam_1,0,104,1742.0,1159.4117647058824,242.0,595.5882352941177
509,cam_1,0,97,1470.0,474.4852941176471,146.0,405.0
509,cam_1,0,117,1172.0,958.8970588235294,224.0,545.9558823529412
510,cam_1,0,94,1546.0,1300.3676470588236,308.0,659.1176470588235
510,cam_1,0,96,2078.0,1314.264705882353,320.0,678.9705882352941
510,cam_1,0,77,988.0,1058.1617647058824,264.0,595.5882352941177
510,cam_1,0,103,1922.0,1882.0588235294117,306.0,500.29411764705884
510,cam_1,0,108,1388.0,1133.6029411764707,222.0,702.7941176470589
510,cam_1,0,115,378.0,1080.0,178.0,641.25
510,cam_1,0,104,1742.0,1177.2794117647059,244.0,601.5441176470588
510,cam_1,0,97,1474.0,476.47058823529414,136.0,406.9852941176471
510,cam_1,0,117,1184.0,986.6911764705883,218.0,593.6029411764706
511,cam_1,0,94,1512.0,1314.264705882353,252.0,635.2941176470588
511,cam_1,0,96,2070.0,1312.2794117647059,298.0,676.9852941176471
511,cam_1,0,77,1004.0,1058.1617647058824,242.0,595.5882352941177
511,cam_1,0,103,1914.0,1884.0441176470588,304.0,502.2794117647059
511,cam_1,0,108,1392.0,1101.8382352941176,192.0,748.4558823529412
511,cam_1,0,115,380.0,1080.0,178.0,641.25
511,cam_1,0,104,1744.0,1187.2058823529412,248.0,597.5735294117648
511,cam_1,0,97,1478.0,478.4558823529412,128.0,408.97058823529414
511,cam_1,0,117,1196.0,996.6176470588235,196.0,607.5
512,cam_1,0,94,1540.0,1320.2205882352941,304.0,625.3676470588235
512,cam_1,0,96,2064.0,1312.2794117647059,278.0,678.9705882352941
512,cam_1,0,77,1022.0,1056.1764705882354,222.0,593.6029411764706
512,cam_1,0,103,1906.0,1882.0588235294117,304.0,504.2647058823529
512,cam_1,0,108,1376.0,1097.8676470588236,208.0,772.2794117647059
512,cam_1,0,115,382.0,1080.0,176.0,639.2647058823529
512,cam_1,0,104,1744.0,1189.1911764705883,248.0,587.6470588235294
512,cam_1,0,97,1484.0,478.4558823529412,120.0,410.95588235294116
512,cam_1,0,117,1218.0,1018.4558823529412,198.0,629.3382352941177
513,cam_1,0,94,1540.0,1318.235294117647,286.0,617.4264705882354
513,cam_1,0,96,2060.0,1312.2794117647059,270.0,678.9705882352941
513,cam_1,0,77,1032.0,1058.1617647058824,226.0,593.6029411764706
513,cam_1,0,103,1900.0,1882.0588235294117,304.0,506.25
513,cam_1,0,115,382.0,1080.0,176.0,639.2647058823529
513,cam_1,0,104,1744.0,1195.1470588235295,248.0,591.6176470588235
513,cam_1,0,97,1488.0,482.4264705882353,122.0,414.9264705882353
513,cam_1,0,117,1250.0,1034.3382352941176,218.0,629.3382352941177
513,cam_1,0,91,1394.0,863.6029411764706,204.0,766.3235294117648
514,cam_1,0,94,1540.0,1314.264705882353,238.0,611.4705882352941
514,cam_1,0,96,2060.0,1310.2941176470588,266.0,678.9705882352941
514,cam_1,0,77,1042.0,1064.1176470588236,242.0,591.6176470588235
514,cam_1,0,103,1892.0,1882.0588235294117,308.0,506.25
514,cam_1,0,115,382.0,1080.0,176.0,639.2647058823529
514,cam_1,0,104,1750.0,1193.1617647058824,242.0,591.6176470588235
514,cam_1,0,97,1496.0,480.44117647058823,120.0,412.94117647058823
514,cam_1,0,117,1262.0,1046.25,190.0,607.5
514,cam_1,0,91,1412.0,881.4705882352941,248.0,806.0294117647059
514,cam_1,0,108,1372.0,1129.6323529411766,192.0,815.9558823529412
515,cam_1,0,94,1534.0,1336.1029411764707,214.0,651.1764705882354
515,cam_1,0,96,2060.0,1310.2941176470588,264.0,680.9558823529412
515,cam_1,0,77,1054.0,1074.0441176470588,262.0,601.5441176470588
515,cam_1,0,103,1884.0,1882.0588235294117,314.0,506.25
515,cam_1,0,115,382.0,1078.014705882353,180.0,637.2794117647059
515,cam_1,0,104,1760.0,1193.1617647058824,232.0,589.6323529411765
515,cam_1,0,97,1506.0,486.39705882352945,130.0,422.86764705882354
515,cam_1,0,117,1310.0,1058.1617647058824,232.0,597.5735294117648
515,cam_1,0,91,1390.0,863.6029411764706,202.0,774.2647058823529
515,cam_1,0,108,1358.0,1161.3970588235295,226.0,821.9117647058823
516,cam_1,0,94,1548.0,1348.014705882353,186.0,671.0294117647059
516,cam_1,0,96,2060.0,1310.2941176470588,264.0,680.9558823529412
516,cam_1,0,77,1068.0,1085.9558823529412,292.0,603.5294117647059
516,cam_1,0,103,1876.0,1880.0735294117649,322.0,506.25
516,cam_1,0,115,382.0,1078.014705882353,184.0,639.2647058823529
516,cam_1,0,104,1770.0,1193.1617647058824,226.0,589.6323529411765
516,cam_1,0,97,1512.0,486.39705882352945,132.0,420.88235294117646
516,cam_1,0,117,1336.0,1080.0,234.0,577.7205882352941
516,cam_1,0,108,1346.0,1205.0735294117646,232.0,772.2794117647059
517,cam_1,0,94,1550.0,1359.9264705882354,170.0,673.0147058823529
517,cam_1,0,96,2062.0,1310.2941176470588,264.0,680.9558823529412
517,cam_1,0,77,1084.0,1095.8823529411766,320.0,603.5294117647059
517,cam_1,0,103,1868.0,1880.0735294117649,330.0,506.25
517,cam_1,0,115,382.0,1078.014705882353,186.0,639.2647058823529
517,cam_1,0,104,1784.0,1189.1911764705883,226.0,589.6323529411765
517,cam_1,0,97,1516.0,484.4117647058824,138.0,416.9117647058824
517,cam_1,0,117,1384.0,1091.9117647058824,194.0,623.3823529411765
517,cam_1,0,108,1358.0,1220.9558823529412,274.0,746.4705882352941
518,cam_1,0,94,1550.0,1363.8970588235295,164.0,665.0735294117648
518,cam_1,0,96,2062.0,1310.2941176470588,264.0,680.9558823529412
518,cam_1,0,77,1098.0,1105.8088235294117,344.0,599.5588235294118
518,cam_1,0,103,1864.0,1880.0735294117649,336.0,504.2647058823529
518,cam_1,0,115,380.0,1076.0294117647059,192.0,637.2794117647059
518,cam_1,0,104,1796.0,1191.1764705882354,226.0,589.6323529411765
518,cam_1,0,97,1524.0,482.4264705882353,146.0,410.95588235294116
518,cam_1,0,117,1410.0,1054.1911764705883,168.0,545.9558823529412
518,cam_1,0,108,1324.0,1266.6176470588236,212.0,661.1029411764706
519,cam_1,0,94,1552.0,1365.8823529411766,166.0,663.0882352941177
519,cam_1,0,96,2062.0,1310.2941176470588,266.0,678.9705882352941
519,cam_1,0,77,1098.0,1107.7941176470588,334.0,585.6617647058823
519,cam_1,0,103,1860.0,1880.0735294117649,338.0,504.2647058823529
519,cam_1,0,115,380.0,1074.0441176470588,198.0,633.3088235294118
519,cam_1,0,104,1800.0,1193.1617647058824,224.0,589.6323529411765
519,cam_1,0,97,1536.0,484.4117647058824,148.0,410.95588235294116
519,cam_1,0,117,1432.0,1032.3529411764707,184.0,494.3382352941177
519,cam_1,0,108,1356.0,1278.5294117647059,282.0,645.2205882352941
519,cam_1,0,119,1384.0,678.9705882352941,176.0,406.9852941176471
520,cam_1,0,94,1550.0,1365.8823529411766,172.0,661.1029411764706
520,cam_1,0,96,2064.0,1310.2941176470588,268.0,678.9705882352941
520,cam_1,0,77,1106.0,1113.75,316.0,583.6764705882354
520,cam_1,0,103,1860.0,1880.0735294117649,338.0,504.2647058823529
520,cam_1,0,115,380.0,1072.0588235294117,202.0,631.3235294117648
520,cam_1,0,104,1804.0,1193.1617647058824,230.0,587.6470588235294
520,cam_1,0,97,1546.0,486.39705882352945,148.0,412.94117647058823
520,cam_1,0,117,1442.0,1040.2941176470588,174.0,486.39705882352945
520,cam_1,0,108,1354.0,1278.5294117647059,282.0,641.25
520,cam_1,0,119,1380.0,716.6911764705883,168.0,484.4117647058824
521,cam_1,0,94,1550.0,1365.8823529411766,172.0,665.0735294117648
521,cam_1,0,96,2064.0,1310.2941176470588,270.0,678.9705882352941
521,cam_1,0,77,1114.0,1113.75,304.0,579.7058823529412
521,cam_1,0,103,1860.0,1880.0735294117649,336.0,504.2647058823529
521,cam_1,0,115,380.0,1070.0735294117646,206.0,629.3382352941177
521,cam_1,0,104,1808.0,1197.1323529411766,240.0,583.6764705882354
521,cam_1,0,97,1552.0,494.3382352941177,154.0,426.8382352941177
521,cam_1,0,117,1468.0,1046.25,168.0,462.5735294117647
521,cam_1,0,108,1342.0,1274.5588235294117,266.0,651.1764705882354
521,cam_1,0,119,1380.0,720.6617647058823,170.0,494.3382352941177
522,cam_1,0,94,1548.0,1367.8676470588236,178.0,663.0882352941177
522,cam_1,0,96,2066.0,1310.2941176470588,272.0,678.9705882352941
522,cam_1,0,77,1136.0,1097.8676470588236,286.0,547.9411764705883
522,cam_1,0,103,1862.0,1882.0588235294117,334.0,504.2647058823529
522,cam_1,0,115,382.0,1066.1029411764707,210.0,625.3676470588235
522,cam_1,0,104,1814.0,1197.1323529411766,246.0,583.6764705882354
522,cam_1,0,97,1562.0,494.3382352941177,160.0,422.86764705882354
522,cam_1,0,117,1492.0,1056.1764705882354,164.0,476.47058823529414
522,cam_1,0,108,1302.0,1268.6029411764707,220.0,663.0882352941177
522,cam_1,0,119,1376.0,714.7058823529412,166.0,488.38235294117646
523,cam_1,0,94,1518.0,1363.8970588235295,248.0,671.0294117647059
523,cam_1,0,96,2066.0,1312.2794117647059,274.0,680.9558823529412
523,cam_1,0,103,1864.0,1882.0588235294117,330.0,502.2794117647059
523,cam_1,0,115,380.0,1064.1176470588236,212.0,627.3529411764706
523,cam_1,0,104,1818.0,1197.1323529411766,256.0,583.6764705882354
523,cam_1,0,97,1566.0,494.3382352941177,164.0,418.89705882352945
523,cam_1,0,117,1518.0,1008.5294117647059,166.0,379.19117647058823
523,cam_1,0,108,1296.0,1258.6764705882354,236.0,669.0441176470589
523,cam_1,0,119,1366.0,706.7647058823529,156.0,476.47058823529414
524,cam_1,0,94,1532.0,1361.9117647058824,234.0,673.0147058823529
524,cam_1,0,96,2068.0,1312.2794117647059,276.0,678.9705882352941
524,cam_1,0,103,1866.0,1882.0588235294117,328.0,502.2794117647059
524,cam_1,0,115,378.0,1064.1176470588236,210.0,625.3676470588235
524,cam_1,0,104,1826.0,1197.1323529411766,270.0,583.6764705882354
524,cam_1,0,97,1570.0,498.30882352941177,172.0,418.89705882352945
524,cam_1,0,117,1558.0,982.7205882352941,206.0,351.39705882352945
524,cam_1,0,108,1282.0,1262.6470588235295,280.0,684.9264705882354
524,cam_1,0,119,1360.0,702.7941176470589,150.0,472.5
