frame,cam_id,class_id,object_id,u,v,w,h
1,cam_1,0,692,1068.0,1084.0,306.0,622.0
1,cam_1,0,693,1800.0,1894.0,326.0,508.0
1,cam_1,0,694,574.0,1060.0,322.0,618.0
1,cam_1,0,695,1150.0,1416.0,200.0,706.0
1,cam_1,0,696,1946.0,968.0,288.0,516.0
1,cam_1,0,697,2182.0,1072.0,258.0,590.0
1,cam_1,0,698,1576.0,820.0,152.0,530.0
1,cam_1,0,699,66.0,504.0,132.0,442.0
1,cam_1,0,700,2308.0,1350.0,308.0,552.0
1,cam_1,0,701,318.0,726.0,142.0,466.0
1,cam_1,0,702,1432.0,614.0,198.0,402.0
1,cam_1,0,706,1414.0,416.0,108.0,368.0
2,cam_1,0,692,1062.0,1080.0,298.0,622.0
2,cam_1,0,693,1796.0,1894.0,322.0,508.0
2,cam_1,0,694,552.0,1056.0,318.0,616.0
2,cam_1,0,695,1154.0,1436.0,206.0,714.0
2,cam_1,0,696,1930.0,962.0,272.0,526.0
2,cam_1,0,697,2188.0,1074.0,270.0,598.0
2,cam_1,0,698,1570.0,816.0,152.0,530.0
2,cam_1,0,699,58.0,500.0,118.0,440.0
2,cam_1,0,700,2334.0,1346.0,324.0,558.0
2,cam_1,0,701,304.0,728.0,156.0,462.0
2,cam_1,0,702,1424.0,608.0,210.0,410.0
2,cam_1,0,706,1412.0,358.0,94.0,246.0
3,cam_1,0,692,1054.0,1080.0,282.0,624.0
3,cam_1,0,693,1792.0,1894.0,318.0,510.0
3,cam_1,0,694,532.0,1044.0,318.0,620.0
3,cam_1,0,695,1158.0,1458.0,214.0,734.0
3,cam_1,0,696,1900.0,956.0,224.0,534.0
3,cam_1,0,697,2194.0,1076.0,280.0,600.0
3,cam_1,0,698,1552.0,818.0,162.0,536.0
3,cam_1,0,699,52.0,498.0,106.0,438.0
3,cam_1,0,700,2360.0,1344.0,360.0,566.0
3,cam_1,0,701,282.0,736.0,180.0,456.0
3,cam_1,0,702,1408.0,606.0,206.0,408.0
3,cam_1,0,706,1404.0,346.0,92.0,222.0
4,cam_1,0,692,1046.0,1078.0,266.0,624.0
4,cam_1,0,693,1782.0,1892.0,320.0,512.0
4,cam_1,0,694,512.0,1030.0,290.0,598.0
4,cam_1,0,695,1164.0,1478.0,222.0,728.0
4,cam_1,0,696,1872.0,948.0,194.0,542.0
4,cam_1,0,697,2198.0,1072.0,284.0,590.0
4,cam_1,0,698,1534.0,814.0,172.0,532.0
4,cam_1,0,699,50.0,496.0,98.0,438.0
4,cam_1,0,700,2392.0,1352.0,384.0,586.0
4,cam_1,0,701,270.0,740.0,186.0,446.0
4,cam_1,0,702,1384.0,608.0,208.0,408.0
4,cam_1,0,706,1400.0,392.0,98.0,318.0
5,cam_1,0,692,1036.0,1078.0,264.0,622.0
5,cam_1,0,693,1772.0,1894.0,324.0,520.0
5,cam_1,0,694,502.0,1010.0,266.0,574.0
5,cam_1,0,695,1170.0,1488.0,230.0,724.0
5,cam_1,0,696,1854.0,930.0,202.0,550.0
5,cam_1,0,697,2202.0,1068.0,288.0,588.0
5,cam_1,0,698,1526.0,810.0,174.0,534.0
5,cam_1,0,699,46.0,494.0,94.0,440.0
5,cam_1,0,700,2436.0,1356.0,418.0,598.0
5,cam_1,0,701,260.0,742.0,184.0,440.0
5,cam_1,0,702,1362.0,610.0,190.0,406.0
5,cam_1,0,706,1392.0,402.0,106.0,340.0
6,cam_1,0,692,1020.0,1076.0,258.0,620.0
6,cam_1,0,693,1764.0,1894.0,326.0,522.0
6,cam_1,0,694,492.0,996.0,226.0,570.0
6,cam_1,0,695,1176.0,1496.0,238.0,718.0
6,cam_1,0,696,1828.0,914.0,220.0,560.0
6,cam_1,0,697,2200.0,1062.0,278.0,580.0
6,cam_1,0,698,1522.0,804.0,172.0,534.0
6,cam_1,0,699,46.0,494.0,92.0,440.0
6,cam_1,0,700,2482.0,1362.0,440.0,604.0
6,cam_1,0,701,258.0,742.0,184.0,440.0
6,cam_1,0,702,1340.0,598.0,166.0,414.0
6,cam_1,0,706,1382.0,426.0,110.0,384.0
7,cam_1,0,692,1006.0,1076.0,256.0,618.0
7,cam_1,0,693,1754.0,1892.0,324.0,524.0
7,cam_1,0,694,488.0,984.0,202.0,580.0
7,cam_1,0,695,1178.0,1500.0,244.0,712.0
7,cam_1,0,696,1802.0,904.0,226.0,570.0
7,cam_1,0,697,2198.0,1054.0,272.0,580.0
7,cam_1,0,698,1520.0,800.0,170.0,534.0
7,cam_1,0,699,44.0,494.0,88.0,440.0
7,cam_1,0,700,2526.0,1376.0,442.0,610.0
7,cam_1,0,701,258.0,740.0,190.0,440.0
7,cam_1,0,702,1322.0,592.0,144.0,424.0
7,cam_1,0,706,1378.0,432.0,108.0,400.0
8,cam_1,0,692,994.0,1080.0,254.0,618.0
8,cam_1,0,693,1744.0,1892.0,322.0,526.0
8,cam_1,0,694,482.0,972.0,180.0,594.0
8,cam_1,0,695,1178.0,1500.0,240.0,712.0
8,cam_1,0,696,1780.0,894.0,240.0,572.0
8,cam_1,0,697,2198.0,1044.0,266.0,580.0
8,cam_1,0,698,1520.0,794.0,168.0,536.0
8,cam_1,0,699,40.0,492.0,78.0,438.0
8,cam_1,0,700,2578.0,1394.0,444.0,618.0
8,cam_1,0,701,256.0,738.0,194.0,440.0
8,cam_1,0,702,1312.0,584.0,148.0,432.0
8,cam_1,0,706,1372.0,434.0,118.0,404.0
9,cam_1,0,692,980.0,1080.0,250.0,618.0
9,cam_1,0,693,1730.0,1892.0,324.0,528.0
9,cam_1,0,694,476.0,962.0,168.0,606.0
9,cam_1,0,695,1178.0,1498.0,230.0,710.0
9,cam_1,0,696,1756.0,878.0,242.0,554.0
9,cam_1,0,697,2200.0,1036.0,254.0,586.0
9,cam_1,0,698,1520.0,788.0,168.0,536.0
9,cam_1,0,699,38.0,492.0,74.0,434.0
9,cam_1,0,700,2626.0,1406.0,398.0,614.0
9,cam_1,0,701,256.0,734.0,198.0,442.0
9,cam_1,0,702,1292.0,576.0,160.0,438.0
9,cam_1,0,706,1364.0,432.0,124.0,404.0
10,cam_1,0,692,968.0,1084.0,240.0,618.0
10,cam_1,0,693,1714.0,1890.0,326.0,526.0
10,cam_1,0,694,472.0,950.0,162.0,608.0
10,cam_1,0,695,1180.0,1496.0,228.0,714.0
10,cam_1,0,696,1732.0,868.0,226.0,542.0
10,cam_1,0,697,2206.0,1028.0,238.0,582.0
10,cam_1,0,698,1518.0,778.0,166.0,534.0
10,cam_1,0,699,34.0,490.0,68.0,428.0
10,cam_1,0,700,2710.0,1408.0,308.0,600.0
10,cam_1,0,701,258.0,732.0,206.0,442.0
10,cam_1,0,702,1270.0,570.0,190.0,438.0
10,cam_1,0,706,1354.0,426.0,136.0,400.0
11,cam_1,0,692,954.0,1086.0,236.0,622.0
11,cam_1,0,693,1702.0,1888.0,320.0,528.0
11,cam_1,0,694,462.0,934.0,198.0,594.0
11,cam_1,0,695,1180.0,1494.0,238.0,718.0
11,cam_1,0,696,1706.0,868.0,200.0,532.0
11,cam_1,0,697,2214.0,1022.0,226.0,580.0
11,cam_1,0,698,1518.0,768.0,162.0,528.0
11,cam_1,0,699,34.0,490.0,68.0,426.0
11,cam_1,0,700,2760.0,1414.0,276.0,600.0
11,cam_1,0,701,258.0,732.0,214.0,440.0
11,cam_1,0,702,1254.0,564.0,208.0,438.0
11,cam_1,0,706,1344.0,416.0,138.0,400.0
12,cam_1,0,692,942.0,1090.0,224.0,632.0
12,cam_1,0,693,1684.0,1888.0,328.0,530.0
12,cam_1,0,694,462.0,918.0,190.0,574.0
12,cam_1,0,695,1180.0,1496.0,258.0,718.0
12,cam_1,0,696,1672.0,870.0,182.0,532.0
12,cam_1,0,697,2218.0,1014.0,208.0,586.0
12,cam_1,0,698,1518.0,760.0,158.0,524.0
12,cam_1,0,699,30.0,490.0,60.0,430.0
12,cam_1,0,700,2812.0,1432.0,272.0,624.0
12,cam_1,0,701,258.0,734.0,212.0,440.0
12,cam_1,0,702,1236.0,560.0,212.0,432.0
12,cam_1,0,706,1336.0,410.0,138.0,396.0
13,cam_1,0,692,928.0,1092.0,216.0,642.0
13,cam_1,0,693,1672.0,1886.0,332.0,536.0
13,cam_1,0,694,458.0,906.0,194.0,552.0
13,cam_1,0,695,1180.0,1498.0,282.0,714.0
13,cam_1,0,696,1644.0,870.0,168.0,540.0
13,cam_1,0,697,2220.0,1014.0,198.0,586.0
13,cam_1,0,698,1516.0,756.0,150.0,522.0
13,cam_1,0,699,28.0,488.0,58.0,428.0
13,cam_1,0,700,2840.0,1430.0,260.0,606.0
13,cam_1,0,701,256.0,738.0,210.0,442.0
13,cam_1,0,702,1222.0,560.0,200.0,426.0
13,cam_1,0,706,1324.0,404.0,136.0,392.0
14,cam_1,0,692,916.0,1096.0,212.0,644.0
14,cam_1,0,693,1664.0,1886.0,336.0,544.0
14,cam_1,0,694,442.0,894.0,186.0,536.0
14,cam_1,0,695,1180.0,1502.0,306.0,706.0
14,cam_1,0,696,1620.0,862.0,170.0,544.0
14,cam_1,0,697,2222.0,1016.0,194.0,586.0
14,cam_1,0,698,1512.0,754.0,148.0,520.0
14,cam_1,0,699,24.0,438.0,48.0,326.0
14,cam_1,0,700,2862.0,1430.0,250.0,594.0
14,cam_1,0,701,256.0,740.0,210.0,440.0
14,cam_1,0,702,1206.0,558.0,178.0,420.0
14,cam_1,0,706,1316.0,398.0,136.0,394.0
15,cam_1,0,692,906.0,1098.0,218.0,648.0
15,cam_1,0,693,1664.0,1884.0,336.0,548.0
15,cam_1,0,694,432.0,884.0,188.0,544.0
15,cam_1,0,695,1182.0,1504.0,322.0,700.0
15,cam_1,0,696,1600.0,856.0,182.0,538.0
15,cam_1,0,697,2226.0,1018.0,190.0,586.0
15,cam_1,0,698,1510.0,752.0,154.0,512.0
15,cam_1,0,699,22.0,412.0,44.0,288.0
15,cam_1,0,700,2860.0,1438.0,222.0,584.0
15,cam_1,0,701,234.0,746.0,194.0,430.0
15,cam_1,0,702,1182.0,558.0,148.0,416.0
15,cam_1,0,706,1310.0,394.0,144.0,400.0
16,cam_1,0,692,892.0,1098.0,244.0,650.0
16,cam_1,0,693,1666.0,1884.0,346.0,550.0
16,cam_1,0,694,432.0,870.0,194.0,558.0
16,cam_1,0,695,1186.0,1504.0,334.0,700.0
16,cam_1,0,696,1574.0,842.0,218.0,550.0
16,cam_1,0,697,2228.0,1014.0,192.0,588.0
16,cam_1,0,698,1496.0,758.0,146.0,500.0
16,cam_1,0,699,20.0,402.0,42.0,280.0
16,cam_1,0,700,2866.0,1444.0,206.0,570.0
16,cam_1,0,701,226.0,748.0,206.0,428.0
16,cam_1,0,702,1156.0,562.0,124.0,408.0
16,cam_1,0,706,1302.0,394.0,148.0,396.0
17,cam_1,0,692,868.0,1098.0,290.0,636.0
17,cam_1,0,693,1670.0,1880.0,362.0,550.0
17,cam_1,0,694,424.0,860.0,184.0,570.0
17,cam_1,0,695,1188.0,1500.0,336.0,704.0
17,cam_1,0,696,1546.0,828.0,252.0,558.0
17,cam_1,0,697,2228.0,1008.0,192.0,584.0
17,cam_1,0,699,18.0,400.0,36.0,272.0
17,cam_1,0,700,2876.0,1424.0,190.0,504.0
17,cam_1,0,701,226.0,752.0,214.0,422.0
17,cam_1,0,702,1134.0,556.0,132.0,418.0
17,cam_1,0,706,1296.0,394.0,148.0,394.0
18,cam_1,0,692,848.0,1096.0,326.0,622.0
18,cam_1,0,693,1672.0,1878.0,380.0,552.0
18,cam_1,0,694,418.0,848.0,184.0,582.0
18,cam_1,0,695,1182.0,1498.0,338.0,706.0
18,cam_1,0,696,1526.0,810.0,270.0,562.0
18,cam_1,0,697,2228.0,1004.0,186.0,578.0
18,cam_1,0,699,18.0,400.0,36.0,270.0
18,cam_1,0,700,2886.0,1412.0,186.0,472.0
18,cam_1,0,701,222.0,754.0,218.0,418.0
18,cam_1,0,702,1118.0,548.0,148.0,426.0
18,cam_1,0,706,1292.0,394.0,154.0,392.0
19,cam_1,0,692,834.0,1096.0,344.0,614.0
19,cam_1,0,693,1670.0,1878.0,396.0,556.0
19,cam_1,0,694,414.0,836.0,186.0,586.0
19,cam_1,0,695,1178.0,1498.0,344.0,708.0
19,cam_1,0,696,1508.0,802.0,274.0,548.0
19,cam_1,0,697,2228.0,998.0,182.0,578.0
19,cam_1,0,699,16.0,398.0,32.0,252.0
19,cam_1,0,700,2888.0,1412.0,202.0,464.0
19,cam_1,0,701,198.0,754.0,196.0,416.0
19,cam_1,0,702,1100.0,540.0,154.0,436.0
19,cam_1,0,706,1284.0,394.0,162.0,390.0
20,cam_1,0,692,822.0,1096.0,334.0,612.0
20,cam_1,0,693,1668.0,1876.0,408.0,556.0
20,cam_1,0,694,412.0,820.0,194.0,570.0
20,cam_1,0,695,1154.0,1498.0,320.0,706.0
20,cam_1,0,696,1488.0,790.0,260.0,536.0
20,cam_1,0,697,2230.0,992.0,178.0,574.0
20,cam_1,0,700,2894.0,1408.0,216.0,464.0
20,cam_1,0,701,198.0,752.0,198.0,418.0
20,cam_1,0,702,1082.0,534.0,180.0,438.0
20,cam_1,0,706,1280.0,394.0,162.0,386.0
21,cam_1,0,692,808.0,1098.0,316.0,612.0
21,cam_1,0,693,1678.0,1872.0,442.0,558.0
21,cam_1,0,694,410.0,804.0,204.0,548.0
21,cam_1,0,695,1154.0,1498.0,352.0,706.0
21,cam_1,0,696,1464.0,792.0,238.0,514.0
21,cam_1,0,697,2236.0,986.0,168.0,566.0
21,cam_1,0,700,2908.0,1406.0,216.0,482.0
21,cam_1,0,701,198.0,752.0,190.0,420.0
21,cam_1,0,702,1054.0,526.0,198.0,430.0
21,cam_1,0,706,1272.0,392.0,154.0,380.0
21,cam_1,0,698,1510.0,724.0,136.0,478.0
21,cam_1,0,699,14.0,392.0,30.0,198.0
22,cam_1,0,692,788.0,1100.0,284.0,612.0
22,cam_1,0,693,1694.0,1868.0,486.0,562.0
22,cam_1,0,694,414.0,792.0,198.0,524.0
22,cam_1,0,695,1152.0,1498.0,358.0,706.0
22,cam_1,0,696,1440.0,792.0,212.0,506.0
22,cam_1,0,697,2242.0,976.0,166.0,550.0
22,cam_1,0,700,2920.0,1400.0,212.0,496.0
22,cam_1,0,701,186.0,752.0,180.0,420.0
22,cam_1,0,702,1038.0,524.0,188.0,422.0
22,cam_1,0,706,1266.0,390.0,138.0,382.0
22,cam_1,0,698,1502.0,704.0,130.0,448.0
23,cam_1,0,692,766.0,1098.0,254.0,618.0
23,cam_1,0,693,1710.0,1868.0,536.0,564.0
23,cam_1,0,694,402.0,784.0,210.0,512.0
23,cam_1,0,695,1144.0,1498.0,360.0,708.0
23,cam_1,0,696,1392.0,786.0,180.0,516.0
23,cam_1,0,697,2244.0,976.0,164.0,532.0
23,cam_1,0,700,2922.0,1398.0,208.0,514.0
23,cam_1,0,701,184.0,756.0,176.0,418.0
23,cam_1,0,702,1018.0,520.0,170.0,416.0
23,cam_1,0,706,1262.0,386.0,132.0,388.0
23,cam_1,0,698,1496.0,712.0,138.0,490.0
24,cam_1,0,692,740.0,1096.0,210.0,624.0
24,cam_1,0,693,1714.0,1864.0,562.0,572.0
24,cam_1,0,694,400.0,778.0,184.0,512.0
24,cam_1,0,695,1144.0,1498.0,372.0,708.0
24,cam_1,0,696,1356.0,778.0,202.0,526.0
24,cam_1,0,697,2248.0,974.0,166.0,524.0
24,cam_1,0,700,2922.0,1400.0,220.0,536.0
24,cam_1,0,701,184.0,754.0,198.0,422.0
24,cam_1,0,702,988.0,522.0,134.0,408.0
24,cam_1,0,706,1256.0,376.0,128.0,390.0
24,cam_1,0,698,1498.0,700.0,138.0,498.0
25,cam_1,0,692,712.0,1094.0,178.0,630.0
25,cam_1,0,693,1710.0,1862.0,574.0,578.0
25,cam_1,0,694,398.0,772.0,166.0,518.0
25,cam_1,0,695,1142.0,1496.0,376.0,710.0
25,cam_1,0,696,1338.0,772.0,208.0,528.0
25,cam_1,0,697,2248.0,968.0,164.0,530.0
25,cam_1,0,700,2902.0,1422.0,250.0,594.0
25,cam_1,0,701,182.0,754.0,202.0,422.0
25,cam_1,0,702,962.0,524.0,118.0,408.0
25,cam_1,0,706,1248.0,368.0,126.0,396.0
25,cam_1,0,698,1498.0,690.0,140.0,500.0
26,cam_1,0,692,684.0,1092.0,176.0,634.0
26,cam_1,0,693,1700.0,1860.0,570.0,584.0
26,cam_1,0,694,396.0,762.0,158.0,532.0
26,cam_1,0,695,1140.0,1496.0,376.0,710.0
26,cam_1,0,696,1324.0,764.0,210.0,536.0
26,cam_1,0,697,2248.0,966.0,164.0,528.0
26,cam_1,0,700,2888.0,1432.0,260.0,622.0
26,cam_1,0,701,176.0,754.0,206.0,422.0
26,cam_1,0,702,940.0,516.0,134.0,412.0
26,cam_1,0,706,1244.0,362.0,128.0,394.0
26,cam_1,0,698,1496.0,680.0,140.0,498.0
27,cam_1,0,692,662.0,1088.0,190.0,642.0
27,cam_1,0,693,1694.0,1858.0,568.0,590.0
27,cam_1,0,694,400.0,752.0,156.0,544.0
27,cam_1,0,695,1126.0,1496.0,348.0,712.0
27,cam_1,0,696,1300.0,756.0,220.0,540.0
27,cam_1,0,697,2248.0,968.0,166.0,524.0
27,cam_1,0,700,2878.0,1440.0,268.0,632.0
27,cam_1,0,701,164.0,754.0,204.0,422.0
27,cam_1,0,702,922.0,510.0,146.0,420.0
27,cam_1,0,706,1236.0,356.0,130.0,392.0
27,cam_1,0,698,1492.0,670.0,144.0,492.0
28,cam_1,0,692,638.0,1088.0,232.0,640.0
28,cam_1,0,693,1674.0,1856.0,534.0,598.0
28,cam_1,0,694,402.0,742.0,148.0,548.0
28,cam_1,0,695,1116.0,1496.0,326.0,712.0
28,cam_1,0,696,1272.0,740.0,226.0,520.0
28,cam_1,0,697,2250.0,968.0,170.0,516.0
28,cam_1,0,700,2870.0,1442.0,272.0,640.0
28,cam_1,0,701,152.0,754.0,204.0,424.0
28,cam_1,0,702,902.0,506.0,168.0,420.0
28,cam_1,0,706,1230.0,346.0,132.0,380.0
28,cam_1,0,698,1484.0,666.0,142.0,488.0
29,cam_1,0,692,608.0,1088.0,284.0,638.0
29,cam_1,0,693,1644.0,1854.0,480.0,604.0
29,cam_1,0,694,408.0,730.0,148.0,540.0
29,cam_1,0,695,1108.0,1496.0,318.0,710.0
29,cam_1,0,696,1248.0,728.0,216.0,496.0
29,cam_1,0,697,2250.0,972.0,170.0,500.0
29,cam_1,0,700,2864.0,1450.0,272.0,640.0
29,cam_1,0,701,144.0,756.0,206.0,426.0
29,cam_1,0,702,878.0,498.0,198.0,424.0
29,cam_1,0,706,1218.0,346.0,138.0,378.0
29,cam_1,0,698,1474.0,666.0,144.0,486.0
30,cam_1,0,692,590.0,1090.0,320.0,638.0
30,cam_1,0,693,1610.0,1848.0,422.0,614.0
30,cam_1,0,694,412.0,716.0,148.0,518.0
30,cam_1,0,695,1092.0,1490.0,308.0,710.0
30,cam_1,0,696,1216.0,718.0,206.0,488.0
30,cam_1,0,697,2250.0,964.0,176.0,506.0
30,cam_1,0,700,2852.0,1452.0,284.0,640.0
30,cam_1,0,701,140.0,756.0,214.0,430.0
30,cam_1,0,702,860.0,494.0,222.0,428.0
30,cam_1,0,706,1208.0,344.0,134.0,368.0
30,cam_1,0,698,1468.0,670.0,142.0,482.0
31,cam_1,0,692,562.0,1090.0,372.0,640.0
31,cam_1,0,693,1584.0,1844.0,390.0,622.0
31,cam_1,0,694,412.0,706.0,146.0,498.0
31,cam_1,0,695,1080.0,1478.0,308.0,708.0
31,cam_1,0,696,1190.0,714.0,172.0,494.0
31,cam_1,0,697,2250.0,956.0,178.0,500.0
31,cam_1,0,700,2838.0,1452.0,288.0,638.0
31,cam_1,0,701,144.0,756.0,226.0,434.0
31,cam_1,0,702,842.0,488.0,234.0,416.0
31,cam_1,0,706,1200.0,350.0,136.0,378.0
31,cam_1,0,698,1466.0,674.0,138.0,482.0
32,cam_1,0,692,544.0,1092.0,382.0,644.0
32,cam_1,0,693,1568.0,1840.0,366.0,632.0
32,cam_1,0,694,408.0,698.0,150.0,482.0
32,cam_1,0,695,1066.0,1462.0,308.0,704.0
32,cam_1,0,696,1160.0,710.0,158.0,502.0
32,cam_1,0,697,2252.0,952.0,172.0,490.0
32,cam_1,0,700,2832.0,1450.0,278.0,634.0
32,cam_1,0,701,142.0,756.0,240.0,438.0
32,cam_1,0,702,826.0,484.0,226.0,408.0
32,cam_1,0,706,1192.0,350.0,138.0,388.0
32,cam_1,0,698,1466.0,672.0,130.0,482.0
33,cam_1,0,692,530.0,1088.0,364.0,642.0
33,cam_1,0,693,1548.0,1838.0,338.0,634.0
33,cam_1,0,694,404.0,696.0,152.0,476.0
33,cam_1,0,695,1048.0,1444.0,308.0,704.0
33,cam_1,0,696,1138.0,710.0,156.0,492.0
33,cam_1,0,697,2256.0,944.0,162.0,486.0
33,cam_1,0,700,2832.0,1452.0,248.0,634.0
33,cam_1,0,701,132.0,754.0,240.0,440.0
33,cam_1,0,702,780.0,486.0,148.0,392.0
33,cam_1,0,706,1176.0,350.0,160.0,390.0
33,cam_1,0,698,1462.0,668.0,124.0,480.0
34,cam_1,0,692,514.0,1082.0,340.0,638.0
34,cam_1,0,693,1528.0,1834.0,314.0,638.0
34,cam_1,0,694,404.0,692.0,154.0,476.0
34,cam_1,0,695,1030.0,1430.0,300.0,704.0
34,cam_1,0,696,1120.0,700.0,168.0,504.0
34,cam_1,0,697,2256.0,940.0,158.0,482.0
34,cam_1,0,700,2830.0,1448.0,234.0,630.0
34,cam_1,0,701,118.0,750.0,228.0,444.0
34,cam_1,0,702,752.0,490.0,112.0,386.0
34,cam_1,0,706,1178.0,346.0,154.0,396.0
34,cam_1,0,698,1460.0,660.0,122.0,480.0
35,cam_1,0,692,492.0,1072.0,296.0,628.0
35,cam_1,0,693,1506.0,1830.0,292.0,642.0
35,cam_1,0,694,408.0,684.0,164.0,480.0
35,cam_1,0,695,1012.0,1418.0,294.0,706.0
35,cam_1,0,696,1096.0,692.0,200.0,510.0
35,cam_1,0,697,2254.0,938.0,156.0,480.0
35,cam_1,0,700,2828.0,1446.0,216.0,634.0
35,cam_1,0,701,108.0,744.0,196.0,450.0
35,cam_1,0,702,740.0,486.0,130.0,388.0
35,cam_1,0,706,1178.0,346.0,148.0,392.0
35,cam_1,0,698,1456.0,654.0,122.0,478.0
36,cam_1,0,692,468.0,1068.0,248.0,630.0
36,cam_1,0,693,1480.0,1828.0,274.0,654.0
36,cam_1,0,694,402.0,656.0,164.0,450.0
36,cam_1,0,695,994.0,1414.0,290.0,710.0
36,cam_1,0,696,1070.0,682.0,234.0,508.0
36,cam_1,0,697,2252.0,940.0,156.0,476.0
36,cam_1,0,700,2820.0,1446.0,196.0,642.0
36,cam_1,0,701,94.0,740.0,166.0,450.0
36,cam_1,0,702,720.0,482.0,140.0,398.0
36,cam_1,0,706,1172.0,342.0,138.0,386.0
36,cam_1,0,698,1454.0,644.0,128.0,462.0
37,cam_1,0,692,438.0,1062.0,210.0,628.0
37,cam_1,0,693,1448.0,1826.0,294.0,656.0
37,cam_1,0,694,404.0,618.0,164.0,396.0
37,cam_1,0,695,972.0,1418.0,302.0,710.0
37,cam_1,0,696,1046.0,674.0,258.0,500.0
37,cam_1,0,697,2250.0,942.0,162.0,474.0
37,cam_1,0,700,2812.0,1444.0,178.0,648.0
37,cam_1,0,701,84.0,738.0,154.0,456.0
37,cam_1,0,702,702.0,478.0,156.0,404.0
37,cam_1,0,706,1166.0,336.0,128.0,382.0
37,cam_1,0,698,1452.0,640.0,134.0,460.0
38,cam_1,0,692,414.0,1060.0,196.0,648.0
38,cam_1,0,693,1432.0,1826.0,306.0,646.0
38,cam_1,0,694,412.0,614.0,170.0,408.0
38,cam_1,0,695,946.0,1422.0,308.0,706.0
38,cam_1,0,696,1028.0,664.0,260.0,488.0
38,cam_1,0,697,2248.0,942.0,164.0,476.0
38,cam_1,0,700,2802.0,1444.0,168.0,646.0
38,cam_1,0,701,78.0,740.0,142.0,464.0
38,cam_1,0,702,686.0,470.0,174.0,412.0
38,cam_1,0,706,1160.0,330.0,122.0,374.0
38,cam_1,0,698,1448.0,630.0,134.0,450.0
39,cam_1,0,692,392.0,1058.0,204.0,642.0
39,cam_1,0,693,1420.0,1830.0,314.0,648.0
39,cam_1,0,694,418.0,606.0,166.0,418.0
39,cam_1,0,695,920.0,1428.0,328.0,702.0
39,cam_1,0,696,1012.0,656.0,240.0,476.0
39,cam_1,0,697,2242.0,944.0,160.0,472.0
39,cam_1,0,700,2790.0,1444.0,168.0,648.0
39,cam_1,0,701,74.0,740.0,138.0,464.0
39,cam_1,0,702,654.0,466.0,222.0,422.0
39,cam_1,0,706,1152.0,326.0,120.0,372.0
39,cam_1,0,698,1446.0,622.0,136.0,446.0
40,cam_1,0,692,354.0,1054.0,228.0,642.0
40,cam_1,0,693,1400.0,1832.0,330.0,648.0
40,cam_1,0,694,418.0,602.0,160.0,418.0
40,cam_1,0,695,894.0,1432.0,340.0,700.0
40,cam_1,0,696,978.0,654.0,250.0,468.0
40,cam_1,0,697,2234.0,944.0,168.0,468.0
40,cam_1,0,700,2772.0,1444.0,178.0,648.0
40,cam_1,0,701,68.0,740.0,132.0,464.0
40,cam_1,0,702,644.0,460.0,210.0,422.0
40,cam_1,0,706,1142.0,324.0,120.0,370.0
40,cam_1,0,698,1440.0,614.0,140.0,452.0
41,cam_1,0,692,318.0,1054.0,274.0,630.0
41,cam_1,0,693,1384.0,1834.0,354.0,648.0
41,cam_1,0,694,414.0,594.0,158.0,410.0
41,cam_1,0,695,880.0,1428.0,340.0,696.0
41,cam_1,0,696,942.0,654.0,256.0,466.0
41,cam_1,0,697,2230.0,946.0,170.0,462.0
41,cam_1,0,700,2750.0,1446.0,186.0,638.0
41,cam_1,0,701,64.0,740.0,128.0,466.0
41,cam_1,0,702,616.0,454.0,210.0,408.0
41,cam_1,0,706,1132.0,322.0,126.0,370.0
41,cam_1,0,698,1434.0,610.0,150.0,458.0
42,cam_1,0,692,292.0,1054.0,320.0,620.0
42,cam_1,0,693,1366.0,1834.0,374.0,648.0
42,cam_1,0,694,412.0,610.0,154.0,440.0
42,cam_1,0,695,870.0,1424.0,332.0,694.0
42,cam_1,0,696,926.0,650.0,208.0,474.0
42,cam_1,0,697,2224.0,938.0,166.0,460.0
42,cam_1,0,700,2720.0,1430.0,204.0,590.0
42,cam_1,0,701,60.0,742.0,122.0,468.0
42,cam_1,0,702,578.0,446.0,154.0,386.0
42,cam_1,0,706,1124.0,322.0,132.0,370.0
42,cam_1,0,698,1436.0,602.0,148.0,462.0
43,cam_1,0,692,272.0,1052.0,352.0,612.0
43,cam_1,0,693,1344.0,1834.0,386.0,648.0
43,cam_1,0,694,410.0,616.0,156.0,454.0
43,cam_1,0,695,858.0,1418.0,316.0,694.0
43,cam_1,0,696,902.0,642.0,168.0,486.0
43,cam_1,0,697,2218.0,936.0,160.0,448.0
43,cam_1,0,700,2692.0,1436.0,250.0,594.0
43,cam_1,0,701,58.0,738.0,116.0,470.0
43,cam_1,0,702,550.0,452.0,154.0,388.0
43,cam_1,0,706,1116.0,320.0,136.0,362.0
43,cam_1,0,698,1434.0,594.0,158.0,462.0
44,cam_1,0,692,262.0,1052.0,366.0,610.0
44,cam_1,0,693,1312.0,1834.0,384.0,648.0
44,cam_1,0,694,412.0,614.0,148.0,462.0
44,cam_1,0,695,856.0,1404.0,312.0,688.0
44,cam_1,0,696,886.0,634.0,172.0,496.0
44,cam_1,0,697,2208.0,930.0,164.0,440.0
44,cam_1,0,700,2670.0,1440.0,284.0,612.0
44,cam_1,0,701,54.0,736.0,110.0,474.0
44,cam_1,0,702,532.0,450.0,128.0,378.0
44,cam_1,0,706,1114.0,318.0,134.0,362.0
44,cam_1,0,698,1430.0,580.0,164.0,440.0
45,cam_1,0,692,254.0,1052.0,368.0,612.0
45,cam_1,0,693,1276.0,1834.0,384.0,648.0
45,cam_1,0,694,416.0,608.0,146.0,474.0
45,cam_1,0,695,838.0,1386.0,298.0,684.0
45,cam_1,0,696,868.0,628.0,174.0,504.0
45,cam_1,0,697,2198.0,922.0,160.0,428.0
45,cam_1,0,700,2654.0,1440.0,310.0,632.0
45,cam_1,0,701,50.0,732.0,102.0,468.0
45,cam_1,0,702,510.0,446.0,110.0,388.0
45,cam_1,0,706,1108.0,318.0,132.0,362.0
45,cam_1,0,698,1422.0,570.0,160.0,422.0
46,cam_1,0,692,242.0,1050.0,354.0,618.0
46,cam_1,0,693,1238.0,1834.0,386.0,648.0
46,cam_1,0,694,432.0,600.0,150.0,484.0
46,cam_1,0,695,832.0,1364.0,304.0,680.0
46,cam_1,0,696,848.0,616.0,186.0,508.0
46,cam_1,0,697,2194.0,910.0,146.0,414.0
46,cam_1,0,700,2650.0,1430.0,326.0,650.0
46,cam_1,0,701,46.0,726.0,94.0,472.0
46,cam_1,0,702,484.0,428.0,98.0,368.0
46,cam_1,0,706,1104.0,316.0,132.0,362.0
46,cam_1,0,698,1416.0,568.0,152.0,422.0
47,cam_1,0,692,228.0,1040.0,326.0,616.0
47,cam_1,0,693,1192.0,1832.0,378.0,648.0
47,cam_1,0,694,440.0,588.0,162.0,476.0
47,cam_1,0,695,824.0,1346.0,324.0,684.0
47,cam_1,0,696,822.0,604.0,190.0,496.0
47,cam_1,0,697,2194.0,904.0,132.0,400.0
47,cam_1,0,700,2654.0,1422.0,348.0,664.0
47,cam_1,0,701,46.0,720.0,92.0,470.0
47,cam_1,0,706,1098.0,316.0,130.0,360.0
47,cam_1,0,698,1402.0,564.0,148.0,420.0
48,cam_1,0,692,208.0,1032.0,282.0,612.0
48,cam_1,0,693,1138.0,1824.0,350.0,660.0
48,cam_1,0,694,440.0,570.0,170.0,464.0
48,cam_1,0,695,814.0,1332.0,334.0,692.0
48,cam_1,0,696,798.0,598.0,188.0,470.0
48,cam_1,0,697,2190.0,894.0,134.0,394.0
48,cam_1,0,700,2634.0,1396.0,328.0,638.0
48,cam_1,0,701,42.0,712.0,84.0,460.0
48,cam_1,0,706,1090.0,314.0,116.0,362.0
48,cam_1,0,698,1392.0,562.0,140.0,418.0
49,cam_1,0,692,178.0,1026.0,242.0,618.0
49,cam_1,0,693,1078.0,1816.0,318.0,678.0
49,cam_1,0,694,438.0,556.0,162.0,452.0
49,cam_1,0,695,806.0,1314.0,342.0,690.0
49,cam_1,0,696,772.0,594.0,188.0,460.0
49,cam_1,0,697,2190.0,890.0,122.0,376.0
49,cam_1,0,700,2584.0,1374.0,268.0,614.0
49,cam_1,0,701,38.0,710.0,78.0,456.0
49,cam_1,0,706,1084.0,308.0,114.0,354.0
49,cam_1,0,698,1378.0,558.0,142.0,422.0
50,cam_1,0,692,138.0,1024.0,220.0,622.0
50,cam_1,0,693,1032.0,1804.0,316.0,706.0
50,cam_1,0,694,422.0,552.0,182.0,450.0
50,cam_1,0,695,796.0,1308.0,352.0,698.0
50,cam_1,0,696,748.0,594.0,170.0,460.0
50,cam_1,0,697,2180.0,882.0,136.0,372.0
50,cam_1,0,700,2540.0,1362.0,230.0,616.0
50,cam_1,0,701,38.0,708.0,76.0,454.0
50,cam_1,0,706,1070.0,304.0,110.0,350.0
50,cam_1,0,698,1374.0,550.0,140.0,430.0
50,cam_1,0,702,368.0,416.0,116.0,384.0
51,cam_1,0,692,108.0,1022.0,210.0,630.0
51,cam_1,0,693,996.0,1792.0,356.0,730.0
51,cam_1,0,694,434.0,552.0,154.0,448.0
51,cam_1,0,695,738.0,1308.0,266.0,700.0
51,cam_1,0,696,726.0,588.0,146.0,466.0
51,cam_1,0,697,2168.0,878.0,146.0,370.0
51,cam_1,0,700,2498.0,1352.0,212.0,620.0
51,cam_1,0,701,32.0,672.0,66.0,380.0
51,cam_1,0,706,1056.0,298.0,132.0,350.0
51,cam_1,0,698,1370.0,542.0,138.0,436.0
51,cam_1,0,702,344.0,420.0,112.0,380.0
52,cam_1,0,692,96.0,1020.0,194.0,636.0
52,cam_1,0,693,964.0,1780.0,382.0,756.0
52,cam_1,0,694,442.0,548.0,144.0,446.0
52,cam_1,0,695,710.0,1310.0,278.0,690.0
52,cam_1,0,696,704.0,582.0,136.0,474.0
52,cam_1,0,697,2158.0,878.0,164.0,380.0
52,cam_1,0,700,2462.0,1342.0,244.0,630.0
52,cam_1,0,701,28.0,642.0,56.0,322.0
52,cam_1,0,706,1044.0,294.0,128.0,350.0
52,cam_1,0,698,1368.0,528.0,140.0,428.0
52,cam_1,0,702,320.0,430.0,110.0,382.0
53,cam_1,0,692,90.0,1022.0,182.0,636.0
53,cam_1,0,693,936.0,1772.0,408.0,774.0
53,cam_1,0,694,440.0,546.0,130.0,448.0
53,cam_1,0,695,670.0,1322.0,264.0,684.0
53,cam_1,0,696,688.0,572.0,148.0,486.0
53,cam_1,0,697,2150.0,878.0,182.0,384.0
53,cam_1,0,700,2436.0,1328.0,272.0,652.0
53,cam_1,0,701,24.0,636.0,50.0,306.0
53,cam_1,0,706,1030.0,288.0,130.0,352.0
53,cam_1,0,698,1358.0,516.0,142.0,416.0
53,cam_1,0,702,298.0,436.0,108.0,388.0
54,cam_1,0,692,88.0,1022.0,176.0,634.0
54,cam_1,0,693,902.0,1766.0,424.0,782.0
54,cam_1,0,694,444.0,540.0,154.0,458.0
54,cam_1,0,695,710.0,1334.0,408.0,682.0
54,cam_1,0,696,670.0,564.0,168.0,492.0
54,cam_1,0,697,2144.0,874.0,194.0,394.0
54,cam_1,0,700,2412.0,1316.0,290.0,658.0
54,cam_1,0,701,22.0,638.0,46.0,298.0
54,cam_1,0,706,1018.0,280.0,134.0,356.0
54,cam_1,0,698,1348.0,510.0,134.0,404.0
54,cam_1,0,702,286.0,436.0,122.0,386.0
55,cam_1,0,692,86.0,1018.0,172.0,634.0
55,cam_1,0,693,830.0,1762.0,348.0,782.0
55,cam_1,0,694,442.0,528.0,156.0,470.0
55,cam_1,0,695,702.0,1338.0,436.0,672.0
55,cam_1,0,696,650.0,556.0,196.0,490.0
55,cam_1,0,697,2140.0,848.0,204.0,424.0
55,cam_1,0,700,2376.0,1300.0,318.0,654.0
55,cam_1,0,701,18.0,654.0,36.0,246.0
55,cam_1,0,706,1012.0,276.0,136.0,360.0
55,cam_1,0,698,1338.0,508.0,132.0,402.0
55,cam_1,0,702,262.0,430.0,136.0,388.0
56,cam_1,0,692,86.0,1026.0,172.0,616.0
56,cam_1,0,693,792.0,1760.0,352.0,780.0
56,cam_1,0,694,440.0,514.0,184.0,468.0
56,cam_1,0,695,682.0,1302.0,436.0,596.0
56,cam_1,0,696,628.0,548.0,222.0,480.0
56,cam_1,0,697,2136.0,836.0,206.0,430.0
56,cam_1,0,700,2342.0,1282.0,336.0,646.0
56,cam_1,0,706,1004.0,274.0,134.0,356.0
56,cam_1,0,698,1328.0,506.0,126.0,400.0
56,cam_1,0,702,244.0,428.0,146.0,394.0
57,cam_1,0,692,82.0,1044.0,166.0,578.0
57,cam_1,0,693,744.0,1758.0,324.0,780.0
57,cam_1,0,694,444.0,496.0,158.0,454.0
57,cam_1,0,695,636.0,1282.0,374.0,572.0
57,cam_1,0,696,608.0,544.0,234.0,466.0
57,cam_1,0,697,2120.0,812.0,194.0,422.0
57,cam_1,0,700,2314.0,1272.0,334.0,638.0
57,cam_1,0,706,996.0,272.0,142.0,362.0
57,cam_1,0,698,1318.0,504.0,122.0,406.0
57,cam_1,0,702,226.0,424.0,158.0,398.0
58,cam_1,0,692,76.0,1072.0,154.0,522.0
58,cam_1,0,693,690.0,1754.0,304.0,794.0
58,cam_1,0,694,448.0,480.0,146.0,430.0
58,cam_1,0,695,604.0,1272.0,334.0,580.0
58,cam_1,0,696,596.0,542.0,222.0,452.0
58,cam_1,0,697,2108.0,802.0,156.0,410.0
58,cam_1,0,700,2290.0,1258.0,304.0,618.0
58,cam_1,0,706,990.0,268.0,142.0,360.0
58,cam_1,0,698,1310.0,498.0,126.0,412.0
58,cam_1,0,702,200.0,414.0,182.0,416.0
59,cam_1,0,692,62.0,1094.0,124.0,468.0
59,cam_1,0,693,644.0,1736.0,354.0,806.0
59,cam_1,0,694,448.0,476.0,134.0,418.0
59,cam_1,0,695,590.0,1224.0,312.0,504.0
59,cam_1,0,696,578.0,542.0,204.0,450.0
59,cam_1,0,697,2098.0,796.0,136.0,410.0
59,cam_1,0,700,2248.0,1242.0,282.0,602.0
59,cam_1,0,706,986.0,268.0,138.0,360.0
59,cam_1,0,698,1304.0,490.0,130.0,418.0
59,cam_1,0,702,178.0,406.0,202.0,424.0
60,cam_1,0,693,616.0,1722.0,368.0,818.0
60,cam_1,0,694,446.0,476.0,122.0,416.0
60,cam_1,0,695,580.0,1202.0,310.0,474.0
60,cam_1,0,696,562.0,540.0,178.0,452.0
60,cam_1,0,697,2082.0,792.0,126.0,406.0
60,cam_1,0,700,2198.0,1232.0,242.0,604.0
60,cam_1,0,706,982.0,268.0,130.0,354.0
60,cam_1,0,698,1292.0,482.0,126.0,424.0
60,cam_1,0,702,158.0,408.0,216.0,418.0
61,cam_1,0,693,578.0,1706.0,402.0,828.0
61,cam_1,0,694,452.0,478.0,112.0,420.0
61,cam_1,0,695,582.0,1200.0,328.0,484.0
61,cam_1,0,696,548.0,536.0,150.0,456.0
61,cam_1,0,697,2074.0,790.0,126.0,406.0
61,cam_1,0,700,2166.0,1222.0,208.0,612.0
61,cam_1,0,706,974.0,266.0,120.0,344.0
61,cam_1,0,698,1280.0,474.0,128.0,420.0
61,cam_1,0,702,138.0,416.0,216.0,406.0
62,cam_1,0,693,532.0,1686.0,448.0,832.0
62,cam_1,0,694,448.0,468.0,100.0,424.0
62,cam_1,0,695,566.0,1200.0,346.0,494.0
62,cam_1,0,696,532.0,520.0,140.0,446.0
62,cam_1,0,700,2140.0,1206.0,216.0,638.0
62,cam_1,0,706,962.0,262.0,114.0,338.0
62,cam_1,0,698,1264.0,456.0,126.0,400.0
62,cam_1,0,702,94.0,418.0,160.0,398.0
63,cam_1,0,693,490.0,1666.0,488.0,808.0
63,cam_1,0,695,558.0,1218.0,354.0,540.0
63,cam_1,0,696,514.0,516.0,136.0,470.0
63,cam_1,0,700,2108.0,1194.0,228.0,650.0
63,cam_1,0,706,954.0,260.0,114.0,338.0
63,cam_1,0,698,1252.0,450.0,122.0,386.0
63,cam_1,0,702,80.0,420.0,160.0,396.0
64,cam_1,0,693,450.0,1646.0,482.0,778.0
64,cam_1,0,695,544.0,1226.0,346.0,580.0
64,cam_1,0,696,488.0,496.0,156.0,488.0
64,cam_1,0,700,2074.0,1178.0,248.0,640.0
64,cam_1,0,706,950.0,258.0,114.0,340.0
64,cam_1,0,698,1234.0,442.0,112.0,388.0
64,cam_1,0,702,62.0,420.0,124.0,392.0
64,cam_1,0,697,2004.0,804.0,136.0,292.0
65,cam_1,0,693,406.0,1640.0,458.0,766.0
65,cam_1,0,695,522.0,1226.0,336.0,616.0
65,cam_1,0,696,468.0,486.0,160.0,498.0
65,cam_1,0,700,2036.0,1164.0,268.0,618.0
65,cam_1,0,706,940.0,252.0,118.0,348.0
65,cam_1,0,698,1218.0,444.0,108.0,388.0
65,cam_1,0,702,50.0,418.0,102.0,394.0
65,cam_1,0,697,1998.0,806.0,166.0,272.0
66,cam_1,0,693,298.0,1636.0,322.0,764.0
66,cam_1,0,695,498.0,1220.0,318.0,638.0
66,cam_1,0,696,448.0,486.0,158.0,472.0
66,cam_1,0,700,2008.0,1140.0,284.0,588.0
66,cam_1,0,706,932.0,246.0,122.0,350.0
66,cam_1,0,698,1202.0,438.0,104.0,388.0
66,cam_1,0,702,46.0,410.0,94.0,408.0
66,cam_1,0,697,1990.0,810.0,190.0,286.0
67,cam_1,0,693,260.0,1632.0,336.0,764.0
67,cam_1,0,695,480.0,1212.0,286.0,652.0
67,cam_1,0,696,432.0,488.0,154.0,448.0
67,cam_1,0,700,1980.0,1122.0,260.0,562.0
67,cam_1,0,706,926.0,244.0,130.0,352.0
67,cam_1,0,698,1196.0,434.0,104.0,394.0
67,cam_1,0,702,42.0,402.0,86.0,420.0
67,cam_1,0,697,1978.0,808.0,214.0,278.0
67,cam_1,0,694,482.0,412.0,80.0,372.0
68,cam_1,0,693,196.0,1624.0,310.0,782.0
68,cam_1,0,695,452.0,1200.0,252.0,656.0
68,cam_1,0,696,418.0,488.0,150.0,436.0
68,cam_1,0,700,1938.0,1114.0,222.0,560.0
68,cam_1,0,706,916.0,238.0,146.0,352.0
68,cam_1,0,698,1186.0,428.0,114.0,398.0
68,cam_1,0,702,38.0,394.0,78.0,434.0
68,cam_1,0,697,1962.0,806.0,222.0,256.0
68,cam_1,0,694,480.0,414.0,90.0,376.0
69,cam_1,0,693,162.0,1610.0,324.0,806.0
69,cam_1,0,695,430.0,1182.0,234.0,636.0
69,cam_1,0,696,406.0,490.0,156.0,432.0
69,cam_1,0,700,1902.0,1108.0,206.0,562.0
69,cam_1,0,706,912.0,232.0,156.0,346.0
69,cam_1,0,698,1176.0,418.0,124.0,396.0
69,cam_1,0,702,30.0,384.0,60.0,432.0
69,cam_1,0,694,480.0,410.0,96.0,376.0
70,cam_1,0,693,146.0,1592.0,292.0,822.0
70,cam_1,0,695,414.0,1166.0,224.0,608.0
70,cam_1,0,696,384.0,488.0,148.0,432.0
70,cam_1,0,700,1866.0,1096.0,182.0,578.0
70,cam_1,0,706,906.0,230.0,154.0,336.0
70,cam_1,0,698,1164.0,412.0,138.0,386.0
70,cam_1,0,702,24.0,370.0,50.0,442.0
70,cam_1,0,694,482.0,408.0,110.0,380.0
70,cam_1,0,830,18.0,352.0,38.0,394.0
70,cam_1,0,697,1920.0,784.0,206.0,210.0
71,cam_1,0,693,132.0,1570.0,264.0,836.0
71,cam_1,0,695,400.0,1152.0,222.0,584.0
71,cam_1,0,696,362.0,482.0,136.0,444.0
71,cam_1,0,700,1836.0,1082.0,190.0,596.0
71,cam_1,0,706,898.0,228.0,154.0,332.0
71,cam_1,0,698,1148.0,400.0,140.0,376.0
71,cam_1,0,694,476.0,404.0,108.0,392.0
71,cam_1,0,830,16.0,360.0,34.0,428.0
71,cam_1,0,832,878.0,228.0,108.0,324.0
72,cam_1,0,693,114.0,1580.0,230.0,748.0
72,cam_1,0,695,378.0,1146.0,216.0,576.0
72,cam_1,0,696,342.0,478.0,134.0,448.0
72,cam_1,0,700,1816.0,1066.0,206.0,608.0
72,cam_1,0,698,1132.0,396.0,114.0,372.0
72,cam_1,0,694,474.0,396.0,108.0,392.0
72,cam_1,0,830,18.0,336.0,38.0,384.0
72,cam_1,0,832,868.0,226.0,110.0,326.0
72,cam_1,0,697,1866.0,690.0,160.0,386.0
73,cam_1,0,693,94.0,1574.0,188.0,672.0
73,cam_1,0,695,360.0,1136.0,210.0,578.0
73,cam_1,0,696,324.0,472.0,144.0,454.0
73,cam_1,0,700,1788.0,1048.0,236.0,606.0
73,cam_1,0,698,1120.0,394.0,110.0,370.0
73,cam_1,0,694,472.0,388.0,114.0,400.0
73,cam_1,0,830,18.0,324.0,36.0,350.0
73,cam_1,0,832,854.0,224.0,112.0,328.0
73,cam_1,0,697,1842.0,672.0,146.0,434.0
74,cam_1,0,695,348.0,1124.0,212.0,586.0
74,cam_1,0,696,304.0,466.0,168.0,458.0
74,cam_1,0,700,1760.0,1022.0,272.0,596.0
74,cam_1,0,698,1110.0,394.0,110.0,374.0
74,cam_1,0,694,474.0,384.0,120.0,408.0
74,cam_1,0,830,18.0,316.0,38.0,348.0
74,cam_1,0,832,844.0,224.0,112.0,328.0
74,cam_1,0,697,1826.0,658.0,146.0,464.0
75,cam_1,0,695,346.0,1110.0,222.0,592.0
75,cam_1,0,696,290.0,458.0,182.0,454.0
75,cam_1,0,700,1736.0,998.0,298.0,562.0
75,cam_1,0,698,1102.0,392.0,116.0,378.0
75,cam_1,0,694,472.0,380.0,122.0,410.0
75,cam_1,0,830,20.0,320.0,38.0,338.0
75,cam_1,0,832,832.0,216.0,114.0,330.0
75,cam_1,0,697,1806.0,648.0,150.0,484.0
76,cam_1,0,695,338.0,1096.0,218.0,606.0
76,cam_1,0,696,276.0,450.0,190.0,440.0
76,cam_1,0,700,1684.0,982.0,234.0,540.0
76,cam_1,0,698,1094.0,388.0,116.0,380.0
76,cam_1,0,694,474.0,378.0,120.0,410.0
76,cam_1,0,830,20.0,324.0,40.0,346.0
76,cam_1,0,832,818.0,210.0,124.0,336.0
76,cam_1,0,697,1792.0,632.0,156.0,482.0
77,cam_1,0,695,336.0,1078.0,226.0,598.0
77,cam_1,0,696,266.0,448.0,188.0,430.0
77,cam_1,0,700,1648.0,978.0,202.0,532.0
77,cam_1,0,698,1082.0,382.0,122.0,384.0
77,cam_1,0,694,474.0,380.0,118.0,404.0
77,cam_1,0,830,22.0,328.0,44.0,348.0
77,cam_1,0,832,806.0,206.0,132.0,344.0
77,cam_1,0,697,1772.0,616.0,162.0,468.0
78,cam_1,0,695,322.0,1058.0,238.0,576.0
78,cam_1,0,696,254.0,450.0,192.0,434.0
78,cam_1,0,700,1616.0,974.0,212.0,532.0
78,cam_1,0,698,1064.0,370.0,126.0,378.0
78,cam_1,0,694,472.0,380.0,116.0,402.0
78,cam_1,0,830,20.0,322.0,42.0,346.0
78,cam_1,0,832,796.0,202.0,136.0,344.0
78,cam_1,0,697,1746.0,604.0,174.0,458.0
79,cam_1,0,695,308.0,1038.0,242.0,552.0
79,cam_1,0,696,242.0,444.0,192.0,428.0
79,cam_1,0,700,1598.0,968.0,198.0,540.0
79,cam_1,0,698,1052.0,362.0,134.0,374.0
79,cam_1,0,694,468.0,380.0,112.0,400.0
79,cam_1,0,830,22.0,320.0,46.0,336.0
79,cam_1,0,832,792.0,198.0,134.0,338.0
79,cam_1,0,697,1718.0,594.0,152.0,438.0
80,cam_1,0,695,292.0,1030.0,242.0,534.0
80,cam_1,0,696,228.0,438.0,186.0,428.0
80,cam_1,0,700,1568.0,960.0,206.0,558.0
80,cam_1,0,698,1038.0,354.0,130.0,368.0
80,cam_1,0,694,466.0,374.0,108.0,396.0
80,cam_1,0,830,22.0,316.0,46.0,340.0
80,cam_1,0,832,786.0,198.0,132.0,332.0
80,cam_1,0,697,1700.0,592.0,144.0,424.0
81,cam_1,0,695,274.0,1026.0,246.0,534.0
81,cam_1,0,696,212.0,432.0,184.0,434.0
81,cam_1,0,700,1546.0,948.0,202.0,576.0
81,cam_1,0,698,1026.0,352.0,122.0,368.0
81,cam_1,0,694,460.0,366.0,104.0,388.0
81,cam_1,0,830,22.0,314.0,46.0,340.0
81,cam_1,0,832,782.0,196.0,128.0,332.0
81,cam_1,0,697,1674.0,592.0,124.0,424.0
82,cam_1,0,695,252.0,1022.0,230.0,538.0
82,cam_1,0,696,200.0,426.0,156.0,436.0
82,cam_1,0,700,1524.0,930.0,202.0,586.0
82,cam_1,0,698,1012.0,352.0,118.0,368.0
82,cam_1,0,694,454.0,362.0,106.0,396.0
82,cam_1,0,830,22.0,310.0,46.0,344.0
82,cam_1,0,832,774.0,192.0,122.0,326.0
82,cam_1,0,697,1648.0,592.0,120.0,430.0
83,cam_1,0,695,228.0,1008.0,214.0,552.0
83,cam_1,0,696,184.0,420.0,148.0,436.0
83,cam_1,0,700,1494.0,900.0,214.0,572.0
83,cam_1,0,698,1000.0,350.0,106.0,368.0
83,cam_1,0,694,444.0,348.0,106.0,386.0
83,cam_1,0,830,22.0,302.0,44.0,354.0
83,cam_1,0,832,764.0,190.0,114.0,324.0
83,cam_1,0,697,1626.0,586.0,116.0,442.0
84,cam_1,0,695,214.0,998.0,212.0,564.0
84,cam_1,0,696,180.0,414.0,148.0,436.0
84,cam_1,0,700,1466.0,882.0,238.0,558.0
84,cam_1,0,698,984.0,348.0,102.0,372.0
84,cam_1,0,694,440.0,336.0,116.0,384.0
84,cam_1,0,830,24.0,302.0,48.0,360.0
84,cam_1,0,832,756.0,190.0,102.0,322.0
84,cam_1,0,697,1610.0,574.0,122.0,456.0
85,cam_1,0,695,198.0,986.0,214.0,576.0
85,cam_1,0,696,170.0,406.0,140.0,432.0
85,cam_1,0,700,1438.0,860.0,240.0,530.0
85,cam_1,0,698,970.0,340.0,106.0,378.0
85,cam_1,0,694,432.0,324.0,126.0,382.0
85,cam_1,0,830,24.0,298.0,50.0,354.0
85,cam_1,0,832,746.0,188.0,96.0,322.0
85,cam_1,0,697,1594.0,566.0,128.0,464.0
86,cam_1,0,695,184.0,972.0,210.0,572.0
86,cam_1,0,696,158.0,404.0,144.0,420.0
86,cam_1,0,700,1414.0,850.0,234.0,514.0
86,cam_1,0,698,962.0,330.0,108.0,374.0
86,cam_1,0,694,426.0,314.0,140.0,372.0
86,cam_1,0,830,26.0,294.0,54.0,348.0
86,cam_1,0,832,740.0,182.0,98.0,326.0
86,cam_1,0,697,1582.0,550.0,142.0,454.0
87,cam_1,0,695,170.0,954.0,210.0,562.0
87,cam_1,0,696,152.0,398.0,134.0,404.0
87,cam_1,0,700,1386.0,852.0,206.0,510.0
87,cam_1,0,698,946.0,320.0,122.0,370.0
87,cam_1,0,694,412.0,306.0,158.0,360.0
87,cam_1,0,830,28.0,290.0,56.0,334.0
87,cam_1,0,832,734.0,178.0,106.0,326.0
87,cam_1,0,697,1558.0,534.0,174.0,444.0
88,cam_1,0,695,154.0,938.0,206.0,536.0
88,cam_1,0,696,138.0,396.0,134.0,402.0
88,cam_1,0,700,1356.0,852.0,186.0,508.0
88,cam_1,0,698,936.0,310.0,134.0,364.0
88,cam_1,0,694,408.0,302.0,154.0,356.0
88,cam_1,0,830,28.0,286.0,58.0,322.0
88,cam_1,0,832,726.0,174.0,112.0,330.0
88,cam_1,0,697,1540.0,528.0,190.0,434.0
89,cam_1,0,695,134.0,926.0,190.0,510.0
89,cam_1,0,696,130.0,390.0,126.0,406.0
89,cam_1,0,700,1326.0,848.0,170.0,516.0
89,cam_1,0,698,924.0,306.0,146.0,352.0
89,cam_1,0,694,396.0,302.0,150.0,354.0
89,cam_1,0,830,30.0,290.0,60.0,328.0
89,cam_1,0,832,716.0,174.0,116.0,330.0
89,cam_1,0,697,1524.0,524.0,198.0,424.0
90,cam_1,0,695,114.0,922.0,176.0,504.0
90,cam_1,0,696,120.0,386.0,120.0,406.0
90,cam_1,0,700,1300.0,842.0,162.0,528.0
90,cam_1,0,698,912.0,302.0,140.0,350.0
90,cam_1,0,694,380.0,302.0,142.0,348.0
90,cam_1,0,830,34.0,292.0,68.0,330.0
90,cam_1,0,832,706.0,170.0,110.0,322.0
90,cam_1,0,697,1514.0,516.0,194.0,414.0
91,cam_1,0,695,92.0,920.0,162.0,506.0
91,cam_1,0,696,106.0,384.0,120.0,406.0
91,cam_1,0,700,1282.0,828.0,172.0,548.0
91,cam_1,0,698,892.0,302.0,116.0,346.0
91,cam_1,0,694,364.0,298.0,136.0,352.0
91,cam_1,0,830,38.0,292.0,74.0,326.0
91,cam_1,0,832,696.0,164.0,106.0,312.0
91,cam_1,0,697,1494.0,514.0,174.0,406.0
92,cam_1,0,695,78.0,914.0,154.0,516.0
92,cam_1,0,696,94.0,380.0,126.0,418.0
92,cam_1,0,700,1258.0,810.0,180.0,556.0
92,cam_1,0,698,878.0,302.0,110.0,348.0
92,cam_1,0,694,350.0,296.0,122.0,358.0
92,cam_1,0,830,40.0,290.0,78.0,320.0
92,cam_1,0,832,688.0,160.0,106.0,312.0
92,cam_1,0,697,1478.0,514.0,160.0,404.0
93,cam_1,0,695,72.0,900.0,144.0,532.0
93,cam_1,0,696,88.0,374.0,138.0,420.0
93,cam_1,0,700,1238.0,788.0,200.0,548.0
93,cam_1,0,698,864.0,300.0,110.0,348.0
93,cam_1,0,694,336.0,292.0,108.0,364.0
93,cam_1,0,830,38.0,298.0,78.0,334.0
93,cam_1,0,832,676.0,162.0,104.0,310.0
93,cam_1,0,697,1458.0,508.0,142.0,408.0
94,cam_1,0,695,70.0,890.0,142.0,540.0
94,cam_1,0,696,80.0,368.0,146.0,416.0
94,cam_1,0,700,1218.0,764.0,224.0,520.0
94,cam_1,0,698,856.0,296.0,116.0,356.0
94,cam_1,0,694,324.0,286.0,102.0,358.0
94,cam_1,0,830,38.0,284.0,76.0,308.0
94,cam_1,0,832,664.0,160.0,106.0,312.0
94,cam_1,0,697,1446.0,500.0,138.0,416.0
95,cam_1,0,695,68.0,878.0,138.0,538.0
95,cam_1,0,696,72.0,358.0,146.0,422.0
95,cam_1,0,700,1198.0,748.0,230.0,488.0
95,cam_1,0,698,846.0,290.0,106.0,362.0
95,cam_1,0,694,310.0,280.0,104.0,362.0
95,cam_1,0,832,652.0,156.0,106.0,312.0
95,cam_1,0,697,1430.0,494.0,134.0,426.0
96,cam_1,0,695,64.0,860.0,130.0,530.0
96,cam_1,0,696,72.0,354.0,144.0,424.0
96,cam_1,0,700,1178.0,744.0,226.0,480.0
96,cam_1,0,698,836.0,282.0,108.0,366.0
96,cam_1,0,694,300.0,274.0,106.0,356.0
96,cam_1,0,832,642.0,154.0,108.0,310.0
96,cam_1,0,697,1414.0,486.0,136.0,422.0
97,cam_1,0,695,60.0,852.0,120.0,514.0
97,cam_1,0,696,66.0,360.0,134.0,402.0
97,cam_1,0,700,1148.0,742.0,204.0,474.0
97,cam_1,0,698,824.0,274.0,110.0,360.0
97,cam_1,0,694,292.0,274.0,106.0,350.0
97,cam_1,0,832,632.0,152.0,112.0,306.0
97,cam_1,0,697,1394.0,476.0,144.0,424.0
98,cam_1,0,695,48.0,854.0,96.0,426.0
98,cam_1,0,696,60.0,362.0,122.0,386.0
98,cam_1,0,700,1122.0,740.0,182.0,476.0
98,cam_1,0,698,812.0,268.0,122.0,354.0
98,cam_1,0,694,280.0,272.0,106.0,344.0
98,cam_1,0,832,622.0,150.0,120.0,302.0
98,cam_1,0,697,1368.0,466.0,158.0,416.0
98,cam_1,0,854,48.0,168.0,98.0,142.0
99,cam_1,0,695,34.0,850.0,70.0,374.0
99,cam_1,0,696,54.0,354.0,110.0,400.0
99,cam_1,0,700,1106.0,732.0,160.0,486.0
99,cam_1,0,698,798.0,264.0,124.0,346.0
99,cam_1,0,694,262.0,264.0,112.0,342.0
99,cam_1,0,832,614.0,148.0,120.0,298.0
99,cam_1,0,697,1350.0,462.0,172.0,408.0
99,cam_1,0,854,46.0,162.0,92.0,138.0
100,cam_1,0,695,24.0,852.0,48.0,352.0
100,cam_1,0,696,48.0,336.0,98.0,426.0
100,cam_1,0,700,1094.0,720.0,146.0,506.0
100,cam_1,0,698,786.0,264.0,120.0,342.0
100,cam_1,0,694,246.0,258.0,116.0,354.0
100,cam_1,0,832,608.0,146.0,122.0,294.0
100,cam_1,0,697,1334.0,458.0,168.0,392.0
101,cam_1,0,696,48.0,334.0,96.0,424.0
101,cam_1,0,700,1076.0,706.0,146.0,524.0
101,cam_1,0,698,770.0,264.0,124.0,342.0
101,cam_1,0,694,232.0,256.0,126.0,360.0
101,cam_1,0,832,604.0,144.0,118.0,290.0
101,cam_1,0,697,1316.0,454.0,144.0,386.0
102,cam_1,0,696,56.0,332.0,112.0,420.0
102,cam_1,0,700,1056.0,690.0,148.0,514.0
102,cam_1,0,698,756.0,262.0,114.0,342.0
102,cam_1,0,694,224.0,246.0,130.0,352.0
102,cam_1,0,832,596.0,142.0,116.0,286.0
102,cam_1,0,697,1304.0,452.0,128.0,382.0
103,cam_1,0,696,46.0,328.0,94.0,414.0
103,cam_1,0,700,1030.0,676.0,158.0,502.0
103,cam_1,0,698,744.0,258.0,106.0,342.0
103,cam_1,0,694,222.0,234.0,132.0,346.0
103,cam_1,0,832,588.0,142.0,112.0,286.0
103,cam_1,0,697,1290.0,448.0,120.0,380.0
104,cam_1,0,696,38.0,344.0,78.0,362.0
104,cam_1,0,700,1006.0,656.0,168.0,478.0
104,cam_1,0,698,734.0,256.0,98.0,346.0
104,cam_1,0,694,214.0,228.0,130.0,336.0
104,cam_1,0,832,576.0,140.0,104.0,282.0
104,cam_1,0,697,1272.0,442.0,114.0,392.0
104,cam_1,0,830,52.0,298.0,106.0,354.0
105,cam_1,0,696,36.0,330.0,74.0,370.0
105,cam_1,0,700,986.0,642.0,170.0,458.0
105,cam_1,0,698,722.0,250.0,102.0,350.0
105,cam_1,0,694,200.0,228.0,134.0,328.0
105,cam_1,0,832,566.0,142.0,108.0,286.0
105,cam_1,0,697,1256.0,436.0,108.0,396.0
105,cam_1,0,865,540.0,144.0,160.0,288.0
105,cam_1,0,830,58.0,296.0,116.0,374.0
106,cam_1,0,696,36.0,324.0,72.0,376.0
106,cam_1,0,700,966.0,640.0,176.0,454.0
106,cam_1,0,698,704.0,244.0,124.0,352.0
106,cam_1,0,694,194.0,230.0,122.0,322.0
106,cam_1,0,832,564.0,142.0,100.0,282.0
106,cam_1,0,697,1242.0,428.0,112.0,400.0
106,cam_1,0,865,540.0,144.0,146.0,288.0
106,cam_1,0,830,56.0,298.0,112.0,376.0
107,cam_1,0,696,26.0,322.0,54.0,378.0
107,cam_1,0,700,940.0,638.0,164.0,456.0
107,cam_1,0,698,690.0,240.0,132.0,348.0
107,cam_1,0,694,188.0,230.0,118.0,316.0
107,cam_1,0,832,556.0,142.0,94.0,272.0
107,cam_1,0,697,1230.0,420.0,116.0,400.0
107,cam_1,0,865,538.0,142.0,132.0,284.0
107,cam_1,0,830,56.0,290.0,102.0,360.0
108,cam_1,0,700,920.0,636.0,148.0,456.0
108,cam_1,0,698,686.0,238.0,132.0,342.0
108,cam_1,0,694,182.0,230.0,108.0,316.0
108,cam_1,0,697,1218.0,410.0,136.0,394.0
108,cam_1,0,865,536.0,142.0,124.0,280.0
108,cam_1,0,830,58.0,276.0,104.0,338.0
109,cam_1,0,700,902.0,630.0,144.0,462.0
109,cam_1,0,698,682.0,238.0,124.0,334.0
109,cam_1,0,694,172.0,228.0,102.0,316.0
109,cam_1,0,697,1204.0,400.0,152.0,380.0
109,cam_1,0,865,530.0,140.0,128.0,276.0
109,cam_1,0,830,60.0,270.0,98.0,326.0
109,cam_1,0,696,22.0,290.0,44.0,332.0
110,cam_1,0,700,888.0,620.0,138.0,476.0
110,cam_1,0,698,670.0,234.0,112.0,324.0
110,cam_1,0,694,162.0,222.0,112.0,326.0
110,cam_1,0,697,1192.0,398.0,166.0,372.0
110,cam_1,0,865,520.0,138.0,128.0,270.0
110,cam_1,0,830,62.0,274.0,100.0,336.0
110,cam_1,0,696,22.0,292.0,44.0,344.0
111,cam_1,0,700,878.0,614.0,132.0,484.0
111,cam_1,0,698,664.0,232.0,110.0,326.0
111,cam_1,0,694,154.0,222.0,118.0,340.0
111,cam_1,0,697,1176.0,398.0,148.0,368.0
111,cam_1,0,865,512.0,134.0,130.0,260.0
111,cam_1,0,830,62.0,276.0,108.0,344.0
111,cam_1,0,696,22.0,300.0,44.0,370.0
112,cam_1,0,700,862.0,598.0,148.0,482.0
112,cam_1,0,698,654.0,230.0,110.0,330.0
112,cam_1,0,694,152.0,216.0,114.0,340.0
112,cam_1,0,697,1158.0,398.0,128.0,368.0
112,cam_1,0,865,506.0,130.0,112.0,254.0
112,cam_1,0,830,62.0,264.0,108.0,342.0
113,cam_1,0,700,846.0,578.0,168.0,466.0
113,cam_1,0,698,642.0,226.0,110.0,334.0
113,cam_1,0,694,144.0,212.0,110.0,338.0
113,cam_1,0,697,1144.0,396.0,122.0,374.0
113,cam_1,0,865,498.0,128.0,106.0,248.0
113,cam_1,0,830,64.0,262.0,114.0,348.0
114,cam_1,0,700,836.0,562.0,174.0,440.0
114,cam_1,0,698,638.0,220.0,106.0,340.0
114,cam_1,0,694,140.0,182.0,98.0,282.0
114,cam_1,0,697,1128.0,390.0,132.0,378.0
114,cam_1,0,865,490.0,128.0,104.0,254.0
114,cam_1,0,830,66.0,258.0,122.0,350.0
115,cam_1,0,700,822.0,554.0,166.0,428.0
115,cam_1,0,698,632.0,216.0,106.0,340.0
115,cam_1,0,694,132.0,206.0,96.0,326.0
115,cam_1,0,697,1120.0,386.0,122.0,382.0
115,cam_1,0,865,478.0,128.0,98.0,256.0
115,cam_1,0,830,70.0,252.0,132.0,342.0
115,cam_1,0,875,136.0,144.0,86.0,192.0
116,cam_1,0,700,808.0,552.0,162.0,426.0
116,cam_1,0,698,620.0,214.0,110.0,340.0
116,cam_1,0,697,1110.0,382.0,122.0,386.0
116,cam_1,0,865,468.0,128.0,98.0,254.0
116,cam_1,0,830,72.0,250.0,138.0,342.0
116,cam_1,0,875,130.0,140.0,78.0,184.0
117,cam_1,0,700,788.0,554.0,144.0,424.0
117,cam_1,0,698,610.0,212.0,110.0,334.0
117,cam_1,0,697,1098.0,376.0,124.0,384.0
117,cam_1,0,865,460.0,126.0,100.0,252.0
117,cam_1,0,830,72.0,246.0,138.0,344.0
118,cam_1,0,700,766.0,550.0,152.0,428.0
118,cam_1,0,698,598.0,208.0,106.0,324.0
118,cam_1,0,697,1082.0,368.0,130.0,380.0
118,cam_1,0,865,446.0,126.0,106.0,248.0
118,cam_1,0,830,68.0,252.0,134.0,330.0
119,cam_1,0,700,754.0,544.0,148.0,434.0
119,cam_1,0,698,590.0,206.0,104.0,320.0
119,cam_1,0,697,1066.0,362.0,140.0,372.0
119,cam_1,0,865,436.0,122.0,120.0,240.0
119,cam_1,0,830,66.0,252.0,130.0,332.0
120,cam_1,0,700,744.0,538.0,142.0,442.0
120,cam_1,0,698,580.0,204.0,94.0,316.0
120,cam_1,0,697,1050.0,358.0,146.0,364.0
120,cam_1,0,865,428.0,122.0,124.0,238.0
120,cam_1,0,830,64.0,250.0,128.0,336.0
121,cam_1,0,700,730.0,526.0,138.0,448.0
121,cam_1,0,698,568.0,202.0,92.0,320.0
121,cam_1,0,697,1040.0,358.0,136.0,358.0
121,cam_1,0,865,424.0,120.0,124.0,240.0
121,cam_1,0,830,60.0,244.0,120.0,350.0
122,cam_1,0,700,718.0,514.0,136.0,442.0
122,cam_1,0,698,560.0,198.0,88.0,320.0
122,cam_1,0,697,1024.0,358.0,120.0,354.0
122,cam_1,0,865,420.0,120.0,122.0,234.0
122,cam_1,0,830,58.0,238.0,114.0,362.0
123,cam_1,0,700,700.0,498.0,142.0,422.0
123,cam_1,0,698,552.0,194.0,90.0,320.0
123,cam_1,0,697,1008.0,356.0,112.0,358.0
123,cam_1,0,865,414.0,120.0,114.0,230.0
123,cam_1,0,830,54.0,232.0,110.0,368.0
124,cam_1,0,700,684.0,486.0,144.0,406.0
124,cam_1,0,698,540.0,194.0,100.0,322.0
124,cam_1,0,697,996.0,354.0,110.0,364.0
124,cam_1,0,865,402.0,122.0,102.0,224.0
124,cam_1,0,830,54.0,230.0,108.0,376.0
125,cam_1,0,700,674.0,484.0,146.0,402.0
125,cam_1,0,698,532.0,190.0,108.0,320.0
125,cam_1,0,697,982.0,350.0,104.0,370.0
125,cam_1,0,865,390.0,122.0,88.0,222.0
125,cam_1,0,830,52.0,224.0,104.0,386.0
126,cam_1,0,700,662.0,484.0,158.0,398.0
126,cam_1,0,698,522.0,186.0,110.0,318.0
126,cam_1,0,697,972.0,342.0,104.0,378.0
126,cam_1,0,865,376.0,122.0,78.0,226.0
126,cam_1,0,830,50.0,222.0,102.0,390.0
127,cam_1,0,700,636.0,484.0,144.0,402.0
127,cam_1,0,698,516.0,188.0,108.0,316.0
127,cam_1,0,697,962.0,334.0,108.0,378.0
127,cam_1,0,865,368.0,118.0,82.0,224.0
127,cam_1,0,830,48.0,220.0,96.0,394.0
128,cam_1,0,700,618.0,478.0,142.0,404.0
128,cam_1,0,698,510.0,188.0,104.0,316.0
128,cam_1,0,697,952.0,326.0,120.0,374.0
128,cam_1,0,865,358.0,114.0,84.0,220.0
128,cam_1,0,830,46.0,218.0,92.0,396.0
129,cam_1,0,700,602.0,470.0,134.0,412.0
129,cam_1,0,698,502.0,186.0,100.0,316.0
129,cam_1,0,697,940.0,318.0,134.0,372.0
129,cam_1,0,865,348.0,112.0,98.0,214.0
129,cam_1,0,830,44.0,224.0,90.0,384.0
130,cam_1,0,700,584.0,462.0,140.0,418.0
130,cam_1,0,698,496.0,184.0,100.0,314.0
130,cam_1,0,697,928.0,312.0,146.0,360.0
130,cam_1,0,865,336.0,110.0,106.0,212.0
130,cam_1,0,830,44.0,232.0,88.0,370.0
131,cam_1,0,700,564.0,450.0,166.0,416.0
131,cam_1,0,698,492.0,168.0,102.0,290.0
131,cam_1,0,697,918.0,310.0,152.0,348.0
131,cam_1,0,865,324.0,106.0,114.0,212.0
131,cam_1,0,830,42.0,238.0,84.0,354.0
132,cam_1,0,700,550.0,436.0,172.0,402.0
132,cam_1,0,698,488.0,160.0,106.0,280.0
132,cam_1,0,697,904.0,308.0,142.0,342.0
132,cam_1,0,865,312.0,106.0,118.0,208.0
132,cam_1,0,830,42.0,246.0,84.0,336.0
133,cam_1,0,700,536.0,424.0,168.0,386.0
133,cam_1,0,698,482.0,148.0,108.0,262.0
133,cam_1,0,697,890.0,310.0,130.0,344.0
133,cam_1,0,865,306.0,104.0,108.0,206.0
133,cam_1,0,830,40.0,250.0,82.0,330.0
134,cam_1,0,700,526.0,420.0,168.0,384.0
134,cam_1,0,698,482.0,138.0,106.0,246.0
134,cam_1,0,697,876.0,310.0,122.0,342.0
134,cam_1,0,865,294.0,104.0,108.0,204.0
134,cam_1,0,830,42.0,252.0,84.0,326.0
135,cam_1,0,700,512.0,416.0,164.0,380.0
135,cam_1,0,698,482.0,132.0,102.0,242.0
135,cam_1,0,697,860.0,308.0,120.0,340.0
135,cam_1,0,865,286.0,102.0,102.0,204.0
135,cam_1,0,830,40.0,254.0,80.0,324.0
136,cam_1,0,700,494.0,416.0,162.0,380.0
136,cam_1,0,698,476.0,132.0,100.0,244.0
136,cam_1,0,697,854.0,304.0,112.0,350.0
136,cam_1,0,865,276.0,100.0,94.0,202.0
136,cam_1,0,830,40.0,250.0,80.0,332.0
137,cam_1,0,700,468.0,412.0,148.0,386.0
137,cam_1,0,698,470.0,130.0,98.0,238.0
137,cam_1,0,697,844.0,296.0,110.0,362.0
137,cam_1,0,865,268.0,100.0,94.0,200.0
137,cam_1,0,830,40.0,252.0,82.0,328.0
138,cam_1,0,700,450.0,408.0,128.0,392.0
138,cam_1,0,698,462.0,136.0,90.0,250.0
138,cam_1,0,697,834.0,288.0,112.0,360.0
138,cam_1,0,865,260.0,98.0,96.0,194.0
138,cam_1,0,830,42.0,254.0,82.0,324.0
139,cam_1,0,700,432.0,402.0,148.0,392.0
139,cam_1,0,698,452.0,136.0,84.0,252.0
139,cam_1,0,697,820.0,284.0,122.0,356.0
139,cam_1,0,865,252.0,98.0,102.0,188.0
139,cam_1,0,830,42.0,252.0,84.0,324.0
140,cam_1,0,700,430.0,332.0,128.0,522.0
140,cam_1,0,698,444.0,128.0,76.0,244.0
140,cam_1,0,697,804.0,280.0,130.0,342.0
140,cam_1,0,865,240.0,98.0,118.0,190.0
140,cam_1,0,830,42.0,248.0,84.0,320.0
141,cam_1,0,700,408.0,354.0,140.0,436.0
141,cam_1,0,698,436.0,128.0,82.0,248.0
141,cam_1,0,697,792.0,278.0,130.0,346.0
141,cam_1,0,865,228.0,98.0,128.0,190.0
141,cam_1,0,830,42.0,248.0,84.0,316.0
142,cam_1,0,700,380.0,366.0,174.0,396.0
142,cam_1,0,698,428.0,146.0,84.0,288.0
142,cam_1,0,697,782.0,278.0,126.0,342.0
142,cam_1,0,865,222.0,98.0,136.0,192.0
142,cam_1,0,830,42.0,244.0,86.0,318.0
143,cam_1,0,700,372.0,368.0,170.0,380.0
143,cam_1,0,698,420.0,152.0,90.0,306.0
143,cam_1,0,697,770.0,278.0,122.0,336.0
143,cam_1,0,865,212.0,98.0,134.0,192.0
143,cam_1,0,830,46.0,238.0,92.0,318.0
144,cam_1,0,700,362.0,368.0,156.0,372.0
144,cam_1,0,698,414.0,156.0,92.0,314.0
144,cam_1,0,697,760.0,278.0,110.0,328.0
144,cam_1,0,865,208.0,96.0,122.0,188.0
144,cam_1,0,830,48.0,234.0,96.0,320.0
145,cam_1,0,700,352.0,368.0,134.0,364.0
145,cam_1,0,698,410.0,158.0,90.0,314.0
145,cam_1,0,697,748.0,274.0,102.0,334.0
145,cam_1,0,865,200.0,94.0,112.0,184.0
145,cam_1,0,830,46.0,228.0,94.0,332.0
146,cam_1,0,700,340.0,364.0,118.0,360.0
146,cam_1,0,698,410.0,156.0,86.0,310.0
146,cam_1,0,697,736.0,268.0,100.0,340.0
146,cam_1,0,865,190.0,92.0,102.0,186.0
146,cam_1,0,830,46.0,222.0,90.0,336.0
147,cam_1,0,700,326.0,364.0,122.0,368.0
147,cam_1,0,698,406.0,156.0,90.0,308.0
147,cam_1,0,697,726.0,260.0,98.0,342.0
147,cam_1,0,865,176.0,94.0,84.0,188.0
147,cam_1,0,830,42.0,216.0,84.0,336.0
148,cam_1,0,700,310.0,358.0,116.0,372.0
148,cam_1,0,698,400.0,156.0,94.0,304.0
148,cam_1,0,697,716.0,256.0,98.0,348.0
148,cam_1,0,865,170.0,94.0,82.0,188.0
148,cam_1,0,830,46.0,212.0,94.0,334.0
149,cam_1,0,700,302.0,354.0,118.0,374.0
149,cam_1,0,698,392.0,154.0,92.0,300.0
149,cam_1,0,697,710.0,250.0,102.0,348.0
149,cam_1,0,865,162.0,96.0,82.0,178.0
149,cam_1,0,830,48.0,212.0,96.0,334.0
150,cam_1,0,700,288.0,348.0,138.0,374.0
150,cam_1,0,698,390.0,152.0,88.0,296.0
150,cam_1,0,697,698.0,248.0,116.0,346.0
150,cam_1,0,865,152.0,94.0,78.0,180.0
150,cam_1,0,830,50.0,212.0,102.0,336.0
151,cam_1,0,700,270.0,344.0,154.0,384.0
151,cam_1,0,698,384.0,150.0,86.0,292.0
151,cam_1,0,697,690.0,248.0,120.0,338.0
151,cam_1,0,865,146.0,92.0,82.0,180.0
151,cam_1,0,830,50.0,216.0,98.0,324.0
152,cam_1,0,700,254.0,342.0,164.0,382.0
152,cam_1,0,698,380.0,150.0,86.0,294.0
152,cam_1,0,697,688.0,248.0,124.0,332.0
152,cam_1,0,865,140.0,92.0,94.0,180.0
152,cam_1,0,830,46.0,234.0,92.0,278.0
153,cam_1,0,700,240.0,342.0,168.0,374.0
153,cam_1,0,698,374.0,148.0,82.0,292.0
153,cam_1,0,697,684.0,246.0,124.0,324.0
153,cam_1,0,865,136.0,92.0,98.0,182.0
153,cam_1,0,830,46.0,248.0,86.0,238.0
154,cam_1,0,700,228.0,338.0,156.0,370.0
154,cam_1,0,698,370.0,148.0,82.0,292.0
154,cam_1,0,697,678.0,246.0,116.0,324.0
154,cam_1,0,865,118.0,94.0,128.0,178.0
154,cam_1,0,830,50.0,238.0,86.0,242.0
155,cam_1,0,700,220.0,336.0,138.0,370.0
155,cam_1,0,698,366.0,146.0,88.0,294.0
155,cam_1,0,697,666.0,238.0,100.0,324.0
155,cam_1,0,865,106.0,94.0,134.0,182.0
155,cam_1,0,830,52.0,232.0,86.0,240.0
156,cam_1,0,700,212.0,334.0,124.0,362.0
156,cam_1,0,698,362.0,148.0,88.0,292.0
156,cam_1,0,697,656.0,232.0,94.0,328.0
156,cam_1,0,865,96.0,94.0,126.0,182.0
156,cam_1,0,830,58.0,234.0,104.0,262.0
156,cam_1,0,884,82.0,224.0,158.0,294.0
157,cam_1,0,700,200.0,330.0,120.0,366.0
157,cam_1,0,698,360.0,148.0,90.0,292.0
157,cam_1,0,697,648.0,228.0,92.0,336.0
157,cam_1,0,830,66.0,234.0,118.0,272.0
157,cam_1,0,884,80.0,200.0,140.0,350.0
158,cam_1,0,700,198.0,324.0,126.0,372.0
158,cam_1,0,698,358.0,146.0,94.0,294.0
158,cam_1,0,697,642.0,222.0,92.0,338.0
158,cam_1,0,830,66.0,232.0,120.0,268.0
158,cam_1,0,884,72.0,190.0,120.0,362.0
159,cam_1,0,700,190.0,318.0,132.0,376.0
159,cam_1,0,698,356.0,146.0,90.0,290.0
159,cam_1,0,697,636.0,216.0,92.0,336.0
159,cam_1,0,830,72.0,234.0,114.0,262.0
159,cam_1,0,884,76.0,184.0,102.0,368.0
159,cam_1,0,886,80.0,140.0,92.0,280.0
160,cam_1,0,700,180.0,308.0,134.0,370.0
160,cam_1,0,698,354.0,146.0,88.0,288.0
160,cam_1,0,697,626.0,212.0,102.0,334.0
160,cam_1,0,884,74.0,184.0,98.0,368.0
161,cam_1,0,700,170.0,300.0,132.0,366.0
161,cam_1,0,698,352.0,144.0,84.0,288.0
161,cam_1,0,697,618.0,212.0,102.0,328.0
161,cam_1,0,884,76.0,180.0,102.0,362.0
161,cam_1,0,830,70.0,220.0,94.0,278.0
162,cam_1,0,700,160.0,298.0,130.0,364.0
162,cam_1,0,698,352.0,144.0,82.0,288.0
162,cam_1,0,697,612.0,216.0,100.0,322.0
162,cam_1,0,884,74.0,176.0,106.0,354.0
163,cam_1,0,700,146.0,300.0,150.0,360.0
163,cam_1,0,698,352.0,142.0,84.0,284.0
163,cam_1,0,697,606.0,218.0,96.0,314.0
163,cam_1,0,884,70.0,182.0,104.0,332.0
164,cam_1,0,700,140.0,298.0,148.0,360.0
164,cam_1,0,698,350.0,144.0,84.0,286.0
164,cam_1,0,697,596.0,216.0,90.0,310.0
164,cam_1,0,884,68.0,172.0,120.0,318.0
165,cam_1,0,700,120.0,298.0,130.0,354.0
165,cam_1,0,698,350.0,144.0,84.0,288.0
165,cam_1,0,697,592.0,214.0,90.0,312.0
166,cam_1,0,700,106.0,296.0,118.0,340.0
166,cam_1,0,698,352.0,144.0,84.0,288.0
166,cam_1,0,697,582.0,210.0,88.0,320.0
166,cam_1,0,891,92.0,122.0,88.0,200.0
166,cam_1,0,892,32.0,76.0,66.0,152.0
167,cam_1,0,700,94.0,298.0,110.0,328.0
167,cam_1,0,698,352.0,144.0,86.0,288.0
167,cam_1,0,697,578.0,206.0,82.0,324.0
167,cam_1,0,891,96.0,112.0,80.0,174.0
167,cam_1,0,892,32.0,74.0,66.0,150.0
168,cam_1,0,700,86.0,282.0,118.0,354.0
168,cam_1,0,698,350.0,144.0,86.0,288.0
168,cam_1,0,697,572.0,200.0,82.0,328.0
168,cam_1,0,892,34.0,94.0,68.0,186.0
169,cam_1,0,700,78.0,282.0,126.0,330.0
169,cam_1,0,698,348.0,144.0,84.0,288.0
169,cam_1,0,697,566.0,196.0,80.0,326.0
170,cam_1,0,700,76.0,276.0,128.0,326.0
170,cam_1,0,698,346.0,144.0,82.0,288.0
170,cam_1,0,697,558.0,196.0,82.0,326.0
171,cam_1,0,700,72.0,272.0,130.0,322.0
171,cam_1,0,698,344.0,144.0,80.0,288.0
171,cam_1,0,697,550.0,194.0,84.0,322.0
172,cam_1,0,700,62.0,276.0,124.0,310.0
172,cam_1,0,698,344.0,142.0,80.0,286.0
172,cam_1,0,697,540.0,194.0,92.0,314.0
173,cam_1,0,700,54.0,278.0,108.0,296.0
173,cam_1,0,698,342.0,138.0,84.0,276.0
173,cam_1,0,697,532.0,198.0,98.0,312.0
174,cam_1,0,700,52.0,274.0,106.0,294.0
174,cam_1,0,698,344.0,130.0,86.0,260.0
174,cam_1,0,697,522.0,204.0,106.0,308.0
175,cam_1,0,700,46.0,276.0,94.0,274.0
175,cam_1,0,698,342.0,126.0,92.0,254.0
175,cam_1,0,697,514.0,210.0,114.0,290.0
175,cam_1,0,830,94.0,196.0,92.0,248.0
175,cam_1,0,892,36.0,94.0,72.0,184.0
176,cam_1,0,700,46.0,270.0,94.0,256.0
176,cam_1,0,698,340.0,128.0,94.0,256.0
176,cam_1,0,697,506.0,218.0,112.0,280.0
176,cam_1,0,896,64.0,254.0,126.0,262.0
176,cam_1,0,830,90.0,198.0,98.0,266.0
176,cam_1,0,892,36.0,92.0,72.0,180.0
177,cam_1,0,700,40.0,272.0,80.0,242.0
177,cam_1,0,698,338.0,126.0,100.0,254.0
177,cam_1,0,697,500.0,224.0,118.0,274.0
177,cam_1,0,830,88.0,200.0,96.0,262.0
178,cam_1,0,700,34.0,276.0,70.0,234.0
178,cam_1,0,698,336.0,126.0,106.0,252.0
178,cam_1,0,697,496.0,226.0,118.0,274.0
178,cam_1,0,830,92.0,186.0,92.0,282.0
178,cam_1,0,892,36.0,96.0,68.0,182.0
179,cam_1,0,700,32.0,286.0,66.0,212.0
179,cam_1,0,698,334.0,124.0,108.0,248.0
179,cam_1,0,697,492.0,228.0,110.0,276.0
179,cam_1,0,830,96.0,178.0,92.0,282.0
179,cam_1,0,892,40.0,98.0,76.0,192.0
180,cam_1,0,698,330.0,124.0,106.0,248.0
180,cam_1,0,697,490.0,224.0,106.0,282.0
180,cam_1,0,830,96.0,186.0,92.0,288.0
180,cam_1,0,892,42.0,108.0,82.0,212.0
180,cam_1,0,886,42.0,190.0,86.0,382.0
180,cam_1,0,896,36.0,234.0,72.0,320.0
181,cam_1,0,698,328.0,122.0,100.0,244.0
181,cam_1,0,697,486.0,224.0,102.0,290.0
181,cam_1,0,830,92.0,190.0,98.0,288.0
181,cam_1,0,892,44.0,106.0,80.0,208.0
181,cam_1,0,886,44.0,190.0,90.0,382.0
182,cam_1,0,698,326.0,122.0,92.0,246.0
182,cam_1,0,697,484.0,222.0,96.0,298.0
182,cam_1,0,830,88.0,194.0,106.0,286.0
182,cam_1,0,892,46.0,100.0,78.0,200.0
183,cam_1,0,698,322.0,122.0,88.0,246.0
183,cam_1,0,697,478.0,216.0,90.0,304.0
183,cam_1,0,830,84.0,198.0,112.0,284.0
183,cam_1,0,892,48.0,100.0,78.0,198.0
183,cam_1,0,884,56.0,120.0,96.0,240.0
184,cam_1,0,698,320.0,122.0,84.0,244.0
184,cam_1,0,697,472.0,208.0,92.0,308.0
184,cam_1,0,830,82.0,200.0,112.0,282.0
184,cam_1,0,884,58.0,146.0,100.0,292.0
185,cam_1,0,698,318.0,122.0,84.0,244.0
185,cam_1,0,697,466.0,204.0,92.0,318.0
185,cam_1,0,830,80.0,198.0,112.0,284.0
185,cam_1,0,884,56.0,130.0,94.0,260.0
185,cam_1,0,892,46.0,90.0,74.0,178.0
186,cam_1,0,698,316.0,120.0,82.0,242.0
186,cam_1,0,697,460.0,202.0,88.0,324.0
186,cam_1,0,830,74.0,182.0,116.0,322.0
187,cam_1,0,698,314.0,120.0,80.0,240.0
187,cam_1,0,697,454.0,200.0,90.0,330.0
187,cam_1,0,830,70.0,176.0,112.0,340.0
188,cam_1,0,698,312.0,122.0,82.0,242.0
188,cam_1,0,697,448.0,202.0,88.0,332.0
188,cam_1,0,830,70.0,186.0,110.0,324.0
189,cam_1,0,698,310.0,120.0,82.0,242.0
189,cam_1,0,697,440.0,204.0,90.0,338.0
189,cam_1,0,830,68.0,180.0,110.0,336.0
190,cam_1,0,698,308.0,122.0,82.0,244.0
190,cam_1,0,697,428.0,210.0,96.0,340.0
190,cam_1,0,830,66.0,178.0,104.0,336.0
191,cam_1,0,698,304.0,122.0,86.0,242.0
191,cam_1,0,697,416.0,216.0,106.0,334.0
191,cam_1,0,830,64.0,174.0,104.0,338.0
192,cam_1,0,698,302.0,122.0,90.0,242.0
192,cam_1,0,697,406.0,222.0,120.0,330.0
192,cam_1,0,830,58.0,176.0,102.0,336.0
193,cam_1,0,698,300.0,122.0,94.0,242.0
193,cam_1,0,697,396.0,226.0,134.0,326.0
193,cam_1,0,830,54.0,174.0,100.0,336.0
194,cam_1,0,698,300.0,120.0,90.0,240.0
194,cam_1,0,697,396.0,230.0,138.0,324.0
194,cam_1,0,830,50.0,176.0,98.0,338.0
195,cam_1,0,698,300.0,118.0,92.0,238.0
195,cam_1,0,697,392.0,232.0,148.0,326.0
195,cam_1,0,830,48.0,176.0,96.0,338.0
196,cam_1,0,698,302.0,118.0,86.0,238.0
196,cam_1,0,697,386.0,232.0,152.0,330.0
196,cam_1,0,830,44.0,174.0,90.0,342.0
197,cam_1,0,698,302.0,116.0,80.0,234.0
197,cam_1,0,697,384.0,232.0,150.0,332.0
197,cam_1,0,830,40.0,182.0,80.0,330.0
198,cam_1,0,698,300.0,116.0,78.0,230.0
198,cam_1,0,697,370.0,236.0,142.0,334.0
198,cam_1,0,830,38.0,180.0,78.0,336.0
199,cam_1,0,697,352.0,236.0,132.0,336.0
199,cam_1,0,830,38.0,182.0,76.0,330.0
200,cam_1,0,697,336.0,234.0,124.0,336.0
200,cam_1,0,830,34.0,182.0,70.0,324.0
201,cam_1,0,697,324.0,216.0,128.0,374.0
201,cam_1,0,830,34.0,178.0,68.0,330.0
202,cam_1,0,697,314.0,206.0,122.0,394.0
202,cam_1,0,830,36.0,178.0,72.0,330.0
203,cam_1,0,697,310.0,204.0,112.0,400.0
203,cam_1,0,830,34.0,176.0,70.0,340.0
204,cam_1,0,697,302.0,204.0,110.0,404.0
204,cam_1,0,830,32.0,176.0,64.0,342.0
205,cam_1,0,697,294.0,204.0,120.0,408.0
205,cam_1,0,830,28.0,170.0,58.0,338.0
205,cam_1,0,884,22.0,136.0,44.0,272.0
206,cam_1,0,697,282.0,206.0,144.0,410.0
206,cam_1,0,830,24.0,172.0,48.0,342.0
206,cam_1,0,884,20.0,138.0,40.0,270.0
207,cam_1,0,697,272.0,206.0,166.0,410.0
207,cam_1,0,830,20.0,176.0,42.0,354.0
207,cam_1,0,884,20.0,134.0,40.0,262.0
208,cam_1,0,697,262.0,208.0,184.0,414.0
208,cam_1,0,884,16.0,118.0,34.0,224.0
209,cam_1,0,697,254.0,238.0,192.0,364.0
209,cam_1,0,884,16.0,98.0,32.0,184.0
209,cam_1,0,698,308.0,128.0,82.0,258.0
210,cam_1,0,697,246.0,252.0,192.0,346.0
210,cam_1,0,884,14.0,88.0,30.0,164.0
210,cam_1,0,698,310.0,128.0,84.0,256.0
211,cam_1,0,697,238.0,256.0,178.0,340.0
211,cam_1,0,884,14.0,84.0,30.0,156.0
211,cam_1,0,698,308.0,130.0,88.0,260.0
212,cam_1,0,697,232.0,256.0,166.0,338.0
212,cam_1,0,884,14.0,78.0,30.0,146.0
212,cam_1,0,698,310.0,128.0,88.0,258.0
213,cam_1,0,697,202.0,254.0,114.0,346.0
213,cam_1,0,884,14.0,76.0,30.0,140.0
213,cam_1,0,698,310.0,130.0,90.0,260.0
214,cam_1,0,697,194.0,252.0,114.0,350.0
214,cam_1,0,884,16.0,74.0,32.0,140.0
214,cam_1,0,698,310.0,130.0,92.0,260.0
215,cam_1,0,697,178.0,246.0,106.0,354.0
215,cam_1,0,698,308.0,130.0,90.0,260.0
216,cam_1,0,697,158.0,244.0,118.0,358.0
216,cam_1,0,698,308.0,132.0,90.0,264.0
216,cam_1,0,884,16.0,76.0,32.0,140.0
217,cam_1,0,697,140.0,244.0,144.0,360.0
217,cam_1,0,698,308.0,132.0,88.0,264.0
218,cam_1,0,697,126.0,244.0,138.0,364.0
218,cam_1,0,698,308.0,134.0,86.0,268.0
219,cam_1,0,697,112.0,246.0,138.0,360.0
219,cam_1,0,698,308.0,134.0,86.0,270.0
220,cam_1,0,697,100.0,250.0,148.0,360.0
220,cam_1,0,698,310.0,134.0,86.0,270.0
221,cam_1,0,697,90.0,256.0,168.0,354.0
221,cam_1,0,698,310.0,134.0,84.0,270.0
222,cam_1,0,697,82.0,262.0,164.0,344.0
222,cam_1,0,698,308.0,136.0,82.0,272.0
223,cam_1,0,697,78.0,266.0,158.0,334.0
223,cam_1,0,698,308.0,138.0,82.0,278.0
224,cam_1,0,697,70.0,268.0,142.0,328.0
224,cam_1,0,698,306.0,140.0,82.0,280.0
225,cam_1,0,697,62.0,272.0,126.0,326.0
225,cam_1,0,698,306.0,142.0,84.0,284.0
226,cam_1,0,697,52.0,268.0,106.0,330.0
226,cam_1,0,698,306.0,142.0,84.0,284.0
227,cam_1,0,697,48.0,266.0,96.0,332.0
227,cam_1,0,698,304.0,140.0,84.0,282.0
228,cam_1,0,697,46.0,264.0,94.0,328.0
228,cam_1,0,698,306.0,142.0,82.0,284.0
229,cam_1,0,697,46.0,266.0,92.0,324.0
229,cam_1,0,698,306.0,142.0,82.0,284.0
230,cam_1,0,697,44.0,270.0,90.0,316.0
230,cam_1,0,698,306.0,142.0,82.0,282.0
231,cam_1,0,697,52.0,272.0,104.0,304.0
231,cam_1,0,698,306.0,142.0,82.0,284.0
232,cam_1,0,697,58.0,274.0,116.0,304.0
232,cam_1,0,698,306.0,142.0,82.0,284.0
233,cam_1,0,697,62.0,280.0,124.0,298.0
233,cam_1,0,698,308.0,144.0,86.0,284.0
234,cam_1,0,697,64.0,254.0,128.0,348.0
234,cam_1,0,698,308.0,146.0,84.0,286.0
235,cam_1,0,697,62.0,244.0,126.0,368.0
235,cam_1,0,698,306.0,146.0,84.0,286.0
236,cam_1,0,697,58.0,236.0,116.0,384.0
236,cam_1,0,698,306.0,148.0,86.0,284.0
236,cam_1,0,900,56.0,322.0,112.0,214.0
237,cam_1,0,697,52.0,232.0,104.0,396.0
237,cam_1,0,698,306.0,148.0,86.0,282.0
237,cam_1,0,900,50.0,334.0,102.0,194.0
238,cam_1,0,697,46.0,226.0,94.0,398.0
238,cam_1,0,698,306.0,150.0,84.0,280.0
238,cam_1,0,900,44.0,344.0,88.0,168.0
239,cam_1,0,698,306.0,148.0,88.0,280.0
240,cam_1,0,698,306.0,148.0,90.0,282.0
241,cam_1,0,698,308.0,150.0,86.0,280.0
242,cam_1,0,698,308.0,150.0,88.0,280.0
243,cam_1,0,698,310.0,152.0,88.0,278.0
244,cam_1,0,698,308.0,150.0,88.0,280.0
245,cam_1,0,698,308.0,152.0,88.0,280.0
246,cam_1,0,698,306.0,150.0,92.0,284.0
247,cam_1,0,698,304.0,148.0,96.0,284.0
248,cam_1,0,698,302.0,148.0,100.0,286.0
249,cam_1,0,698,304.0,148.0,96.0,284.0
250,cam_1,0,698,304.0,148.0,92.0,284.0
251,cam_1,0,698,304.0,148.0,90.0,286.0
252,cam_1,0,698,308.0,148.0,86.0,278.0
253,cam_1,0,698,310.0,146.0,82.0,276.0
254,cam_1,0,698,312.0,146.0,80.0,268.0
255,cam_1,0,698,312.0,142.0,74.0,270.0
256,cam_1,0,698,312.0,140.0,76.0,274.0
257,cam_1,0,698,310.0,134.0,74.0,264.0
258,cam_1,0,698,310.0,126.0,74.0,252.0
259,cam_1,0,698,310.0,132.0,82.0,266.0
260,cam_1,0,698,310.0,130.0,82.0,258.0
261,cam_1,0,698,310.0,128.0,80.0,252.0
262,cam_1,0,698,310.0,142.0,90.0,270.0
263,cam_1,0,698,308.0,132.0,86.0,256.0
264,cam_1,0,698,302.0,126.0,86.0,228.0
265,cam_1,0,698,298.0,120.0,88.0,232.0
266,cam_1,0,698,298.0,124.0,100.0,244.0
267,cam_1,0,698,298.0,126.0,106.0,250.0
268,cam_1,0,698,294.0,124.0,112.0,248.0
269,cam_1,0,698,292.0,122.0,114.0,244.0
270,cam_1,0,698,288.0,118.0,112.0,238.0
271,cam_1,0,698,286.0,116.0,108.0,232.0
272,cam_1,0,698,278.0,110.0,104.0,222.0
273,cam_1,0,698,272.0,108.0,98.0,214.0
274,cam_1,0,698,266.0,108.0,92.0,214.0
275,cam_1,0,698,266.0,106.0,86.0,210.0
276,cam_1,0,698,264.0,104.0,90.0,208.0
277,cam_1,0,698,262.0,104.0,90.0,208.0
278,cam_1,0,698,260.0,104.0,94.0,208.0
279,cam_1,0,698,256.0,104.0,96.0,206.0
280,cam_1,0,698,250.0,104.0,96.0,202.0
281,cam_1,0,698,242.0,100.0,84.0,198.0
282,cam_1,0,698,238.0,100.0,82.0,196.0
283,cam_1,0,698,234.0,100.0,82.0,198.0
284,cam_1,0,698,230.0,102.0,76.0,198.0
285,cam_1,0,698,226.0,100.0,74.0,196.0
286,cam_1,0,698,224.0,102.0,70.0,196.0
287,cam_1,0,698,224.0,102.0,72.0,196.0
288,cam_1,0,698,222.0,102.0,72.0,196.0
289,cam_1,0,698,220.0,102.0,68.0,196.0
290,cam_1,0,698,220.0,100.0,64.0,198.0
291,cam_1,0,698,218.0,100.0,62.0,196.0
292,cam_1,0,698,218.0,100.0,62.0,196.0
293,cam_1,0,698,216.0,100.0,62.0,196.0
294,cam_1,0,698,218.0,100.0,60.0,196.0
295,cam_1,0,698,218.0,100.0,62.0,196.0
296,cam_1,0,698,218.0,100.0,64.0,196.0
297,cam_1,0,698,218.0,100.0,64.0,196.0
298,cam_1,0,698,220.0,100.0,64.0,198.0
299,cam_1,0,698,220.0,100.0,64.0,198.0
300,cam_1,0,698,222.0,100.0,70.0,200.0
301,cam_1,0,698,224.0,102.0,70.0,198.0
302,cam_1,0,698,226.0,100.0,72.0,200.0
303,cam_1,0,698,226.0,100.0,76.0,200.0
304,cam_1,0,698,228.0,100.0,82.0,198.0
305,cam_1,0,698,228.0,98.0,84.0,198.0
306,cam_1,0,698,230.0,98.0,88.0,198.0
307,cam_1,0,698,236.0,98.0,92.0,198.0
308,cam_1,0,698,238.0,100.0,92.0,200.0
309,cam_1,0,698,240.0,100.0,92.0,202.0
310,cam_1,0,698,242.0,102.0,88.0,204.0
311,cam_1,0,698,244.0,102.0,90.0,206.0
312,cam_1,0,698,246.0,102.0,86.0,206.0
313,cam_1,0,698,248.0,104.0,86.0,208.0
314,cam_1,0,698,250.0,108.0,84.0,216.0
315,cam_1,0,698,252.0,108.0,82.0,216.0
316,cam_1,0,698,254.0,110.0,82.0,220.0
317,cam_1,0,698,254.0,112.0,86.0,222.0
318,cam_1,0,698,260.0,110.0,86.0,220.0
319,cam_1,0,698,266.0,108.0,88.0,216.0
320,cam_1,0,698,268.0,108.0,84.0,216.0
320,cam_1,0,904,18.0,106.0,36.0,206.0
321,cam_1,0,698,274.0,110.0,88.0,218.0
321,cam_1,0,904,20.0,102.0,40.0,198.0
322,cam_1,0,698,282.0,110.0,88.0,216.0
322,cam_1,0,904,22.0,90.0,44.0,176.0
323,cam_1,0,698,288.0,110.0,90.0,218.0
323,cam_1,0,904,24.0,88.0,48.0,170.0
324,cam_1,0,698,292.0,112.0,94.0,224.0
324,cam_1,0,904,26.0,88.0,52.0,172.0
325,cam_1,0,698,292.0,116.0,102.0,232.0
325,cam_1,0,904,24.0,108.0,48.0,212.0
326,cam_1,0,698,298.0,118.0,104.0,236.0
326,cam_1,0,904,30.0,118.0,60.0,234.0
327,cam_1,0,698,304.0,124.0,104.0,248.0
327,cam_1,0,904,30.0,120.0,60.0,234.0
328,cam_1,0,698,308.0,130.0,104.0,260.0
328,cam_1,0,904,30.0,122.0,58.0,236.0
329,cam_1,0,698,318.0,134.0,104.0,266.0
329,cam_1,0,904,30.0,122.0,62.0,236.0
330,cam_1,0,698,326.0,136.0,102.0,266.0
330,cam_1,0,904,32.0,124.0,66.0,240.0
331,cam_1,0,698,332.0,138.0,100.0,262.0
331,cam_1,0,904,32.0,124.0,64.0,230.0
332,cam_1,0,698,338.0,140.0,96.0,264.0
332,cam_1,0,904,36.0,116.0,72.0,222.0
332,cam_1,0,907,108.0,100.0,78.0,196.0
333,cam_1,0,698,344.0,142.0,96.0,268.0
333,cam_1,0,904,40.0,116.0,80.0,228.0
333,cam_1,0,907,118.0,102.0,80.0,202.0
334,cam_1,0,698,352.0,146.0,94.0,272.0
334,cam_1,0,904,48.0,116.0,84.0,230.0
334,cam_1,0,907,130.0,106.0,78.0,210.0
335,cam_1,0,698,358.0,148.0,94.0,276.0
335,cam_1,0,904,52.0,118.0,86.0,232.0
335,cam_1,0,907,138.0,110.0,82.0,214.0
336,cam_1,0,698,366.0,150.0,94.0,274.0
336,cam_1,0,904,62.0,122.0,94.0,244.0
336,cam_1,0,907,148.0,106.0,84.0,210.0
337,cam_1,0,698,376.0,156.0,94.0,278.0
337,cam_1,0,904,66.0,124.0,94.0,248.0
337,cam_1,0,907,154.0,104.0,90.0,208.0
337,cam_1,0,909,24.0,446.0,46.0,354.0
338,cam_1,0,698,384.0,160.0,94.0,276.0
338,cam_1,0,904,72.0,122.0,98.0,240.0
338,cam_1,0,907,164.0,104.0,84.0,206.0
338,cam_1,0,909,28.0,450.0,56.0,378.0
339,cam_1,0,698,390.0,162.0,98.0,278.0
339,cam_1,0,904,78.0,128.0,100.0,250.0
339,cam_1,0,907,176.0,104.0,80.0,208.0
339,cam_1,0,909,36.0,438.0,72.0,410.0
340,cam_1,0,698,394.0,162.0,96.0,278.0
340,cam_1,0,904,88.0,130.0,104.0,250.0
340,cam_1,0,907,184.0,108.0,84.0,214.0
340,cam_1,0,909,42.0,444.0,86.0,420.0
341,cam_1,0,698,400.0,162.0,98.0,278.0
341,cam_1,0,904,94.0,142.0,110.0,270.0
341,cam_1,0,907,194.0,108.0,86.0,214.0
341,cam_1,0,909,48.0,450.0,94.0,426.0
342,cam_1,0,698,404.0,164.0,100.0,284.0
342,cam_1,0,904,100.0,144.0,104.0,270.0
342,cam_1,0,907,202.0,112.0,84.0,218.0
342,cam_1,0,909,52.0,458.0,106.0,426.0
343,cam_1,0,698,408.0,166.0,98.0,286.0
343,cam_1,0,904,104.0,140.0,100.0,260.0
343,cam_1,0,907,210.0,118.0,86.0,232.0
343,cam_1,0,909,56.0,464.0,114.0,428.0
344,cam_1,0,698,416.0,172.0,102.0,296.0
344,cam_1,0,904,108.0,140.0,98.0,258.0
344,cam_1,0,907,220.0,122.0,90.0,240.0
344,cam_1,0,909,60.0,470.0,122.0,424.0
345,cam_1,0,698,424.0,178.0,112.0,302.0
345,cam_1,0,904,114.0,138.0,96.0,258.0
345,cam_1,0,907,226.0,124.0,88.0,242.0
345,cam_1,0,909,64.0,474.0,128.0,424.0
346,cam_1,0,698,432.0,182.0,116.0,304.0
346,cam_1,0,904,120.0,140.0,90.0,264.0
346,cam_1,0,907,236.0,124.0,88.0,244.0
346,cam_1,0,909,68.0,472.0,138.0,424.0
347,cam_1,0,698,438.0,186.0,114.0,300.0
347,cam_1,0,904,130.0,138.0,92.0,262.0
347,cam_1,0,907,246.0,130.0,92.0,260.0
347,cam_1,0,909,74.0,474.0,144.0,424.0
348,cam_1,0,698,440.0,188.0,104.0,298.0
348,cam_1,0,904,136.0,140.0,94.0,266.0
348,cam_1,0,907,256.0,136.0,96.0,268.0
348,cam_1,0,909,86.0,472.0,140.0,434.0
349,cam_1,0,698,446.0,188.0,102.0,300.0
349,cam_1,0,904,140.0,142.0,96.0,262.0
349,cam_1,0,907,268.0,138.0,98.0,274.0
349,cam_1,0,909,98.0,472.0,140.0,440.0
350,cam_1,0,698,454.0,190.0,96.0,304.0
350,cam_1,0,904,150.0,154.0,98.0,280.0
350,cam_1,0,907,274.0,144.0,96.0,286.0
350,cam_1,0,909,108.0,474.0,138.0,446.0
351,cam_1,0,698,460.0,196.0,98.0,314.0
351,cam_1,0,904,160.0,160.0,102.0,276.0
351,cam_1,0,907,284.0,146.0,96.0,288.0
351,cam_1,0,909,118.0,482.0,148.0,450.0
352,cam_1,0,698,466.0,202.0,100.0,322.0
352,cam_1,0,904,162.0,170.0,106.0,278.0
352,cam_1,0,907,292.0,150.0,102.0,284.0
352,cam_1,0,909,124.0,494.0,150.0,458.0
353,cam_1,0,698,472.0,208.0,106.0,324.0
353,cam_1,0,904,168.0,170.0,110.0,282.0
353,cam_1,0,907,298.0,152.0,104.0,278.0
353,cam_1,0,909,128.0,502.0,162.0,458.0
354,cam_1,0,698,478.0,216.0,106.0,318.0
354,cam_1,0,904,172.0,170.0,106.0,280.0
354,cam_1,0,907,304.0,154.0,100.0,272.0
354,cam_1,0,909,130.0,506.0,170.0,460.0
355,cam_1,0,698,478.0,222.0,104.0,316.0
355,cam_1,0,904,176.0,168.0,106.0,284.0
355,cam_1,0,907,312.0,156.0,102.0,276.0
355,cam_1,0,909,136.0,518.0,178.0,454.0
356,cam_1,0,698,482.0,226.0,104.0,312.0
356,cam_1,0,904,182.0,166.0,112.0,282.0
356,cam_1,0,907,320.0,156.0,104.0,280.0
356,cam_1,0,909,144.0,526.0,182.0,456.0
357,cam_1,0,698,490.0,228.0,106.0,310.0
357,cam_1,0,904,188.0,168.0,110.0,274.0
357,cam_1,0,907,332.0,162.0,108.0,288.0
357,cam_1,0,909,150.0,526.0,180.0,462.0
358,cam_1,0,698,492.0,228.0,108.0,310.0
358,cam_1,0,904,196.0,174.0,104.0,276.0
358,cam_1,0,907,338.0,172.0,104.0,296.0
358,cam_1,0,909,158.0,528.0,180.0,464.0
359,cam_1,0,698,496.0,230.0,104.0,314.0
359,cam_1,0,904,206.0,178.0,106.0,274.0
359,cam_1,0,907,342.0,182.0,104.0,292.0
359,cam_1,0,909,168.0,526.0,176.0,464.0
360,cam_1,0,698,494.0,234.0,100.0,320.0
360,cam_1,0,904,214.0,184.0,114.0,274.0
360,cam_1,0,907,350.0,186.0,104.0,286.0
360,cam_1,0,909,178.0,530.0,174.0,462.0
361,cam_1,0,698,494.0,242.0,104.0,326.0
361,cam_1,0,904,226.0,186.0,112.0,264.0
361,cam_1,0,907,356.0,190.0,100.0,284.0
361,cam_1,0,909,192.0,526.0,170.0,470.0
362,cam_1,0,698,498.0,258.0,112.0,346.0
362,cam_1,0,904,234.0,190.0,116.0,266.0
362,cam_1,0,907,362.0,194.0,96.0,284.0
362,cam_1,0,909,210.0,526.0,158.0,470.0
363,cam_1,0,698,500.0,264.0,112.0,344.0
363,cam_1,0,904,238.0,184.0,114.0,260.0
363,cam_1,0,907,370.0,194.0,100.0,288.0
363,cam_1,0,909,222.0,530.0,156.0,468.0
364,cam_1,0,698,502.0,268.0,106.0,336.0
364,cam_1,0,904,242.0,190.0,118.0,282.0
364,cam_1,0,907,378.0,198.0,100.0,300.0
364,cam_1,0,909,238.0,538.0,154.0,468.0
365,cam_1,0,698,502.0,270.0,104.0,328.0
365,cam_1,0,904,252.0,186.0,116.0,278.0
365,cam_1,0,907,388.0,196.0,102.0,298.0
365,cam_1,0,909,254.0,546.0,164.0,470.0
366,cam_1,0,698,498.0,274.0,112.0,334.0
366,cam_1,0,904,258.0,192.0,116.0,292.0
366,cam_1,0,907,394.0,204.0,102.0,310.0
366,cam_1,0,909,266.0,556.0,168.0,466.0
367,cam_1,0,698,496.0,284.0,116.0,340.0
367,cam_1,0,904,268.0,192.0,110.0,282.0
367,cam_1,0,907,396.0,216.0,100.0,324.0
367,cam_1,0,909,272.0,566.0,164.0,470.0
368,cam_1,0,698,496.0,292.0,116.0,346.0
368,cam_1,0,904,278.0,198.0,110.0,282.0
368,cam_1,0,907,402.0,226.0,96.0,324.0
368,cam_1,0,909,278.0,572.0,164.0,460.0
369,cam_1,0,698,494.0,302.0,126.0,344.0
369,cam_1,0,904,288.0,208.0,108.0,286.0
369,cam_1,0,907,406.0,234.0,92.0,314.0
369,cam_1,0,909,284.0,582.0,162.0,470.0
370,cam_1,0,698,496.0,318.0,120.0,322.0
370,cam_1,0,904,296.0,218.0,104.0,294.0
370,cam_1,0,907,418.0,236.0,108.0,310.0
370,cam_1,0,909,286.0,586.0,158.0,480.0
371,cam_1,0,698,492.0,318.0,124.0,334.0
371,cam_1,0,904,302.0,232.0,102.0,308.0
371,cam_1,0,907,424.0,238.0,118.0,310.0
371,cam_1,0,909,290.0,594.0,160.0,478.0
372,cam_1,0,698,472.0,294.0,164.0,380.0
372,cam_1,0,904,308.0,234.0,102.0,312.0
372,cam_1,0,909,300.0,594.0,162.0,476.0
373,cam_1,0,698,468.0,282.0,158.0,398.0
373,cam_1,0,904,312.0,238.0,108.0,322.0
373,cam_1,0,909,314.0,594.0,148.0,474.0
374,cam_1,0,698,466.0,284.0,154.0,408.0
374,cam_1,0,904,322.0,232.0,104.0,314.0
374,cam_1,0,909,332.0,592.0,138.0,484.0
375,cam_1,0,698,476.0,294.0,136.0,416.0
375,cam_1,0,904,330.0,234.0,112.0,318.0
375,cam_1,0,909,342.0,598.0,138.0,486.0
375,cam_1,0,907,446.0,308.0,124.0,352.0
376,cam_1,0,698,490.0,284.0,124.0,390.0
376,cam_1,0,904,342.0,234.0,124.0,310.0
376,cam_1,0,909,348.0,606.0,142.0,492.0
377,cam_1,0,698,502.0,282.0,136.0,368.0
377,cam_1,0,904,350.0,238.0,128.0,310.0
377,cam_1,0,909,358.0,614.0,162.0,498.0
377,cam_1,0,907,422.0,320.0,102.0,320.0
378,cam_1,0,698,510.0,284.0,138.0,352.0
378,cam_1,0,904,354.0,228.0,114.0,272.0
378,cam_1,0,909,360.0,620.0,168.0,494.0
378,cam_1,0,907,406.0,326.0,100.0,304.0
379,cam_1,0,698,522.0,288.0,142.0,344.0
379,cam_1,0,904,372.0,268.0,122.0,330.0
379,cam_1,0,909,362.0,638.0,178.0,494.0
380,cam_1,0,698,538.0,290.0,132.0,342.0
380,cam_1,0,904,376.0,290.0,118.0,352.0
380,cam_1,0,909,364.0,654.0,182.0,504.0
381,cam_1,0,698,554.0,288.0,134.0,336.0
381,cam_1,0,904,372.0,312.0,116.0,322.0
381,cam_1,0,909,372.0,662.0,194.0,512.0
382,cam_1,0,698,566.0,286.0,140.0,342.0
382,cam_1,0,904,356.0,330.0,110.0,340.0
382,cam_1,0,909,380.0,670.0,198.0,514.0
382,cam_1,0,919,396.0,240.0,92.0,250.0
383,cam_1,0,698,582.0,284.0,134.0,338.0
383,cam_1,0,904,338.0,350.0,120.0,374.0
383,cam_1,0,909,394.0,674.0,174.0,514.0
383,cam_1,0,919,400.0,256.0,100.0,288.0
384,cam_1,0,698,596.0,296.0,136.0,350.0
384,cam_1,0,904,316.0,368.0,152.0,396.0
384,cam_1,0,909,398.0,676.0,174.0,514.0
384,cam_1,0,919,406.0,268.0,104.0,314.0
385,cam_1,0,698,618.0,314.0,118.0,374.0
385,cam_1,0,904,296.0,378.0,174.0,408.0
385,cam_1,0,909,404.0,678.0,180.0,514.0
385,cam_1,0,919,412.0,276.0,108.0,326.0
386,cam_1,0,698,640.0,326.0,104.0,376.0
386,cam_1,0,904,280.0,382.0,178.0,408.0
386,cam_1,0,909,410.0,680.0,178.0,516.0
386,cam_1,0,919,420.0,282.0,112.0,322.0
387,cam_1,0,698,656.0,336.0,100.0,376.0
387,cam_1,0,904,260.0,386.0,182.0,404.0
387,cam_1,0,909,432.0,680.0,152.0,516.0
387,cam_1,0,919,424.0,280.0,108.0,302.0
387,cam_1,0,922,26.0,130.0,52.0,262.0
388,cam_1,0,698,674.0,342.0,110.0,368.0
388,cam_1,0,904,240.0,392.0,156.0,400.0
388,cam_1,0,909,442.0,680.0,142.0,518.0
388,cam_1,0,919,430.0,284.0,108.0,288.0
388,cam_1,0,922,32.0,134.0,62.0,266.0
389,cam_1,0,698,688.0,348.0,110.0,374.0
389,cam_1,0,904,222.0,398.0,138.0,402.0
389,cam_1,0,909,450.0,682.0,140.0,522.0
389,cam_1,0,919,436.0,314.0,110.0,332.0
389,cam_1,0,922,36.0,136.0,70.0,272.0
390,cam_1,0,698,696.0,350.0,112.0,372.0
390,cam_1,0,904,214.0,394.0,132.0,390.0
390,cam_1,0,909,454.0,688.0,150.0,528.0
390,cam_1,0,919,442.0,330.0,108.0,352.0
390,cam_1,0,922,40.0,138.0,82.0,272.0
391,cam_1,0,698,704.0,354.0,122.0,384.0
391,cam_1,0,904,196.0,398.0,138.0,400.0
391,cam_1,0,909,462.0,700.0,150.0,534.0
391,cam_1,0,919,450.0,336.0,112.0,358.0
391,cam_1,0,922,48.0,138.0,96.0,274.0
391,cam_1,0,924,36.0,530.0,72.0,278.0
392,cam_1,0,698,718.0,356.0,138.0,392.0
392,cam_1,0,904,178.0,402.0,148.0,404.0
392,cam_1,0,909,468.0,710.0,150.0,540.0
392,cam_1,0,919,458.0,338.0,116.0,360.0
392,cam_1,0,922,56.0,138.0,108.0,276.0
392,cam_1,0,924,40.0,482.0,76.0,376.0
393,cam_1,0,698,732.0,368.0,142.0,400.0
393,cam_1,0,904,162.0,412.0,148.0,406.0
393,cam_1,0,909,472.0,718.0,148.0,550.0
393,cam_1,0,919,468.0,324.0,110.0,340.0
393,cam_1,0,922,62.0,136.0,112.0,274.0
393,cam_1,0,924,40.0,464.0,78.0,412.0
394,cam_1,0,698,744.0,378.0,150.0,406.0
394,cam_1,0,904,144.0,426.0,146.0,406.0
394,cam_1,0,909,494.0,728.0,180.0,542.0
394,cam_1,0,919,472.0,326.0,116.0,348.0
394,cam_1,0,922,70.0,142.0,118.0,284.0
394,cam_1,0,924,42.0,458.0,84.0,426.0
395,cam_1,0,698,762.0,384.0,150.0,396.0
395,cam_1,0,904,136.0,432.0,132.0,400.0
395,cam_1,0,909,506.0,734.0,192.0,532.0
395,cam_1,0,919,478.0,326.0,122.0,338.0
395,cam_1,0,922,76.0,144.0,118.0,290.0
395,cam_1,0,924,50.0,460.0,98.0,422.0
396,cam_1,0,698,780.0,390.0,144.0,382.0
396,cam_1,0,904,104.0,458.0,166.0,422.0
396,cam_1,0,909,512.0,734.0,192.0,524.0
396,cam_1,0,919,488.0,328.0,118.0,322.0
396,cam_1,0,922,82.0,142.0,128.0,284.0
397,cam_1,0,698,794.0,394.0,140.0,378.0
397,cam_1,0,904,92.0,464.0,170.0,448.0
397,cam_1,0,909,516.0,732.0,188.0,528.0
397,cam_1,0,919,496.0,332.0,116.0,308.0
397,cam_1,0,922,94.0,144.0,128.0,288.0
398,cam_1,0,698,812.0,400.0,124.0,382.0
398,cam_1,0,904,90.0,476.0,158.0,466.0
398,cam_1,0,909,520.0,732.0,184.0,528.0
398,cam_1,0,919,506.0,340.0,122.0,308.0
398,cam_1,0,922,110.0,146.0,130.0,294.0
399,cam_1,0,698,832.0,404.0,112.0,386.0
399,cam_1,0,904,96.0,480.0,166.0,492.0
399,cam_1,0,909,522.0,734.0,184.0,532.0
399,cam_1,0,919,516.0,360.0,126.0,340.0
399,cam_1,0,922,124.0,152.0,114.0,298.0
400,cam_1,0,698,848.0,408.0,110.0,396.0
400,cam_1,0,904,96.0,490.0,180.0,486.0
400,cam_1,0,909,524.0,740.0,176.0,540.0
400,cam_1,0,919,526.0,372.0,130.0,354.0
400,cam_1,0,922,142.0,154.0,108.0,304.0
401,cam_1,0,698,856.0,412.0,116.0,396.0
401,cam_1,0,904,102.0,498.0,180.0,478.0
401,cam_1,0,909,534.0,746.0,182.0,546.0
401,cam_1,0,919,536.0,366.0,130.0,340.0
401,cam_1,0,922,160.0,160.0,112.0,306.0
402,cam_1,0,698,874.0,432.0,108.0,426.0
402,cam_1,0,904,114.0,514.0,176.0,448.0
402,cam_1,0,909,540.0,754.0,192.0,560.0
402,cam_1,0,919,550.0,360.0,128.0,332.0
402,cam_1,0,922,170.0,160.0,110.0,306.0
402,cam_1,0,924,60.0,456.0,114.0,450.0
403,cam_1,0,698,888.0,446.0,108.0,430.0
403,cam_1,0,904,132.0,518.0,158.0,442.0
403,cam_1,0,909,546.0,764.0,200.0,558.0
403,cam_1,0,919,560.0,356.0,130.0,334.0
403,cam_1,0,922,182.0,156.0,110.0,306.0
403,cam_1,0,924,58.0,468.0,114.0,438.0
404,cam_1,0,698,902.0,460.0,104.0,424.0
404,cam_1,0,904,146.0,520.0,146.0,440.0
404,cam_1,0,909,556.0,776.0,202.0,568.0
404,cam_1,0,919,570.0,360.0,134.0,334.0
404,cam_1,0,922,192.0,156.0,110.0,306.0
404,cam_1,0,924,52.0,470.0,102.0,428.0
405,cam_1,0,698,914.0,468.0,102.0,412.0
405,cam_1,0,904,156.0,514.0,142.0,450.0
405,cam_1,0,909,562.0,784.0,200.0,564.0
405,cam_1,0,919,576.0,370.0,136.0,340.0
405,cam_1,0,922,204.0,156.0,116.0,308.0
405,cam_1,0,924,48.0,476.0,94.0,418.0
406,cam_1,0,698,916.0,472.0,136.0,404.0
406,cam_1,0,904,170.0,518.0,142.0,456.0
406,cam_1,0,909,564.0,790.0,198.0,560.0
406,cam_1,0,919,582.0,390.0,138.0,358.0
406,cam_1,0,922,218.0,160.0,114.0,314.0
406,cam_1,0,924,44.0,482.0,86.0,406.0
406,cam_1,0,930,130.0,258.0,92.0,204.0
407,cam_1,0,698,928.0,476.0,136.0,404.0
407,cam_1,0,904,182.0,520.0,138.0,466.0
407,cam_1,0,909,568.0,794.0,190.0,558.0
407,cam_1,0,919,586.0,406.0,156.0,360.0
407,cam_1,0,922,230.0,162.0,110.0,314.0
407,cam_1,0,924,46.0,490.0,88.0,406.0
407,cam_1,0,930,150.0,260.0,98.0,220.0
408,cam_1,0,698,942.0,474.0,132.0,400.0
408,cam_1,0,904,192.0,526.0,130.0,470.0
408,cam_1,0,909,568.0,798.0,182.0,554.0
408,cam_1,0,919,602.0,416.0,144.0,360.0
408,cam_1,0,922,242.0,166.0,108.0,318.0
408,cam_1,0,924,50.0,500.0,100.0,380.0
408,cam_1,0,930,170.0,266.0,120.0,204.0
409,cam_1,0,698,954.0,476.0,136.0,406.0
409,cam_1,0,904,202.0,532.0,132.0,468.0
409,cam_1,0,909,570.0,800.0,182.0,552.0
409,cam_1,0,919,608.0,420.0,136.0,356.0
409,cam_1,0,922,256.0,168.0,108.0,322.0
409,cam_1,0,924,66.0,500.0,130.0,352.0
409,cam_1,0,930,194.0,260.0,104.0,184.0
410,cam_1,0,698,958.0,490.0,164.0,428.0
410,cam_1,0,904,208.0,540.0,140.0,460.0
410,cam_1,0,909,570.0,798.0,178.0,550.0
410,cam_1,0,919,622.0,418.0,136.0,344.0
410,cam_1,0,922,268.0,172.0,106.0,322.0
410,cam_1,0,924,80.0,494.0,158.0,342.0
410,cam_1,0,930,214.0,268.0,102.0,172.0
411,cam_1,0,698,968.0,502.0,178.0,438.0
411,cam_1,0,904,212.0,546.0,166.0,464.0
411,cam_1,0,909,566.0,800.0,170.0,548.0
411,cam_1,0,919,628.0,418.0,132.0,344.0
411,cam_1,0,922,280.0,178.0,106.0,314.0
411,cam_1,0,924,84.0,492.0,166.0,350.0
412,cam_1,0,698,976.0,522.0,194.0,456.0
412,cam_1,0,904,222.0,556.0,186.0,458.0
412,cam_1,0,909,570.0,804.0,184.0,544.0
412,cam_1,0,919,642.0,426.0,136.0,356.0
412,cam_1,0,922,290.0,184.0,106.0,312.0
412,cam_1,0,924,96.0,484.0,180.0,326.0
413,cam_1,0,698,994.0,534.0,174.0,452.0
413,cam_1,0,904,230.0,562.0,206.0,458.0
413,cam_1,0,909,578.0,808.0,188.0,546.0
413,cam_1,0,919,654.0,456.0,144.0,402.0
413,cam_1,0,922,304.0,164.0,98.0,260.0
413,cam_1,0,924,102.0,488.0,188.0,326.0
414,cam_1,0,698,1008.0,542.0,160.0,444.0
414,cam_1,0,904,234.0,568.0,226.0,456.0
414,cam_1,0,909,584.0,810.0,204.0,532.0
414,cam_1,0,919,666.0,474.0,146.0,422.0
414,cam_1,0,922,320.0,158.0,96.0,246.0
415,cam_1,0,698,1018.0,546.0,146.0,440.0
415,cam_1,0,904,240.0,572.0,236.0,458.0
415,cam_1,0,909,590.0,830.0,210.0,556.0
415,cam_1,0,919,674.0,486.0,146.0,422.0
415,cam_1,0,922,326.0,172.0,106.0,286.0
416,cam_1,0,698,1028.0,546.0,128.0,436.0
416,cam_1,0,904,246.0,574.0,236.0,464.0
416,cam_1,0,909,596.0,842.0,214.0,564.0
416,cam_1,0,919,682.0,490.0,148.0,412.0
416,cam_1,0,922,338.0,182.0,130.0,318.0
417,cam_1,0,698,1030.0,548.0,126.0,440.0
417,cam_1,0,904,258.0,578.0,216.0,466.0
417,cam_1,0,909,602.0,850.0,210.0,566.0
417,cam_1,0,919,690.0,496.0,152.0,408.0
417,cam_1,0,922,346.0,184.0,144.0,312.0
417,cam_1,0,937,52.0,1718.0,100.0,784.0
418,cam_1,0,698,1042.0,554.0,114.0,458.0
418,cam_1,0,904,268.0,580.0,206.0,470.0
418,cam_1,0,909,602.0,856.0,216.0,566.0
418,cam_1,0,919,700.0,502.0,154.0,406.0
418,cam_1,0,922,352.0,184.0,148.0,306.0
418,cam_1,0,937,56.0,1712.0,112.0,822.0
419,cam_1,0,698,1048.0,568.0,118.0,480.0
419,cam_1,0,904,276.0,582.0,210.0,468.0
419,cam_1,0,909,608.0,856.0,226.0,568.0
419,cam_1,0,919,708.0,500.0,148.0,398.0
419,cam_1,0,922,362.0,186.0,146.0,296.0
419,cam_1,0,937,78.0,1718.0,154.0,826.0
419,cam_1,0,938,442.0,402.0,138.0,328.0
420,cam_1,0,698,1054.0,580.0,114.0,492.0
420,cam_1,0,904,284.0,586.0,204.0,460.0
420,cam_1,0,909,620.0,856.0,220.0,570.0
420,cam_1,0,919,712.0,498.0,136.0,396.0
420,cam_1,0,922,376.0,198.0,150.0,306.0
420,cam_1,0,937,104.0,1726.0,204.0,814.0
420,cam_1,0,938,478.0,414.0,130.0,332.0
421,cam_1,0,698,1060.0,592.0,118.0,496.0
421,cam_1,0,904,296.0,586.0,210.0,456.0
421,cam_1,0,909,634.0,856.0,208.0,572.0
421,cam_1,0,919,716.0,490.0,138.0,382.0
421,cam_1,0,922,392.0,204.0,138.0,314.0
421,cam_1,0,937,126.0,1732.0,252.0,810.0
421,cam_1,0,938,504.0,426.0,126.0,324.0
422,cam_1,0,698,1070.0,604.0,120.0,490.0
422,cam_1,0,904,310.0,586.0,210.0,460.0
422,cam_1,0,909,642.0,856.0,204.0,578.0
422,cam_1,0,919,722.0,490.0,134.0,378.0
422,cam_1,0,922,412.0,206.0,126.0,320.0
422,cam_1,0,937,144.0,1738.0,286.0,806.0
422,cam_1,0,938,516.0,432.0,176.0,312.0
423,cam_1,0,698,1076.0,614.0,120.0,478.0
423,cam_1,0,904,330.0,590.0,206.0,464.0
423,cam_1,0,909,650.0,862.0,196.0,582.0
423,cam_1,0,919,728.0,484.0,126.0,364.0
423,cam_1,0,922,432.0,212.0,118.0,318.0
423,cam_1,0,937,156.0,1748.0,306.0,812.0
423,cam_1,0,938,556.0,432.0,178.0,294.0
424,cam_1,0,698,1078.0,620.0,134.0,468.0
424,cam_1,0,904,342.0,594.0,202.0,466.0
424,cam_1,0,909,660.0,872.0,196.0,588.0
424,cam_1,0,919,740.0,500.0,130.0,384.0
424,cam_1,0,922,450.0,212.0,118.0,318.0
424,cam_1,0,937,168.0,1758.0,308.0,800.0
424,cam_1,0,938,606.0,426.0,168.0,260.0
425,cam_1,0,698,1084.0,624.0,136.0,458.0
425,cam_1,0,904,326.0,600.0,172.0,470.0
425,cam_1,0,909,660.0,884.0,192.0,600.0
425,cam_1,0,919,750.0,502.0,134.0,384.0
425,cam_1,0,922,460.0,216.0,122.0,330.0
425,cam_1,0,937,186.0,1766.0,308.0,784.0
425,cam_1,0,938,640.0,422.0,150.0,230.0
425,cam_1,0,945,452.0,572.0,144.0,346.0
426,cam_1,0,698,1090.0,626.0,132.0,466.0
426,cam_1,0,904,320.0,610.0,162.0,476.0
426,cam_1,0,909,670.0,898.0,212.0,598.0
426,cam_1,0,919,738.0,510.0,172.0,388.0
426,cam_1,0,922,470.0,218.0,124.0,334.0
426,cam_1,0,937,208.0,1778.0,318.0,758.0
426,cam_1,0,945,482.0,586.0,158.0,348.0
427,cam_1,0,698,1096.0,632.0,134.0,480.0
427,cam_1,0,904,336.0,620.0,202.0,484.0
427,cam_1,0,909,674.0,908.0,230.0,598.0
427,cam_1,0,919,746.0,520.0,158.0,382.0
427,cam_1,0,922,484.0,220.0,130.0,334.0
427,cam_1,0,937,248.0,1794.0,322.0,724.0
427,cam_1,0,945,512.0,596.0,174.0,352.0
428,cam_1,0,698,1092.0,636.0,150.0,498.0
428,cam_1,0,904,326.0,626.0,194.0,484.0
428,cam_1,0,909,676.0,922.0,248.0,600.0
428,cam_1,0,919,750.0,530.0,156.0,382.0
428,cam_1,0,922,496.0,222.0,132.0,342.0
428,cam_1,0,937,298.0,1810.0,324.0,696.0
428,cam_1,0,945,532.0,598.0,168.0,344.0
429,cam_1,0,698,1096.0,644.0,150.0,514.0
429,cam_1,0,904,332.0,632.0,212.0,488.0
429,cam_1,0,909,672.0,928.0,252.0,596.0
429,cam_1,0,919,764.0,542.0,160.0,386.0
429,cam_1,0,922,510.0,226.0,134.0,342.0
429,cam_1,0,937,340.0,1820.0,316.0,678.0
429,cam_1,0,945,542.0,610.0,152.0,310.0
430,cam_1,0,698,1082.0,654.0,176.0,520.0
430,cam_1,0,904,328.0,636.0,202.0,492.0
430,cam_1,0,909,672.0,928.0,248.0,598.0
430,cam_1,0,919,782.0,550.0,154.0,394.0
430,cam_1,0,922,526.0,234.0,132.0,338.0
430,cam_1,0,937,400.0,1824.0,310.0,662.0
430,cam_1,0,945,560.0,598.0,166.0,332.0
431,cam_1,0,698,1098.0,668.0,152.0,520.0
431,cam_1,0,904,322.0,640.0,200.0,492.0
431,cam_1,0,909,680.0,924.0,254.0,596.0
431,cam_1,0,919,790.0,560.0,148.0,416.0
431,cam_1,0,922,544.0,240.0,124.0,328.0
431,cam_1,0,937,460.0,1826.0,298.0,664.0
431,cam_1,0,945,580.0,590.0,198.0,334.0
431,cam_1,0,958,932.0,492.0,120.0,294.0
432,cam_1,0,698,1110.0,676.0,146.0,512.0
432,cam_1,0,904,330.0,642.0,214.0,490.0
432,cam_1,0,909,692.0,926.0,254.0,594.0
432,cam_1,0,919,798.0,574.0,138.0,446.0
432,cam_1,0,922,560.0,242.0,112.0,322.0
432,cam_1,0,937,504.0,1824.0,312.0,666.0
432,cam_1,0,945,590.0,588.0,196.0,330.0
432,cam_1,0,958,956.0,504.0,118.0,286.0
433,cam_1,0,698,1118.0,684.0,156.0,500.0
433,cam_1,0,904,332.0,642.0,218.0,488.0
433,cam_1,0,909,710.0,930.0,272.0,596.0
433,cam_1,0,919,808.0,564.0,134.0,432.0
433,cam_1,0,922,574.0,244.0,112.0,320.0
433,cam_1,0,937,538.0,1822.0,318.0,668.0
433,cam_1,0,945,610.0,588.0,190.0,320.0
433,cam_1,0,958,1002.0,532.0,136.0,304.0
434,cam_1,0,698,1124.0,686.0,168.0,488.0
434,cam_1,0,904,342.0,642.0,216.0,490.0
434,cam_1,0,909,710.0,938.0,252.0,598.0
434,cam_1,0,919,824.0,576.0,138.0,454.0
434,cam_1,0,922,586.0,244.0,112.0,322.0
434,cam_1,0,937,568.0,1824.0,318.0,662.0
434,cam_1,0,945,650.0,596.0,172.0,316.0
434,cam_1,0,958,1046.0,546.0,136.0,306.0
435,cam_1,0,698,1134.0,690.0,176.0,480.0
435,cam_1,0,904,354.0,642.0,206.0,488.0
435,cam_1,0,909,710.0,954.0,242.0,584.0
435,cam_1,0,919,820.0,588.0,178.0,456.0
435,cam_1,0,922,600.0,246.0,124.0,326.0
435,cam_1,0,937,602.0,1830.0,314.0,652.0
435,cam_1,0,945,684.0,598.0,156.0,304.0
435,cam_1,0,958,1082.0,552.0,116.0,296.0
436,cam_1,0,698,1138.0,698.0,186.0,470.0
436,cam_1,0,904,358.0,640.0,204.0,488.0
436,cam_1,0,909,714.0,966.0,252.0,592.0
436,cam_1,0,919,830.0,596.0,180.0,450.0
436,cam_1,0,922,610.0,246.0,134.0,330.0
436,cam_1,0,937,632.0,1842.0,302.0,632.0
436,cam_1,0,945,696.0,612.0,148.0,328.0
437,cam_1,0,698,1138.0,710.0,210.0,470.0
437,cam_1,0,904,370.0,644.0,194.0,488.0
437,cam_1,0,909,730.0,972.0,282.0,594.0
437,cam_1,0,919,858.0,602.0,154.0,460.0
437,cam_1,0,922,622.0,248.0,150.0,340.0
437,cam_1,0,937,674.0,1854.0,294.0,600.0
437,cam_1,0,945,714.0,610.0,122.0,326.0
438,cam_1,0,698,1146.0,718.0,238.0,464.0
438,cam_1,0,904,380.0,648.0,192.0,490.0
438,cam_1,0,909,748.0,982.0,316.0,586.0
438,cam_1,0,919,880.0,608.0,142.0,452.0
438,cam_1,0,922,640.0,256.0,168.0,342.0
438,cam_1,0,937,724.0,1868.0,286.0,574.0
438,cam_1,0,945,738.0,618.0,118.0,336.0
438,cam_1,0,972,758.0,624.0,174.0,352.0
439,cam_1,0,698,1148.0,730.0,254.0,462.0
439,cam_1,0,904,394.0,656.0,184.0,492.0
439,cam_1,0,909,762.0,988.0,350.0,590.0
439,cam_1,0,919,896.0,594.0,138.0,412.0
439,cam_1,0,922,650.0,258.0,184.0,346.0
439,cam_1,0,937,776.0,1880.0,276.0,550.0
439,cam_1,0,972,766.0,636.0,166.0,376.0
440,cam_1,0,698,1156.0,740.0,276.0,460.0
440,cam_1,0,904,402.0,666.0,174.0,494.0
440,cam_1,0,909,784.0,996.0,378.0,592.0
440,cam_1,0,919,912.0,574.0,138.0,370.0
440,cam_1,0,922,658.0,266.0,174.0,342.0
440,cam_1,0,937,832.0,1884.0,268.0,546.0
440,cam_1,0,972,780.0,642.0,170.0,374.0
440,cam_1,0,977,1316.0,624.0,136.0,308.0
441,cam_1,0,698,1162.0,756.0,298.0,468.0
441,cam_1,0,904,410.0,676.0,180.0,500.0
441,cam_1,0,909,804.0,1006.0,390.0,598.0
441,cam_1,0,919,922.0,580.0,150.0,386.0
441,cam_1,0,922,670.0,270.0,162.0,340.0
441,cam_1,0,937,872.0,1886.0,250.0,542.0
441,cam_1,0,972,802.0,662.0,168.0,396.0
441,cam_1,0,977,1350.0,642.0,148.0,328.0
442,cam_1,0,698,1178.0,768.0,310.0,462.0
442,cam_1,0,904,430.0,684.0,198.0,500.0
442,cam_1,0,909,842.0,1012.0,410.0,600.0
442,cam_1,0,919,942.0,570.0,138.0,362.0
442,cam_1,0,922,686.0,274.0,152.0,336.0
442,cam_1,0,937,908.0,1884.0,234.0,544.0
442,cam_1,0,972,820.0,690.0,152.0,434.0
442,cam_1,0,977,1384.0,662.0,158.0,336.0
442,cam_1,0,981,38.0,1042.0,72.0,288.0
443,cam_1,0,698,1210.0,778.0,314.0,450.0
443,cam_1,0,904,442.0,688.0,210.0,500.0
443,cam_1,0,909,886.0,1014.0,408.0,596.0
443,cam_1,0,919,960.0,570.0,140.0,364.0
443,cam_1,0,922,708.0,274.0,134.0,338.0
443,cam_1,0,937,950.0,1884.0,244.0,544.0
443,cam_1,0,972,844.0,732.0,168.0,516.0
443,cam_1,0,977,1420.0,678.0,152.0,336.0
443,cam_1,0,981,46.0,1042.0,86.0,294.0
444,cam_1,0,698,1258.0,782.0,330.0,454.0
444,cam_1,0,904,432.0,692.0,188.0,498.0
444,cam_1,0,909,926.0,1018.0,372.0,594.0
444,cam_1,0,919,972.0,574.0,144.0,366.0
444,cam_1,0,922,730.0,274.0,122.0,336.0
444,cam_1,0,937,980.0,1886.0,240.0,540.0
444,cam_1,0,972,852.0,718.0,156.0,484.0
444,cam_1,0,977,1458.0,688.0,150.0,334.0
444,cam_1,0,981,48.0,1100.0,96.0,428.0
445,cam_1,0,698,1306.0,786.0,292.0,442.0
445,cam_1,0,904,430.0,692.0,180.0,498.0
445,cam_1,0,909,958.0,1018.0,356.0,592.0
445,cam_1,0,919,990.0,572.0,144.0,340.0
445,cam_1,0,922,744.0,280.0,120.0,344.0
445,cam_1,0,937,1012.0,1890.0,234.0,534.0
445,cam_1,0,972,864.0,716.0,164.0,482.0
445,cam_1,0,977,1496.0,688.0,140.0,314.0
445,cam_1,0,981,52.0,1128.0,104.0,500.0
446,cam_1,0,698,1350.0,792.0,272.0,436.0
446,cam_1,0,904,434.0,694.0,178.0,498.0
446,cam_1,0,909,984.0,1022.0,340.0,592.0
446,cam_1,0,919,1010.0,594.0,132.0,364.0
446,cam_1,0,922,758.0,284.0,126.0,348.0
446,cam_1,0,937,1048.0,1896.0,216.0,518.0
446,cam_1,0,972,868.0,716.0,158.0,474.0
446,cam_1,0,977,1532.0,712.0,176.0,336.0
446,cam_1,0,981,58.0,1162.0,112.0,574.0
447,cam_1,0,698,1384.0,800.0,274.0,426.0
447,cam_1,0,904,440.0,692.0,174.0,502.0
447,cam_1,0,909,1012.0,1022.0,320.0,584.0
447,cam_1,0,919,1016.0,610.0,142.0,382.0
447,cam_1,0,922,768.0,286.0,136.0,356.0
447,cam_1,0,937,1086.0,1906.0,222.0,496.0
447,cam_1,0,972,882.0,722.0,162.0,472.0
447,cam_1,0,977,1574.0,734.0,180.0,354.0
447,cam_1,0,981,60.0,1232.0,122.0,710.0
448,cam_1,0,698,1420.0,810.0,268.0,414.0
448,cam_1,0,904,454.0,692.0,162.0,500.0
448,cam_1,0,909,1048.0,1032.0,290.0,582.0
448,cam_1,0,919,1034.0,638.0,136.0,424.0
448,cam_1,0,922,782.0,288.0,140.0,358.0
448,cam_1,0,937,1122.0,1918.0,240.0,478.0
448,cam_1,0,972,900.0,730.0,160.0,468.0
448,cam_1,0,977,1618.0,754.0,188.0,346.0
448,cam_1,0,981,66.0,1268.0,130.0,760.0
449,cam_1,0,698,1468.0,816.0,274.0,412.0
449,cam_1,0,904,462.0,692.0,154.0,500.0
449,cam_1,0,909,1086.0,1042.0,248.0,580.0
449,cam_1,0,919,1048.0,650.0,122.0,442.0
449,cam_1,0,922,796.0,292.0,140.0,358.0
449,cam_1,0,937,1152.0,1926.0,254.0,462.0
449,cam_1,0,972,936.0,742.0,176.0,474.0
449,cam_1,0,977,1658.0,780.0,208.0,358.0
449,cam_1,0,981,74.0,1296.0,148.0,780.0
449,cam_1,0,989,30.0,478.0,60.0,434.0
450,cam_1,0,698,1518.0,832.0,260.0,408.0
450,cam_1,0,904,474.0,696.0,170.0,504.0
450,cam_1,0,909,1128.0,1058.0,204.0,584.0
450,cam_1,0,919,1058.0,652.0,136.0,444.0
450,cam_1,0,922,810.0,298.0,138.0,356.0
450,cam_1,0,937,1182.0,1930.0,272.0,454.0
450,cam_1,0,972,958.0,758.0,172.0,484.0
450,cam_1,0,977,1712.0,818.0,218.0,394.0
450,cam_1,0,981,82.0,1318.0,166.0,784.0
450,cam_1,0,989,40.0,488.0,80.0,438.0
451,cam_1,0,698,1588.0,852.0,286.0,416.0
451,cam_1,0,904,486.0,702.0,188.0,506.0
451,cam_1,0,909,1168.0,1074.0,194.0,596.0
451,cam_1,0,919,1072.0,662.0,138.0,464.0
451,cam_1,0,922,826.0,304.0,134.0,356.0
451,cam_1,0,937,1228.0,1932.0,330.0,450.0
451,cam_1,0,972,968.0,770.0,148.0,488.0
451,cam_1,0,977,1760.0,828.0,218.0,370.0
451,cam_1,0,981,106.0,1346.0,212.0,774.0
451,cam_1,0,989,52.0,494.0,102.0,434.0
452,cam_1,0,698,1608.0,870.0,262.0,434.0
452,cam_1,0,904,496.0,714.0,206.0,518.0
452,cam_1,0,909,1200.0,1086.0,232.0,600.0
452,cam_1,0,919,1086.0,672.0,140.0,490.0
452,cam_1,0,922,846.0,310.0,120.0,348.0
452,cam_1,0,937,1272.0,1930.0,376.0,454.0
452,cam_1,0,972,980.0,778.0,156.0,496.0
452,cam_1,0,977,1792.0,854.0,204.0,380.0
452,cam_1,0,981,130.0,1374.0,262.0,754.0
452,cam_1,0,989,60.0,496.0,118.0,428.0
453,cam_1,0,698,1630.0,882.0,266.0,440.0
453,cam_1,0,904,500.0,724.0,210.0,516.0
453,cam_1,0,909,1232.0,1096.0,290.0,620.0
453,cam_1,0,919,1106.0,678.0,138.0,504.0
453,cam_1,0,922,860.0,312.0,114.0,344.0
453,cam_1,0,937,1310.0,1926.0,406.0,458.0
453,cam_1,0,972,988.0,784.0,160.0,498.0
453,cam_1,0,977,1824.0,848.0,230.0,312.0
453,cam_1,0,981,154.0,1402.0,310.0,746.0
453,cam_1,0,989,62.0,498.0,122.0,424.0
454,cam_1,0,698,1656.0,894.0,272.0,450.0
454,cam_1,0,904,502.0,732.0,214.0,516.0
454,cam_1,0,909,1262.0,1100.0,330.0,634.0
454,cam_1,0,919,1126.0,686.0,138.0,514.0
454,cam_1,0,922,876.0,312.0,112.0,344.0
454,cam_1,0,937,1338.0,1924.0,416.0,454.0
454,cam_1,0,972,1006.0,786.0,164.0,494.0
454,cam_1,0,977,1862.0,894.0,236.0,348.0
454,cam_1,0,981,172.0,1428.0,344.0,746.0
454,cam_1,0,989,62.0,496.0,126.0,422.0
455,cam_1,0,698,1688.0,900.0,296.0,448.0
455,cam_1,0,904,502.0,740.0,216.0,516.0
455,cam_1,0,909,1286.0,1106.0,340.0,640.0
455,cam_1,0,919,1138.0,690.0,136.0,510.0
455,cam_1,0,922,898.0,314.0,134.0,342.0
455,cam_1,0,937,1362.0,1928.0,404.0,450.0
455,cam_1,0,972,1022.0,786.0,156.0,490.0
455,cam_1,0,977,1906.0,922.0,230.0,368.0
455,cam_1,0,981,182.0,1448.0,364.0,750.0
455,cam_1,0,989,66.0,498.0,130.0,426.0
456,cam_1,0,698,1708.0,908.0,246.0,440.0
456,cam_1,0,904,504.0,746.0,214.0,512.0
456,cam_1,0,909,1306.0,1112.0,320.0,638.0
456,cam_1,0,919,1158.0,694.0,132.0,504.0
456,cam_1,0,922,914.0,316.0,152.0,352.0
456,cam_1,0,937,1386.0,1934.0,396.0,444.0
456,cam_1,0,972,1038.0,784.0,140.0,488.0
456,cam_1,0,977,1938.0,934.0,224.0,358.0
456,cam_1,0,981,188.0,1460.0,374.0,748.0
456,cam_1,0,989,72.0,510.0,140.0,450.0
457,cam_1,0,698,1762.0,914.0,272.0,434.0
457,cam_1,0,904,504.0,748.0,212.0,510.0
457,cam_1,0,909,1338.0,1114.0,298.0,634.0
457,cam_1,0,919,1170.0,698.0,130.0,494.0
457,cam_1,0,922,924.0,318.0,164.0,358.0
457,cam_1,0,937,1408.0,1940.0,398.0,438.0
457,cam_1,0,972,1052.0,782.0,134.0,494.0
457,cam_1,0,977,1964.0,956.0,216.0,382.0
457,cam_1,0,981,190.0,1464.0,378.0,744.0
457,cam_1,0,989,78.0,524.0,154.0,464.0
458,cam_1,0,698,1778.0,922.0,240.0,418.0
458,cam_1,0,904,508.0,750.0,212.0,508.0
458,cam_1,0,909,1390.0,1118.0,268.0,626.0
458,cam_1,0,919,1178.0,700.0,142.0,484.0
458,cam_1,0,922,936.0,324.0,176.0,360.0
458,cam_1,0,937,1438.0,1942.0,392.0,434.0
458,cam_1,0,972,1066.0,784.0,134.0,504.0
458,cam_1,0,977,1994.0,982.0,214.0,430.0
458,cam_1,0,981,210.0,1466.0,360.0,740.0
458,cam_1,0,989,86.0,540.0,164.0,468.0
459,cam_1,0,698,1790.0,930.0,202.0,406.0
459,cam_1,0,904,516.0,750.0,208.0,510.0
459,cam_1,0,909,1438.0,1124.0,250.0,616.0
459,cam_1,0,919,1192.0,708.0,150.0,484.0
459,cam_1,0,922,944.0,328.0,178.0,362.0
459,cam_1,0,937,1480.0,1942.0,398.0,430.0
459,cam_1,0,972,1080.0,788.0,130.0,516.0
459,cam_1,0,977,2030.0,1004.0,208.0,462.0
459,cam_1,0,981,252.0,1468.0,344.0,734.0
459,cam_1,0,989,94.0,552.0,170.0,466.0
460,cam_1,0,698,1842.0,942.0,270.0,416.0
460,cam_1,0,904,520.0,748.0,212.0,506.0
460,cam_1,0,909,1496.0,1136.0,226.0,606.0
460,cam_1,0,919,1206.0,718.0,160.0,496.0
460,cam_1,0,922,956.0,336.0,184.0,372.0
460,cam_1,0,937,1506.0,1944.0,392.0,430.0
460,cam_1,0,972,1098.0,800.0,146.0,522.0
460,cam_1,0,977,2052.0,1026.0,208.0,488.0
460,cam_1,0,981,316.0,1474.0,346.0,726.0
460,cam_1,0,989,106.0,560.0,166.0,456.0
461,cam_1,0,698,1852.0,962.0,328.0,444.0
461,cam_1,0,904,522.0,746.0,218.0,508.0
461,cam_1,0,909,1528.0,1148.0,250.0,614.0
461,cam_1,0,919,1224.0,724.0,154.0,514.0
461,cam_1,0,922,964.0,342.0,176.0,374.0
461,cam_1,0,937,1544.0,1938.0,346.0,424.0
461,cam_1,0,972,1112.0,816.0,162.0,524.0
461,cam_1,0,977,2058.0,1034.0,248.0,492.0
461,cam_1,0,981,354.0,1484.0,318.0,720.0
461,cam_1,0,989,112.0,560.0,166.0,450.0
462,cam_1,0,698,1878.0,992.0,298.0,484.0
462,cam_1,0,904,530.0,748.0,230.0,508.0
462,cam_1,0,909,1558.0,1168.0,292.0,628.0
462,cam_1,0,919,1238.0,732.0,158.0,520.0
462,cam_1,0,922,976.0,344.0,168.0,370.0
462,cam_1,0,937,1584.0,1938.0,316.0,432.0
462,cam_1,0,972,1118.0,836.0,176.0,526.0
462,cam_1,0,977,2072.0,1036.0,234.0,498.0
462,cam_1,0,981,394.0,1496.0,300.0,706.0
462,cam_1,0,989,128.0,560.0,172.0,446.0
463,cam_1,0,698,1892.0,1018.0,276.0,516.0
463,cam_1,0,904,540.0,752.0,236.0,510.0
463,cam_1,0,909,1598.0,1192.0,364.0,636.0
463,cam_1,0,919,1254.0,738.0,168.0,524.0
463,cam_1,0,922,994.0,346.0,150.0,364.0
463,cam_1,0,937,1616.0,1934.0,308.0,428.0
463,cam_1,0,972,1124.0,852.0,188.0,526.0
463,cam_1,0,977,2098.0,1032.0,186.0,500.0
463,cam_1,0,981,422.0,1500.0,318.0,692.0
463,cam_1,0,989,140.0,560.0,178.0,454.0
464,cam_1,0,698,1908.0,1036.0,250.0,518.0
464,cam_1,0,904,556.0,762.0,222.0,514.0
464,cam_1,0,909,1638.0,1210.0,438.0,638.0
464,cam_1,0,919,1272.0,746.0,164.0,524.0
464,cam_1,0,922,1016.0,346.0,136.0,360.0
464,cam_1,0,937,1646.0,1936.0,308.0,434.0
464,cam_1,0,972,1130.0,868.0,200.0,520.0
464,cam_1,0,977,2116.0,1022.0,170.0,502.0
464,cam_1,0,981,454.0,1500.0,360.0,690.0
464,cam_1,0,989,156.0,560.0,162.0,462.0
465,cam_1,0,698,1916.0,1044.0,248.0,518.0
465,cam_1,0,904,572.0,774.0,228.0,514.0
465,cam_1,0,909,1672.0,1230.0,490.0,636.0
465,cam_1,0,919,1294.0,754.0,146.0,516.0
465,cam_1,0,922,1034.0,352.0,124.0,364.0
465,cam_1,0,937,1674.0,1940.0,326.0,432.0
465,cam_1,0,972,1140.0,878.0,206.0,518.0
465,cam_1,0,977,2134.0,1018.0,184.0,518.0
465,cam_1,0,981,486.0,1496.0,396.0,696.0
465,cam_1,0,989,174.0,564.0,164.0,472.0
466,cam_1,0,698,1946.0,1052.0,292.0,514.0
466,cam_1,0,904,580.0,786.0,226.0,520.0
466,cam_1,0,909,1708.0,1244.0,530.0,630.0
466,cam_1,0,919,1310.0,762.0,136.0,510.0
466,cam_1,0,922,1046.0,352.0,130.0,368.0
466,cam_1,0,937,1706.0,1940.0,328.0,424.0
466,cam_1,0,972,1160.0,884.0,210.0,514.0
466,cam_1,0,977,2150.0,1028.0,208.0,532.0
466,cam_1,0,981,510.0,1488.0,400.0,706.0
466,cam_1,0,989,184.0,576.0,178.0,486.0
467,cam_1,0,698,1964.0,1062.0,218.0,520.0
467,cam_1,0,904,578.0,796.0,214.0,526.0
467,cam_1,0,909,1738.0,1256.0,536.0,618.0
467,cam_1,0,919,1324.0,764.0,130.0,508.0
467,cam_1,0,922,1058.0,356.0,134.0,376.0
467,cam_1,0,937,1740.0,1942.0,332.0,414.0
467,cam_1,0,972,1188.0,884.0,204.0,510.0
467,cam_1,0,977,2170.0,1038.0,228.0,546.0
467,cam_1,0,981,538.0,1472.0,380.0,706.0
467,cam_1,0,989,210.0,590.0,210.0,498.0
468,cam_1,0,698,1968.0,1086.0,208.0,562.0
468,cam_1,0,904,582.0,802.0,208.0,526.0
468,cam_1,0,909,1762.0,1262.0,508.0,612.0
468,cam_1,0,919,1338.0,762.0,130.0,508.0
468,cam_1,0,922,1068.0,360.0,142.0,380.0
468,cam_1,0,937,1778.0,1950.0,332.0,410.0
468,cam_1,0,972,1206.0,884.0,188.0,516.0
468,cam_1,0,977,2218.0,1048.0,178.0,568.0
468,cam_1,0,981,572.0,1450.0,358.0,704.0
468,cam_1,0,989,212.0,600.0,202.0,506.0
469,cam_1,0,698,2000.0,1110.0,244.0,594.0
469,cam_1,0,904,604.0,806.0,224.0,524.0
469,cam_1,0,909,1786.0,1266.0,436.0,610.0
469,cam_1,0,919,1354.0,762.0,134.0,510.0
469,cam_1,0,922,1082.0,362.0,146.0,388.0
469,cam_1,0,937,1816.0,1956.0,332.0,402.0
469,cam_1,0,972,1234.0,880.0,168.0,522.0
469,cam_1,0,977,2280.0,1064.0,190.0,584.0
469,cam_1,0,981,606.0,1432.0,324.0,702.0
469,cam_1,0,989,234.0,614.0,238.0,502.0
470,cam_1,0,698,2018.0,1146.0,240.0,646.0
470,cam_1,0,904,626.0,808.0,224.0,522.0
470,cam_1,0,909,1822.0,1266.0,374.0,602.0
470,cam_1,0,919,1372.0,746.0,126.0,482.0
470,cam_1,0,922,1096.0,368.0,146.0,390.0
470,cam_1,0,937,1854.0,1956.0,334.0,398.0
470,cam_1,0,972,1264.0,882.0,168.0,522.0
470,cam_1,0,977,2292.0,1088.0,174.0,596.0
470,cam_1,0,981,660.0,1410.0,296.0,686.0
470,cam_1,0,989,238.0,624.0,230.0,490.0
471,cam_1,0,698,2030.0,1164.0,216.0,652.0
471,cam_1,0,904,630.0,806.0,194.0,528.0
471,cam_1,0,909,1858.0,1266.0,322.0,598.0
471,cam_1,0,919,1386.0,752.0,118.0,504.0
471,cam_1,0,922,1106.0,374.0,142.0,392.0
471,cam_1,0,937,1886.0,1954.0,328.0,402.0
471,cam_1,0,972,1280.0,884.0,164.0,526.0
471,cam_1,0,977,2344.0,1116.0,204.0,606.0
471,cam_1,0,981,712.0,1392.0,284.0,676.0
471,cam_1,0,989,256.0,632.0,206.0,478.0
472,cam_1,0,698,2070.0,1164.0,222.0,618.0
472,cam_1,0,904,640.0,798.0,178.0,544.0
472,cam_1,0,909,1884.0,1266.0,310.0,600.0
472,cam_1,0,919,1404.0,752.0,138.0,512.0
472,cam_1,0,922,1120.0,376.0,138.0,390.0
472,cam_1,0,937,1918.0,1950.0,326.0,412.0
472,cam_1,0,972,1308.0,894.0,166.0,526.0
472,cam_1,0,977,2384.0,1146.0,232.0,614.0
472,cam_1,0,981,744.0,1372.0,310.0,656.0
472,cam_1,0,989,274.0,636.0,188.0,474.0
473,cam_1,0,698,2078.0,1186.0,196.0,626.0
473,cam_1,0,904,654.0,794.0,150.0,552.0
473,cam_1,0,909,1912.0,1268.0,326.0,608.0
473,cam_1,0,919,1416.0,758.0,144.0,514.0
473,cam_1,0,922,1142.0,380.0,128.0,388.0
473,cam_1,0,937,1942.0,1942.0,324.0,422.0
473,cam_1,0,972,1338.0,904.0,186.0,530.0
473,cam_1,0,977,2410.0,1186.0,224.0,622.0
473,cam_1,0,981,770.0,1356.0,342.0,656.0
473,cam_1,0,989,294.0,638.0,178.0,478.0
474,cam_1,0,698,2088.0,1204.0,184.0,646.0
474,cam_1,0,904,666.0,794.0,132.0,554.0
474,cam_1,0,909,1930.0,1274.0,340.0,612.0
474,cam_1,0,919,1436.0,762.0,162.0,518.0
474,cam_1,0,922,1160.0,380.0,120.0,384.0
474,cam_1,0,937,1958.0,1938.0,332.0,434.0
474,cam_1,0,972,1340.0,916.0,244.0,530.0
474,cam_1,0,977,2386.0,1234.0,278.0,644.0
474,cam_1,0,981,788.0,1338.0,362.0,684.0
474,cam_1,0,989,308.0,642.0,170.0,496.0
475,cam_1,0,698,2096.0,1216.0,198.0,648.0
475,cam_1,0,904,668.0,798.0,124.0,560.0
475,cam_1,0,909,1936.0,1286.0,342.0,614.0
475,cam_1,0,919,1448.0,768.0,154.0,524.0
475,cam_1,0,922,1170.0,380.0,116.0,382.0
475,cam_1,0,937,1966.0,1936.0,350.0,440.0
475,cam_1,0,972,1364.0,930.0,246.0,524.0
475,cam_1,0,977,2388.0,1290.0,280.0,664.0
475,cam_1,0,981,816.0,1310.0,372.0,734.0
475,cam_1,0,989,322.0,650.0,170.0,514.0
476,cam_1,0,698,2122.0,1224.0,202.0,646.0
476,cam_1,0,904,672.0,804.0,118.0,570.0
476,cam_1,0,909,1936.0,1288.0,346.0,616.0
476,cam_1,0,919,1462.0,774.0,142.0,516.0
476,cam_1,0,922,1182.0,384.0,114.0,378.0
476,cam_1,0,937,1974.0,1938.0,370.0,440.0
476,cam_1,0,972,1378.0,940.0,250.0,516.0
476,cam_1,0,977,2418.0,1338.0,270.0,666.0
476,cam_1,0,981,858.0,1258.0,402.0,834.0
476,cam_1,0,989,336.0,658.0,176.0,524.0
477,cam_1,0,698,2134.0,1236.0,202.0,654.0
477,cam_1,0,904,684.0,818.0,118.0,584.0
477,cam_1,0,909,1936.0,1284.0,350.0,618.0
477,cam_1,0,919,1468.0,740.0,136.0,432.0
477,cam_1,0,922,1194.0,386.0,124.0,384.0
477,cam_1,0,937,1982.0,1942.0,386.0,432.0
477,cam_1,0,972,1396.0,946.0,256.0,506.0
477,cam_1,0,977,2460.0,1386.0,266.0,626.0
477,cam_1,0,981,872.0,1226.0,360.0,892.0
477,cam_1,0,989,352.0,666.0,176.0,528.0
478,cam_1,0,698,2146.0,1250.0,194.0,654.0
478,cam_1,0,904,692.0,832.0,124.0,584.0
478,cam_1,0,909,1932.0,1276.0,356.0,630.0
478,cam_1,0,919,1470.0,696.0,128.0,344.0
478,cam_1,0,922,1204.0,386.0,144.0,390.0
478,cam_1,0,937,1986.0,1946.0,400.0,426.0
478,cam_1,0,972,1416.0,944.0,238.0,510.0
478,cam_1,0,977,2486.0,1438.0,242.0,610.0
478,cam_1,0,981,882.0,1204.0,314.0,908.0
478,cam_1,0,989,364.0,672.0,176.0,530.0
478,cam_1,0,1021,52.0,1080.0,104.0,466.0
479,cam_1,0,698,2156.0,1262.0,226.0,658.0
479,cam_1,0,904,698.0,844.0,130.0,578.0
479,cam_1,0,909,1922.0,1264.0,352.0,638.0
479,cam_1,0,919,1476.0,670.0,124.0,288.0
479,cam_1,0,922,1218.0,388.0,164.0,390.0
479,cam_1,0,937,1992.0,1944.0,398.0,428.0
479,cam_1,0,972,1438.0,940.0,226.0,512.0
479,cam_1,0,977,2514.0,1478.0,250.0,606.0
479,cam_1,0,981,904.0,1184.0,290.0,896.0
479,cam_1,0,989,382.0,684.0,174.0,522.0
479,cam_1,0,1021,72.0,1070.0,140.0,508.0
480,cam_1,0,698,2170.0,1280.0,264.0,672.0
480,cam_1,0,904,706.0,858.0,144.0,568.0
480,cam_1,0,909,1900.0,1258.0,344.0,644.0
480,cam_1,0,919,1478.0,658.0,134.0,262.0
480,cam_1,0,922,1226.0,394.0,178.0,388.0
480,cam_1,0,937,1992.0,1942.0,382.0,432.0
480,cam_1,0,972,1458.0,940.0,228.0,522.0
480,cam_1,0,977,2546.0,1506.0,254.0,598.0
480,cam_1,0,981,936.0,1174.0,284.0,868.0
480,cam_1,0,989,394.0,692.0,174.0,508.0
480,cam_1,0,1021,86.0,1032.0,164.0,592.0
481,cam_1,0,698,2192.0,1296.0,284.0,682.0
481,cam_1,0,904,712.0,870.0,152.0,560.0
481,cam_1,0,909,1884.0,1256.0,350.0,652.0
481,cam_1,0,919,1478.0,666.0,144.0,286.0
481,cam_1,0,922,1230.0,404.0,180.0,386.0
481,cam_1,0,937,1992.0,1940.0,364.0,436.0
481,cam_1,0,972,1478.0,940.0,240.0,526.0
481,cam_1,0,977,2588.0,1524.0,236.0,588.0
481,cam_1,0,981,976.0,1174.0,266.0,838.0
481,cam_1,0,989,412.0,698.0,172.0,492.0
481,cam_1,0,1021,96.0,1022.0,182.0,620.0
481,cam_1,0,1024,1452.0,754.0,186.0,466.0
482,cam_1,0,698,2204.0,1304.0,286.0,680.0
482,cam_1,0,904,728.0,878.0,194.0,564.0
482,cam_1,0,909,1862.0,1260.0,358.0,660.0
482,cam_1,0,922,1232.0,408.0,178.0,386.0
482,cam_1,0,937,1990.0,1936.0,348.0,440.0
482,cam_1,0,972,1492.0,952.0,256.0,542.0
482,cam_1,0,977,2628.0,1550.0,226.0,608.0
482,cam_1,0,981,1014.0,1178.0,250.0,814.0
482,cam_1,0,989,430.0,704.0,174.0,486.0
482,cam_1,0,1021,100.0,1018.0,190.0,624.0
482,cam_1,0,1024,1452.0,760.0,180.0,474.0
483,cam_1,0,698,2210.0,1312.0,288.0,676.0
483,cam_1,0,904,738.0,884.0,224.0,568.0
483,cam_1,0,909,1844.0,1266.0,372.0,658.0
483,cam_1,0,922,1232.0,410.0,174.0,384.0
483,cam_1,0,937,1988.0,1936.0,334.0,444.0
483,cam_1,0,972,1528.0,970.0,242.0,552.0
483,cam_1,0,977,2660.0,1574.0,226.0,612.0
483,cam_1,0,981,1048.0,1194.0,240.0,782.0
483,cam_1,0,989,446.0,710.0,186.0,492.0
483,cam_1,0,1021,102.0,1018.0,194.0,626.0
483,cam_1,0,1024,1456.0,764.0,186.0,488.0
484,cam_1,0,698,2216.0,1318.0,282.0,666.0
484,cam_1,0,904,740.0,890.0,236.0,572.0
484,cam_1,0,909,1826.0,1278.0,402.0,658.0
484,cam_1,0,922,1240.0,410.0,168.0,388.0
484,cam_1,0,937,1986.0,1936.0,322.0,442.0
484,cam_1,0,972,1554.0,988.0,224.0,558.0
484,cam_1,0,977,2694.0,1602.0,244.0,628.0
484,cam_1,0,981,1084.0,1218.0,244.0,752.0
484,cam_1,0,989,464.0,718.0,216.0,512.0
484,cam_1,0,1021,112.0,1018.0,222.0,628.0
484,cam_1,0,1024,1462.0,764.0,180.0,486.0
485,cam_1,0,698,2226.0,1318.0,268.0,670.0
485,cam_1,0,904,742.0,892.0,246.0,572.0
485,cam_1,0,909,1814.0,1286.0,426.0,652.0
485,cam_1,0,922,1250.0,412.0,160.0,386.0
485,cam_1,0,937,1980.0,1936.0,308.0,440.0
485,cam_1,0,972,1556.0,1004.0,246.0,558.0
485,cam_1,0,977,2728.0,1644.0,270.0,656.0
485,cam_1,0,981,1122.0,1234.0,230.0,738.0
485,cam_1,0,989,482.0,726.0,240.0,520.0
485,cam_1,0,1021,128.0,1018.0,256.0,630.0
485,cam_1,0,1024,1468.0,764.0,180.0,486.0
486,cam_1,0,698,2234.0,1316.0,256.0,676.0
486,cam_1,0,904,748.0,896.0,238.0,572.0
486,cam_1,0,909,1806.0,1288.0,430.0,642.0
486,cam_1,0,922,1266.0,412.0,152.0,388.0
486,cam_1,0,937,1972.0,1938.0,294.0,438.0
486,cam_1,0,972,1564.0,1022.0,228.0,550.0
486,cam_1,0,977,2752.0,1678.0,280.0,656.0
486,cam_1,0,981,1162.0,1258.0,220.0,744.0
486,cam_1,0,989,494.0,732.0,248.0,520.0
486,cam_1,0,1021,116.0,1020.0,228.0,636.0
486,cam_1,0,1024,1462.0,762.0,190.0,484.0
487,cam_1,0,698,2238.0,1310.0,250.0,686.0
487,cam_1,0,904,748.0,894.0,228.0,574.0
487,cam_1,0,909,1794.0,1288.0,424.0,636.0
487,cam_1,0,922,1282.0,410.0,132.0,392.0
487,cam_1,0,937,1960.0,1938.0,290.0,436.0
487,cam_1,0,972,1578.0,1040.0,228.0,548.0
487,cam_1,0,977,2766.0,1700.0,268.0,642.0
487,cam_1,0,981,1202.0,1286.0,218.0,734.0
487,cam_1,0,989,510.0,738.0,256.0,522.0
487,cam_1,0,1021,128.0,1026.0,248.0,642.0
487,cam_1,0,1024,1460.0,758.0,190.0,480.0
488,cam_1,0,698,2242.0,1306.0,252.0,692.0
488,cam_1,0,904,750.0,896.0,196.0,572.0
488,cam_1,0,909,1764.0,1290.0,398.0,632.0
488,cam_1,0,922,1300.0,410.0,122.0,396.0
488,cam_1,0,937,1946.0,1938.0,286.0,440.0
488,cam_1,0,972,1582.0,1050.0,224.0,546.0
488,cam_1,0,977,2780.0,1714.0,230.0,620.0
488,cam_1,0,981,1226.0,1308.0,242.0,710.0
488,cam_1,0,989,536.0,744.0,262.0,508.0
488,cam_1,0,1021,114.0,1036.0,206.0,652.0
488,cam_1,0,1024,1472.0,754.0,216.0,478.0
489,cam_1,0,698,2244.0,1302.0,256.0,700.0
489,cam_1,0,904,750.0,896.0,202.0,564.0
489,cam_1,0,909,1726.0,1294.0,334.0,628.0
489,cam_1,0,922,1312.0,412.0,116.0,396.0
489,cam_1,0,937,1934.0,1938.0,290.0,442.0
489,cam_1,0,972,1584.0,1058.0,226.0,542.0
489,cam_1,0,977,2790.0,1722.0,216.0,600.0
489,cam_1,0,981,1240.0,1328.0,268.0,674.0
489,cam_1,0,989,568.0,754.0,242.0,494.0
489,cam_1,0,1021,120.0,1046.0,194.0,662.0
489,cam_1,0,1024,1472.0,754.0,212.0,480.0
490,cam_1,0,698,2244.0,1298.0,254.0,700.0
490,cam_1,0,904,760.0,902.0,200.0,554.0
490,cam_1,0,909,1706.0,1296.0,296.0,622.0
490,cam_1,0,922,1320.0,418.0,122.0,402.0
490,cam_1,0,937,1922.0,1936.0,302.0,444.0
490,cam_1,0,972,1606.0,1062.0,210.0,538.0
490,cam_1,0,977,2796.0,1724.0,214.0,576.0
490,cam_1,0,981,1248.0,1340.0,278.0,652.0
490,cam_1,0,989,602.0,764.0,218.0,486.0
490,cam_1,0,1021,144.0,1056.0,238.0,670.0
490,cam_1,0,1024,1460.0,752.0,202.0,486.0
491,cam_1,0,698,2238.0,1294.0,250.0,700.0
491,cam_1,0,904,768.0,912.0,200.0,550.0
491,cam_1,0,909,1692.0,1300.0,272.0,620.0
491,cam_1,0,922,1328.0,424.0,124.0,404.0
491,cam_1,0,937,1914.0,1934.0,312.0,446.0
491,cam_1,0,972,1612.0,1060.0,194.0,540.0
491,cam_1,0,981,1260.0,1344.0,290.0,640.0
491,cam_1,0,989,622.0,768.0,220.0,486.0
491,cam_1,0,1021,154.0,1062.0,264.0,672.0
491,cam_1,0,1024,1454.0,758.0,204.0,496.0
492,cam_1,0,698,2230.0,1296.0,242.0,700.0
492,cam_1,0,904,780.0,926.0,204.0,548.0
492,cam_1,0,909,1664.0,1302.0,274.0,622.0
492,cam_1,0,922,1334.0,426.0,134.0,402.0
492,cam_1,0,937,1908.0,1932.0,322.0,450.0
492,cam_1,0,972,1628.0,1060.0,198.0,544.0
492,cam_1,0,981,1312.0,1344.0,330.0,640.0
492,cam_1,0,989,642.0,772.0,236.0,484.0
492,cam_1,0,1021,168.0,1074.0,284.0,666.0
492,cam_1,0,1024,1450.0,766.0,204.0,510.0
493,cam_1,0,698,2222.0,1296.0,238.0,702.0
493,cam_1,0,904,786.0,942.0,210.0,556.0
493,cam_1,0,909,1646.0,1300.0,258.0,628.0
493,cam_1,0,922,1338.0,426.0,144.0,396.0
493,cam_1,0,937,1902.0,1932.0,334.0,454.0
493,cam_1,0,972,1632.0,1054.0,180.0,548.0
493,cam_1,0,981,1322.0,1342.0,282.0,626.0
493,cam_1,0,989,662.0,772.0,246.0,474.0
493,cam_1,0,1021,178.0,1084.0,282.0,666.0
493,cam_1,0,1024,1448.0,772.0,208.0,526.0
494,cam_1,0,698,2212.0,1298.0,240.0,704.0
494,cam_1,0,904,764.0,956.0,292.0,556.0
494,cam_1,0,909,1636.0,1230.0,246.0,768.0
494,cam_1,0,922,1344.0,432.0,152.0,396.0
494,cam_1,0,937,1894.0,1930.0,344.0,456.0
494,cam_1,0,981,1342.0,1340.0,262.0,608.0
494,cam_1,0,989,692.0,772.0,242.0,452.0
494,cam_1,0,1021,188.0,1090.0,274.0,666.0
494,cam_1,0,1024,1446.0,770.0,210.0,522.0
495,cam_1,0,698,2204.0,1296.0,238.0,700.0
495,cam_1,0,904,768.0,968.0,314.0,566.0
495,cam_1,0,909,1632.0,1204.0,250.0,820.0
495,cam_1,0,922,1346.0,434.0,158.0,394.0
495,cam_1,0,937,1890.0,1928.0,354.0,460.0
495,cam_1,0,981,1358.0,1336.0,262.0,586.0
495,cam_1,0,989,724.0,766.0,242.0,428.0
495,cam_1,0,1021,202.0,1094.0,254.0,664.0
495,cam_1,0,1024,1446.0,768.0,212.0,520.0
496,cam_1,0,698,2196.0,1300.0,240.0,708.0
496,cam_1,0,904,800.0,976.0,276.0,568.0
496,cam_1,0,909,1666.0,1196.0,328.0,826.0
496,cam_1,0,922,1356.0,432.0,164.0,390.0
496,cam_1,0,937,1888.0,1928.0,360.0,462.0
496,cam_1,0,981,1358.0,1320.0,242.0,542.0
496,cam_1,0,989,764.0,768.0,216.0,418.0
496,cam_1,0,1021,216.0,1094.0,228.0,660.0
496,cam_1,0,1024,1442.0,766.0,208.0,516.0
497,cam_1,0,698,2188.0,1302.0,240.0,710.0
497,cam_1,0,904,820.0,980.0,256.0,566.0
497,cam_1,0,909,1700.0,1182.0,384.0,792.0
497,cam_1,0,922,1368.0,432.0,150.0,382.0
497,cam_1,0,937,1888.0,1926.0,366.0,464.0
497,cam_1,0,981,1378.0,1328.0,256.0,552.0
497,cam_1,0,989,800.0,776.0,198.0,402.0
497,cam_1,0,1021,232.0,1092.0,206.0,660.0
497,cam_1,0,1024,1436.0,766.0,208.0,516.0
497,cam_1,0,1042,810.0,698.0,178.0,240.0
498,cam_1,0,698,2182.0,1306.0,240.0,708.0
498,cam_1,0,904,836.0,980.0,248.0,566.0
498,cam_1,0,909,1704.0,1170.0,384.0,748.0
498,cam_1,0,922,1378.0,430.0,134.0,374.0
498,cam_1,0,937,1888.0,1926.0,370.0,466.0
498,cam_1,0,981,1388.0,1334.0,260.0,558.0
498,cam_1,0,1021,244.0,1090.0,198.0,660.0
498,cam_1,0,1024,1428.0,764.0,214.0,514.0
499,cam_1,0,698,2176.0,1308.0,242.0,706.0
499,cam_1,0,904,850.0,978.0,238.0,570.0
499,cam_1,0,909,1690.0,1162.0,382.0,720.0
499,cam_1,0,922,1386.0,422.0,126.0,356.0
499,cam_1,0,937,1888.0,1924.0,370.0,470.0
499,cam_1,0,981,1394.0,1334.0,256.0,562.0
499,cam_1,0,1021,260.0,1088.0,194.0,658.0
499,cam_1,0,1024,1428.0,760.0,210.0,510.0
500,cam_1,0,698,2168.0,1308.0,248.0,704.0
500,cam_1,0,904,866.0,980.0,220.0,570.0
500,cam_1,0,909,1696.0,1160.0,386.0,702.0
500,cam_1,0,922,1394.0,414.0,126.0,344.0
500,cam_1,0,937,1894.0,1922.0,370.0,474.0
500,cam_1,0,981,1396.0,1332.0,256.0,570.0
500,cam_1,0,1021,272.0,1088.0,194.0,660.0
500,cam_1,0,1024,1438.0,760.0,220.0,500.0
501,cam_1,0,698,2174.0,1308.0,228.0,702.0
501,cam_1,0,904,872.0,978.0,192.0,574.0
501,cam_1,0,909,1642.0,1162.0,292.0,696.0
501,cam_1,0,922,1402.0,412.0,122.0,340.0
501,cam_1,0,937,1902.0,1918.0,362.0,480.0
501,cam_1,0,981,1398.0,1326.0,254.0,578.0
501,cam_1,0,1021,280.0,1088.0,194.0,664.0
501,cam_1,0,1024,1436.0,760.0,212.0,498.0
501,cam_1,0,1047,986.0,862.0,138.0,512.0
501,cam_1,0,972,1750.0,1128.0,230.0,594.0
502,cam_1,0,698,2170.0,1310.0,226.0,700.0
502,cam_1,0,904,878.0,986.0,184.0,584.0
502,cam_1,0,909,1604.0,1170.0,254.0,708.0
502,cam_1,0,922,1410.0,408.0,124.0,328.0
502,cam_1,0,937,1908.0,1914.0,352.0,488.0
502,cam_1,0,981,1400.0,1318.0,252.0,590.0
502,cam_1,0,1021,288.0,1088.0,194.0,662.0
502,cam_1,0,1024,1432.0,754.0,206.0,500.0
502,cam_1,0,1047,1006.0,866.0,144.0,508.0
502,cam_1,0,972,1738.0,1134.0,230.0,592.0
503,cam_1,0,698,2160.0,1312.0,226.0,700.0
503,cam_1,0,904,886.0,998.0,192.0,598.0
503,cam_1,0,909,1588.0,1158.0,248.0,684.0
503,cam_1,0,922,1414.0,406.0,128.0,320.0
503,cam_1,0,937,1916.0,1910.0,346.0,494.0
503,cam_1,0,981,1400.0,1298.0,252.0,628.0
503,cam_1,0,1021,296.0,1086.0,194.0,664.0
503,cam_1,0,1024,1422.0,750.0,194.0,500.0
503,cam_1,0,1047,1042.0,890.0,198.0,548.0
503,cam_1,0,972,1736.0,1132.0,222.0,582.0
504,cam_1,0,698,2142.0,1314.0,242.0,696.0
504,cam_1,0,904,902.0,1016.0,212.0,618.0
504,cam_1,0,909,1580.0,1144.0,250.0,644.0
504,cam_1,0,922,1420.0,410.0,124.0,324.0
504,cam_1,0,937,1924.0,1906.0,334.0,502.0
504,cam_1,0,981,1402.0,1286.0,246.0,640.0
504,cam_1,0,1021,302.0,1086.0,194.0,666.0
504,cam_1,0,1024,1412.0,738.0,174.0,476.0
504,cam_1,0,1047,1066.0,910.0,214.0,568.0
504,cam_1,0,972,1734.0,1132.0,226.0,584.0
505,cam_1,0,698,2114.0,1316.0,280.0,692.0
505,cam_1,0,904,908.0,1034.0,224.0,626.0
505,cam_1,0,909,1566.0,1144.0,262.0,608.0
505,cam_1,0,922,1426.0,412.0,122.0,328.0
505,cam_1,0,937,1930.0,1900.0,328.0,510.0
505,cam_1,0,981,1412.0,1264.0,230.0,662.0
505,cam_1,0,1021,308.0,1084.0,194.0,668.0
505,cam_1,0,1024,1408.0,722.0,178.0,456.0
505,cam_1,0,1047,1082.0,930.0,212.0,576.0
505,cam_1,0,972,1738.0,1134.0,222.0,592.0
506,cam_1,0,698,2094.0,1320.0,312.0,686.0
506,cam_1,0,904,912.0,1046.0,230.0,628.0
506,cam_1,0,909,1562.0,1152.0,248.0,600.0
506,cam_1,0,922,1430.0,420.0,118.0,336.0
506,cam_1,0,937,1934.0,1896.0,326.0,514.0
506,cam_1,0,981,1418.0,1202.0,204.0,742.0
506,cam_1,0,1021,312.0,1084.0,196.0,668.0
506,cam_1,0,1024,1408.0,706.0,166.0,434.0
506,cam_1,0,1047,1104.0,940.0,212.0,566.0
506,cam_1,0,972,1746.0,1132.0,208.0,584.0
507,cam_1,0,698,2086.0,1324.0,324.0,682.0
507,cam_1,0,904,922.0,1054.0,250.0,620.0
507,cam_1,0,909,1554.0,1180.0,260.0,616.0
507,cam_1,0,922,1442.0,444.0,128.0,376.0
507,cam_1,0,937,1936.0,1894.0,324.0,520.0
507,cam_1,0,981,1414.0,1180.0,198.0,776.0
507,cam_1,0,1021,316.0,1084.0,196.0,668.0
507,cam_1,0,1024,1418.0,696.0,192.0,428.0
507,cam_1,0,1047,1128.0,950.0,222.0,556.0
507,cam_1,0,972,1750.0,1136.0,208.0,586.0
508,cam_1,0,698,2080.0,1324.0,328.0,682.0
508,cam_1,0,904,926.0,1060.0,250.0,612.0
508,cam_1,0,909,1536.0,1236.0,284.0,690.0
508,cam_1,0,922,1452.0,458.0,134.0,394.0
508,cam_1,0,937,1934.0,1894.0,324.0,522.0
508,cam_1,0,981,1412.0,1138.0,190.0,770.0
508,cam_1,0,1021,318.0,1082.0,198.0,668.0
508,cam_1,0,1024,1402.0,670.0,186.0,388.0
508,cam_1,0,1047,1144.0,956.0,222.0,548.0
508,cam_1,0,972,1752.0,1144.0,208.0,592.0
509,cam_1,0,698,2078.0,1320.0,328.0,684.0
509,cam_1,0,904,938.0,1060.0,256.0,608.0
509,cam_1,0,909,1532.0,1270.0,308.0,704.0
509,cam_1,0,922,1458.0,468.0,132.0,406.0
509,cam_1,0,937,1930.0,1892.0,320.0,522.0
509,cam_1,0,981,1398.0,1108.0,210.0,740.0
509,cam_1,0,1021,320.0,1082.0,200.0,670.0
509,cam_1,0,1024,1396.0,658.0,182.0,372.0
509,cam_1,0,1047,1156.0,966.0,230.0,556.0
509,cam_1,0,972,1756.0,1150.0,210.0,582.0
510,cam_1,0,698,2076.0,1318.0,326.0,688.0
510,cam_1,0,904,950.0,1060.0,250.0,608.0
510,cam_1,0,909,1530.0,1296.0,322.0,692.0
510,cam_1,0,922,1466.0,474.0,128.0,414.0
510,cam_1,0,937,1922.0,1892.0,320.0,526.0
510,cam_1,0,981,1390.0,1102.0,224.0,742.0
510,cam_1,0,1021,322.0,1080.0,200.0,670.0
510,cam_1,0,1024,1392.0,656.0,172.0,370.0
510,cam_1,0,1047,1168.0,984.0,214.0,596.0
510,cam_1,0,972,1750.0,1168.0,232.0,596.0
511,cam_1,0,698,2076.0,1316.0,326.0,688.0
511,cam_1,0,904,978.0,1060.0,248.0,610.0
511,cam_1,0,909,1516.0,1316.0,298.0,666.0
511,cam_1,0,922,1474.0,478.0,122.0,418.0
511,cam_1,0,937,1914.0,1890.0,318.0,520.0
511,cam_1,0,981,1394.0,1104.0,200.0,774.0
511,cam_1,0,1021,324.0,1080.0,198.0,672.0
511,cam_1,0,1024,1394.0,656.0,172.0,380.0
511,cam_1,0,1047,1198.0,998.0,228.0,622.0
511,cam_1,0,972,1746.0,1184.0,238.0,600.0
512,cam_1,0,698,2072.0,1314.0,314.0,688.0
512,cam_1,0,904,996.0,1060.0,230.0,612.0
512,cam_1,0,909,1532.0,1326.0,334.0,648.0
512,cam_1,0,922,1480.0,480.0,118.0,422.0
512,cam_1,0,937,1908.0,1892.0,314.0,518.0
512,cam_1,0,981,1390.0,1106.0,180.0,812.0
512,cam_1,0,1021,326.0,1078.0,198.0,668.0
512,cam_1,0,1024,1390.0,680.0,162.0,436.0
512,cam_1,0,1047,1220.0,1014.0,238.0,638.0
512,cam_1,0,972,1746.0,1192.0,238.0,602.0
513,cam_1,0,698,2062.0,1314.0,290.0,688.0
513,cam_1,0,904,1010.0,1060.0,232.0,608.0
513,cam_1,0,909,1528.0,1328.0,322.0,640.0
513,cam_1,0,922,1486.0,480.0,118.0,416.0
513,cam_1,0,937,1902.0,1892.0,312.0,518.0
513,cam_1,0,981,1400.0,1024.0,210.0,960.0
513,cam_1,0,1021,328.0,1078.0,194.0,668.0
513,cam_1,0,1024,1400.0,782.0,188.0,636.0
513,cam_1,0,1047,1246.0,1032.0,236.0,632.0
513,cam_1,0,972,1750.0,1196.0,242.0,596.0
514,cam_1,0,698,2056.0,1314.0,278.0,688.0
514,cam_1,0,904,1020.0,1064.0,238.0,606.0
514,cam_1,0,909,1516.0,1330.0,298.0,640.0
514,cam_1,0,922,1494.0,442.0,118.0,348.0
514,cam_1,0,937,1894.0,1892.0,312.0,522.0
514,cam_1,0,1021,328.0,1078.0,194.0,668.0
514,cam_1,0,1024,1388.0,776.0,166.0,624.0
514,cam_1,0,1047,1262.0,1046.0,214.0,624.0
514,cam_1,0,972,1754.0,1196.0,248.0,592.0
515,cam_1,0,698,2054.0,1312.0,272.0,688.0
515,cam_1,0,904,1034.0,1072.0,256.0,608.0
515,cam_1,0,909,1534.0,1338.0,258.0,650.0
515,cam_1,0,922,1506.0,468.0,132.0,394.0
515,cam_1,0,937,1888.0,1892.0,312.0,522.0
515,cam_1,0,1021,328.0,1080.0,196.0,670.0
515,cam_1,0,1024,1386.0,734.0,148.0,544.0
515,cam_1,0,1047,1326.0,1140.0,230.0,764.0
515,cam_1,0,972,1764.0,1196.0,234.0,590.0
516,cam_1,0,698,2056.0,1314.0,272.0,688.0
516,cam_1,0,904,1052.0,1082.0,292.0,608.0
516,cam_1,0,909,1554.0,1350.0,232.0,668.0
516,cam_1,0,922,1508.0,476.0,134.0,408.0
516,cam_1,0,937,1874.0,1892.0,330.0,524.0
516,cam_1,0,1021,328.0,1078.0,200.0,670.0
516,cam_1,0,1024,1380.0,680.0,140.0,444.0
516,cam_1,0,1047,1336.0,1176.0,230.0,818.0
516,cam_1,0,972,1776.0,1194.0,220.0,592.0
517,cam_1,0,698,2058.0,1314.0,276.0,688.0
517,cam_1,0,904,1066.0,1092.0,322.0,606.0
517,cam_1,0,909,1560.0,1362.0,218.0,678.0
517,cam_1,0,922,1514.0,480.0,136.0,414.0
517,cam_1,0,937,1868.0,1892.0,334.0,526.0
517,cam_1,0,1021,326.0,1078.0,208.0,670.0
517,cam_1,0,1024,1380.0,654.0,148.0,388.0
517,cam_1,0,1047,1346.0,1238.0,254.0,748.0
517,cam_1,0,972,1788.0,1192.0,222.0,592.0
518,cam_1,0,698,2060.0,1316.0,278.0,686.0
518,cam_1,0,904,1076.0,1102.0,338.0,602.0
518,cam_1,0,909,1566.0,1374.0,220.0,686.0
518,cam_1,0,922,1520.0,480.0,134.0,420.0
518,cam_1,0,937,1864.0,1894.0,336.0,526.0
518,cam_1,0,1021,324.0,1076.0,214.0,666.0
518,cam_1,0,1024,1376.0,668.0,148.0,418.0
518,cam_1,0,1047,1336.0,1268.0,234.0,700.0
518,cam_1,0,972,1798.0,1192.0,230.0,592.0
519,cam_1,0,698,2062.0,1316.0,280.0,688.0
519,cam_1,0,904,1078.0,1106.0,324.0,590.0
519,cam_1,0,909,1574.0,1376.0,230.0,682.0
519,cam_1,0,922,1532.0,482.0,140.0,418.0
519,cam_1,0,937,1860.0,1894.0,342.0,526.0
519,cam_1,0,1021,322.0,1074.0,222.0,662.0
519,cam_1,0,1024,1372.0,684.0,150.0,452.0
519,cam_1,0,1047,1320.0,1284.0,210.0,672.0
519,cam_1,0,972,1802.0,1194.0,234.0,594.0
519,cam_1,0,981,1422.0,1120.0,178.0,728.0
520,cam_1,0,698,2064.0,1316.0,280.0,686.0
520,cam_1,0,904,1082.0,1106.0,316.0,580.0
520,cam_1,0,909,1556.0,1376.0,192.0,680.0
520,cam_1,0,922,1542.0,482.0,142.0,416.0
520,cam_1,0,937,1858.0,1894.0,346.0,524.0
520,cam_1,0,1021,322.0,1072.0,226.0,660.0
520,cam_1,0,1024,1370.0,696.0,144.0,476.0
520,cam_1,0,1047,1332.0,1288.0,238.0,664.0
520,cam_1,0,972,1804.0,1196.0,236.0,592.0
520,cam_1,0,981,1432.0,1142.0,184.0,704.0
521,cam_1,0,698,2064.0,1316.0,282.0,686.0
521,cam_1,0,904,1094.0,1104.0,310.0,568.0
521,cam_1,0,909,1548.0,1372.0,176.0,684.0
521,cam_1,0,922,1546.0,488.0,146.0,424.0
521,cam_1,0,937,1854.0,1894.0,348.0,524.0
521,cam_1,0,1021,322.0,1072.0,232.0,660.0
521,cam_1,0,1024,1374.0,704.0,156.0,496.0
521,cam_1,0,1047,1338.0,1288.0,260.0,666.0
521,cam_1,0,972,1806.0,1194.0,240.0,592.0
521,cam_1,0,981,1454.0,1080.0,170.0,532.0
522,cam_1,0,698,2068.0,1316.0,288.0,688.0
522,cam_1,0,904,1114.0,1102.0,290.0,564.0
522,cam_1,0,909,1544.0,1370.0,178.0,688.0
522,cam_1,0,922,1550.0,492.0,146.0,426.0
522,cam_1,0,937,1858.0,1894.0,342.0,524.0
522,cam_1,0,1021,320.0,1070.0,234.0,658.0
522,cam_1,0,1024,1372.0,704.0,158.0,496.0
522,cam_1,0,1047,1326.0,1282.0,252.0,674.0
522,cam_1,0,972,1810.0,1198.0,248.0,588.0
522,cam_1,0,981,1484.0,1054.0,170.0,464.0
523,cam_1,0,698,2068.0,1316.0,288.0,684.0
523,cam_1,0,904,1144.0,1098.0,254.0,570.0
523,cam_1,0,909,1540.0,1370.0,194.0,680.0
523,cam_1,0,922,1552.0,492.0,148.0,426.0
523,cam_1,0,937,1858.0,1894.0,342.0,522.0
523,cam_1,0,1021,320.0,1066.0,238.0,650.0
523,cam_1,0,1024,1364.0,702.0,152.0,498.0
523,cam_1,0,1047,1296.0,1278.0,234.0,688.0
523,cam_1,0,972,1812.0,1200.0,254.0,582.0
523,cam_1,0,981,1512.0,1014.0,178.0,386.0
524,cam_1,0,698,2068.0,1316.0,290.0,684.0
524,cam_1,0,904,1188.0,1104.0,228.0,582.0
524,cam_1,0,909,1528.0,1370.0,240.0,676.0
524,cam_1,0,922,1556.0,494.0,160.0,426.0
524,cam_1,0,937,1860.0,1894.0,340.0,522.0
524,cam_1,0,1021,318.0,1064.0,242.0,646.0
524,cam_1,0,1024,1356.0,698.0,148.0,496.0
524,cam_1,0,1047,1272.0,1276.0,214.0,698.0
524,cam_1,0,972,1812.0,1200.0,252.0,582.0
524,cam_1,0,981,1546.0,986.0,200.0,348.0
