frame,cam_id,class_id,object_id,u,v,w,h
0,cam_0,0,1,3766.0,476.0,136.0,408.0
0,cam_0,0,2,2666.0,200.0,168.0,354.0
0,cam_0,0,3,3300.0,216.0,106.0,328.0
0,cam_0,0,4,3792.0,186.0,90.0,278.0
1,cam_0,0,1,3768.0,474.0,126.0,404.0
1,cam_0,0,2,2658.0,200.0,162.0,362.0
1,cam_0,0,3,3300.0,216.0,104.0,312.0
1,cam_0,0,4,3786.0,184.0,98.0,278.0
2,cam_0,0,1,3768.0,474.0,122.0,394.0
2,cam_0,0,2,2650.0,204.0,162.0,366.0
2,cam_0,0,3,3298.0,220.0,106.0,314.0
2,cam_0,0,4,3782.0,188.0,98.0,282.0
3,cam_0,0,1,3764.0,470.0,114.0,406.0
3,cam_0,0,2,2646.0,206.0,160.0,368.0
3,cam_0,0,3,3298.0,226.0,106.0,318.0
3,cam_0,0,4,3776.0,190.0,92.0,280.0
4,cam_0,0,1,3760.0,470.0,114.0,408.0
4,cam_0,0,2,2642.0,208.0,152.0,360.0
4,cam_0,0,3,3298.0,228.0,104.0,312.0
4,cam_0,0,4,3770.0,190.0,92.0,276.0
5,cam_0,0,1,3754.0,474.0,122.0,406.0
5,cam_0,0,2,2646.0,212.0,132.0,358.0
5,cam_0,0,3,3296.0,230.0,102.0,310.0
5,cam_0,0,4,3766.0,190.0,92.0,278.0
6,cam_0,0,1,3746.0,478.0,122.0,402.0
6,cam_0,0,2,2636.0,214.0,136.0,352.0
6,cam_0,0,3,3292.0,232.0,102.0,308.0
6,cam_0,0,4,3762.0,192.0,94.0,284.0
7,cam_0,0,1,3742.0,482.0,126.0,408.0
7,cam_0,0,2,2624.0,218.0,148.0,348.0
7,cam_0,0,3,3292.0,234.0,102.0,310.0
7,cam_0,0,4,3758.0,192.0,98.0,288.0
8,cam_0,0,1,3736.0,484.0,132.0,412.0
8,cam_0,0,2,2620.0,218.0,144.0,350.0
8,cam_0,0,3,3290.0,236.0,104.0,318.0
8,cam_0,0,4,3748.0,188.0,94.0,284.0
9,cam_0,0,1,3730.0,488.0,140.0,410.0
9,cam_0,0,2,2610.0,218.0,146.0,352.0
9,cam_0,0,3,3290.0,238.0,98.0,326.0
9,cam_0,0,4,3742.0,192.0,92.0,294.0
10,cam_0,0,1,3726.0,492.0,144.0,410.0
10,cam_0,0,2,2600.0,220.0,148.0,350.0
10,cam_0,0,3,3288.0,240.0,102.0,334.0
10,cam_0,0,4,3734.0,192.0,86.0,292.0
11,cam_0,0,1,3724.0,492.0,150.0,412.0
11,cam_0,0,2,2590.0,220.0,142.0,350.0
11,cam_0,0,3,3288.0,240.0,104.0,340.0
11,cam_0,0,4,3724.0,192.0,80.0,296.0
12,cam_0,0,1,3722.0,498.0,154.0,414.0
12,cam_0,0,2,2582.0,218.0,132.0,356.0
12,cam_0,0,3,3286.0,244.0,104.0,346.0
12,cam_0,0,4,3716.0,192.0,76.0,296.0
13,cam_0,0,1,3716.0,500.0,150.0,414.0
13,cam_0,0,2,2576.0,218.0,124.0,354.0
13,cam_0,0,3,3286.0,246.0,104.0,342.0
13,cam_0,0,4,3708.0,190.0,82.0,298.0
13,cam_0,0,7,3814.0,206.0,48.0,264.0
14,cam_0,0,1,3714.0,500.0,152.0,414.0
14,cam_0,0,2,2566.0,220.0,114.0,358.0
14,cam_0,0,3,3284.0,250.0,112.0,332.0
14,cam_0,0,4,3698.0,192.0,86.0,304.0
14,cam_0,0,7,3812.0,206.0,48.0,278.0
15,cam_0,0,1,3710.0,498.0,148.0,422.0
15,cam_0,0,2,2558.0,218.0,112.0,358.0
15,cam_0,0,3,3284.0,254.0,122.0,328.0
15,cam_0,0,4,3690.0,196.0,94.0,308.0
15,cam_0,0,7,3808.0,186.0,56.0,264.0
16,cam_0,0,1,3706.0,496.0,134.0,426.0
16,cam_0,0,2,2544.0,220.0,124.0,356.0
16,cam_0,0,3,3282.0,258.0,118.0,330.0
16,cam_0,0,4,3680.0,198.0,100.0,304.0
16,cam_0,0,7,3804.0,196.0,64.0,296.0
17,cam_0,0,1,3700.0,494.0,126.0,424.0
17,cam_0,0,2,2524.0,222.0,142.0,360.0
17,cam_0,0,3,3280.0,260.0,112.0,330.0
17,cam_0,0,4,3670.0,198.0,114.0,296.0
17,cam_0,0,7,3802.0,200.0,70.0,306.0
18,cam_0,0,1,3696.0,496.0,120.0,430.0
18,cam_0,0,2,2508.0,222.0,166.0,358.0
18,cam_0,0,3,3278.0,260.0,110.0,334.0
18,cam_0,0,4,3658.0,190.0,112.0,270.0
18,cam_0,0,7,3798.0,204.0,76.0,312.0
19,cam_0,0,1,3690.0,502.0,118.0,434.0
19,cam_0,0,2,2496.0,226.0,186.0,358.0
19,cam_0,0,3,3274.0,262.0,116.0,338.0
19,cam_0,0,4,3646.0,194.0,110.0,272.0
19,cam_0,0,7,3796.0,214.0,82.0,320.0
20,cam_0,0,1,3686.0,508.0,118.0,438.0
20,cam_0,0,2,2492.0,228.0,192.0,358.0
20,cam_0,0,3,3274.0,264.0,122.0,340.0
20,cam_0,0,4,3634.0,206.0,114.0,302.0
20,cam_0,0,7,3794.0,218.0,84.0,330.0
21,cam_0,0,1,3684.0,510.0,120.0,434.0
21,cam_0,0,2,2490.0,228.0,196.0,362.0
21,cam_0,0,3,3272.0,270.0,122.0,348.0
21,cam_0,0,4,3620.0,210.0,116.0,318.0
21,cam_0,0,7,3794.0,226.0,86.0,320.0
22,cam_0,0,1,3678.0,512.0,120.0,432.0
22,cam_0,0,2,2486.0,228.0,194.0,370.0
22,cam_0,0,3,3268.0,274.0,120.0,352.0
22,cam_0,0,4,3602.0,214.0,108.0,328.0
22,cam_0,0,7,3794.0,232.0,86.0,314.0
23,cam_0,0,1,3672.0,516.0,122.0,432.0
23,cam_0,0,2,2482.0,228.0,186.0,370.0
23,cam_0,0,3,3268.0,276.0,120.0,340.0
23,cam_0,0,4,3588.0,214.0,108.0,338.0
23,cam_0,0,7,3792.0,232.0,90.0,308.0
24,cam_0,0,1,3668.0,518.0,126.0,430.0
24,cam_0,0,2,2478.0,228.0,172.0,374.0
24,cam_0,0,3,3264.0,280.0,118.0,332.0
24,cam_0,0,4,3578.0,212.0,110.0,340.0
24,cam_0,0,7,3788.0,230.0,96.0,312.0
25,cam_0,0,1,3660.0,516.0,134.0,428.0
25,cam_0,0,2,2470.0,226.0,156.0,376.0
25,cam_0,0,3,3264.0,284.0,120.0,330.0
25,cam_0,0,4,3568.0,206.0,110.0,342.0
25,cam_0,0,7,3784.0,234.0,102.0,312.0
26,cam_0,0,1,3654.0,516.0,132.0,428.0
26,cam_0,0,2,2460.0,228.0,134.0,380.0
26,cam_0,0,3,3262.0,290.0,120.0,334.0
26,cam_0,0,4,3560.0,202.0,112.0,338.0
26,cam_0,0,7,3780.0,236.0,108.0,310.0
27,cam_0,0,1,3646.0,516.0,128.0,430.0
27,cam_0,0,2,2444.0,228.0,120.0,380.0
27,cam_0,0,3,3262.0,294.0,120.0,338.0
27,cam_0,0,4,3542.0,196.0,110.0,330.0
27,cam_0,0,7,3774.0,238.0,112.0,308.0
28,cam_0,0,1,3638.0,516.0,126.0,432.0
28,cam_0,0,2,2432.0,230.0,112.0,384.0
28,cam_0,0,3,3262.0,296.0,122.0,346.0
28,cam_0,0,4,3524.0,198.0,120.0,338.0
28,cam_0,0,7,3768.0,240.0,118.0,302.0
29,cam_0,0,1,3634.0,518.0,126.0,432.0
29,cam_0,0,2,2418.0,236.0,118.0,388.0
29,cam_0,0,3,3264.0,302.0,122.0,360.0
29,cam_0,0,4,3502.0,202.0,118.0,334.0
29,cam_0,0,7,3756.0,242.0,130.0,308.0
30,cam_0,0,1,3626.0,518.0,126.0,432.0
30,cam_0,0,2,2404.0,236.0,128.0,386.0
30,cam_0,0,3,3266.0,306.0,122.0,366.0
30,cam_0,0,4,3474.0,206.0,152.0,336.0
30,cam_0,0,7,3748.0,252.0,142.0,330.0
31,cam_0,0,1,3618.0,516.0,124.0,434.0
31,cam_0,0,2,2394.0,240.0,138.0,378.0
31,cam_0,0,3,3266.0,314.0,128.0,370.0
31,cam_0,0,4,3466.0,212.0,166.0,334.0
31,cam_0,0,7,3750.0,268.0,130.0,330.0
32,cam_0,0,1,3610.0,518.0,126.0,432.0
32,cam_0,0,2,2376.0,244.0,156.0,374.0
32,cam_0,0,3,3266.0,322.0,136.0,370.0
32,cam_0,0,4,3460.0,218.0,176.0,322.0
32,cam_0,0,7,3752.0,272.0,118.0,324.0
33,cam_0,0,1,3596.0,516.0,134.0,434.0
33,cam_0,0,2,2366.0,246.0,172.0,366.0
33,cam_0,0,3,3266.0,326.0,138.0,362.0
33,cam_0,0,4,3448.0,214.0,174.0,320.0
33,cam_0,0,7,3748.0,272.0,120.0,326.0
33,cam_0,0,12,3712.0,128.0,80.0,242.0
34,cam_0,0,1,3580.0,516.0,150.0,436.0
34,cam_0,0,2,2360.0,248.0,178.0,362.0
34,cam_0,0,3,3264.0,330.0,134.0,354.0
34,cam_0,0,4,3444.0,212.0,168.0,320.0
34,cam_0,0,7,3754.0,266.0,114.0,328.0
34,cam_0,0,12,3702.0,132.0,82.0,254.0
35,cam_0,0,1,3566.0,516.0,168.0,434.0
35,cam_0,0,2,2350.0,250.0,196.0,366.0
35,cam_0,0,3,3262.0,332.0,134.0,348.0
35,cam_0,0,4,3422.0,212.0,156.0,318.0
35,cam_0,0,7,3748.0,270.0,116.0,340.0
35,cam_0,0,12,3700.0,128.0,72.0,246.0
35,cam_0,0,13,2280.0,252.0,342.0,366.0
36,cam_0,0,1,3554.0,518.0,188.0,434.0
36,cam_0,0,2,2340.0,250.0,186.0,372.0
36,cam_0,0,3,3262.0,334.0,140.0,344.0
36,cam_0,0,4,3402.0,212.0,148.0,316.0
36,cam_0,0,7,3742.0,270.0,126.0,346.0
36,cam_0,0,12,3694.0,128.0,64.0,248.0
37,cam_0,0,1,3546.0,522.0,198.0,430.0
37,cam_0,0,2,2332.0,252.0,170.0,374.0
37,cam_0,0,3,3270.0,336.0,146.0,348.0
37,cam_0,0,4,3390.0,214.0,140.0,316.0
37,cam_0,0,7,3734.0,274.0,124.0,348.0
37,cam_0,0,12,3686.0,130.0,68.0,248.0
38,cam_0,0,1,3538.0,524.0,210.0,428.0
38,cam_0,0,2,2318.0,254.0,148.0,372.0
38,cam_0,0,3,3280.0,342.0,146.0,360.0
38,cam_0,0,4,3362.0,214.0,106.0,310.0
38,cam_0,0,7,3732.0,280.0,118.0,342.0
38,cam_0,0,12,3676.0,132.0,72.0,252.0
38,cam_0,0,13,2250.0,254.0,276.0,370.0
39,cam_0,0,1,3536.0,526.0,220.0,424.0
39,cam_0,0,2,2304.0,252.0,134.0,370.0
39,cam_0,0,3,3294.0,348.0,156.0,370.0
39,cam_0,0,4,3340.0,186.0,90.0,262.0
39,cam_0,0,7,3726.0,288.0,128.0,344.0
39,cam_0,0,13,2244.0,252.0,252.0,368.0
40,cam_0,0,1,3534.0,526.0,220.0,424.0
40,cam_0,0,2,2296.0,252.0,126.0,370.0
40,cam_0,0,3,3296.0,358.0,144.0,374.0
40,cam_0,0,7,3724.0,294.0,120.0,340.0
40,cam_0,0,13,2262.0,252.0,190.0,372.0
41,cam_0,0,1,3526.0,526.0,206.0,426.0
41,cam_0,0,2,2282.0,250.0,124.0,372.0
41,cam_0,0,3,3298.0,362.0,136.0,380.0
41,cam_0,0,7,3718.0,298.0,122.0,334.0
41,cam_0,0,12,3648.0,136.0,84.0,266.0
42,cam_0,0,1,3518.0,524.0,194.0,428.0
42,cam_0,0,2,2240.0,254.0,188.0,368.0
42,cam_0,0,3,3296.0,370.0,130.0,382.0
42,cam_0,0,7,3714.0,298.0,116.0,330.0
42,cam_0,0,12,3626.0,140.0,106.0,276.0
42,cam_0,0,13,2258.0,254.0,152.0,366.0
43,cam_0,0,1,3512.0,524.0,180.0,426.0
43,cam_0,0,2,2228.0,258.0,188.0,368.0
43,cam_0,0,3,3294.0,374.0,124.0,378.0
43,cam_0,0,7,3706.0,298.0,124.0,330.0
43,cam_0,0,12,3614.0,142.0,114.0,278.0
43,cam_0,0,4,3252.0,208.0,102.0,326.0
44,cam_0,0,1,3504.0,522.0,174.0,430.0
44,cam_0,0,2,2214.0,262.0,198.0,366.0
44,cam_0,0,3,3302.0,372.0,116.0,368.0
44,cam_0,0,7,3702.0,296.0,132.0,340.0
44,cam_0,0,12,3608.0,142.0,112.0,282.0
44,cam_0,0,4,3226.0,212.0,124.0,336.0
45,cam_0,0,1,3492.0,524.0,162.0,432.0
45,cam_0,0,2,2204.0,270.0,202.0,366.0
45,cam_0,0,3,3304.0,376.0,116.0,364.0
45,cam_0,0,7,3696.0,298.0,134.0,350.0
45,cam_0,0,12,3602.0,142.0,104.0,282.0
45,cam_0,0,4,3208.0,214.0,124.0,336.0
46,cam_0,0,1,3472.0,524.0,154.0,434.0
46,cam_0,0,2,2198.0,274.0,204.0,366.0
46,cam_0,0,3,3310.0,380.0,122.0,370.0
46,cam_0,0,7,3690.0,302.0,134.0,360.0
46,cam_0,0,12,3592.0,144.0,96.0,282.0
46,cam_0,0,4,3186.0,216.0,124.0,334.0
46,cam_0,0,26,3790.0,374.0,92.0,332.0
47,cam_0,0,1,3468.0,524.0,130.0,438.0
47,cam_0,0,2,2198.0,276.0,204.0,364.0
47,cam_0,0,3,3310.0,384.0,132.0,376.0
47,cam_0,0,7,3678.0,308.0,136.0,364.0
47,cam_0,0,12,3586.0,144.0,88.0,280.0
47,cam_0,0,4,3168.0,222.0,128.0,330.0
47,cam_0,0,26,3776.0,378.0,116.0,352.0
48,cam_0,0,1,3452.0,526.0,124.0,434.0
48,cam_0,0,2,2196.0,280.0,196.0,364.0
48,cam_0,0,3,3316.0,390.0,134.0,390.0
48,cam_0,0,7,3664.0,320.0,146.0,374.0
48,cam_0,0,12,3578.0,144.0,82.0,276.0
48,cam_0,0,4,3154.0,224.0,126.0,324.0
48,cam_0,0,26,3760.0,380.0,148.0,374.0
49,cam_0,0,1,3444.0,528.0,126.0,430.0
49,cam_0,0,2,2186.0,280.0,200.0,362.0
49,cam_0,0,3,3324.0,396.0,142.0,386.0
49,cam_0,0,7,3660.0,340.0,136.0,406.0
49,cam_0,0,12,3572.0,146.0,84.0,280.0
49,cam_0,0,4,3140.0,224.0,122.0,326.0
49,cam_0,0,26,3750.0,370.0,170.0,356.0
50,cam_0,0,1,3432.0,530.0,134.0,424.0
50,cam_0,0,2,2176.0,282.0,190.0,360.0
50,cam_0,0,3,3326.0,394.0,142.0,366.0
50,cam_0,0,7,3668.0,352.0,164.0,420.0
50,cam_0,0,12,3564.0,142.0,86.0,274.0
50,cam_0,0,4,3132.0,220.0,118.0,326.0
51,cam_0,0,1,3406.0,534.0,148.0,422.0
51,cam_0,0,2,2154.0,284.0,170.0,360.0
51,cam_0,0,3,3332.0,400.0,138.0,366.0
51,cam_0,0,7,3660.0,358.0,164.0,426.0
51,cam_0,0,12,3552.0,144.0,94.0,284.0
51,cam_0,0,4,3112.0,216.0,132.0,336.0
51,cam_0,0,26,3712.0,382.0,194.0,366.0
52,cam_0,0,1,3396.0,540.0,170.0,426.0
52,cam_0,0,2,2132.0,282.0,158.0,360.0
52,cam_0,0,3,3344.0,400.0,140.0,344.0
52,cam_0,0,7,3670.0,362.0,166.0,424.0
52,cam_0,0,12,3538.0,144.0,102.0,288.0
52,cam_0,0,4,3094.0,216.0,150.0,338.0
52,cam_0,0,26,3676.0,392.0,154.0,346.0
53,cam_0,0,1,3380.0,536.0,164.0,430.0
53,cam_0,0,2,2108.0,288.0,150.0,366.0
53,cam_0,0,7,3650.0,358.0,152.0,430.0
53,cam_0,0,12,3518.0,146.0,116.0,286.0
53,cam_0,0,4,3072.0,216.0,158.0,342.0
54,cam_0,0,1,3376.0,510.0,168.0,488.0
54,cam_0,0,2,2094.0,290.0,148.0,370.0
54,cam_0,0,12,3508.0,144.0,120.0,278.0
54,cam_0,0,4,3054.0,220.0,152.0,346.0
54,cam_0,0,26,3632.0,384.0,150.0,360.0
55,cam_0,0,1,3368.0,498.0,168.0,500.0
55,cam_0,0,2,2082.0,290.0,156.0,378.0
55,cam_0,0,12,3494.0,142.0,122.0,274.0
55,cam_0,0,4,3032.0,224.0,138.0,338.0
55,cam_0,0,26,3588.0,376.0,204.0,364.0
55,cam_0,0,7,3640.0,352.0,122.0,426.0
56,cam_0,0,1,3378.0,494.0,192.0,522.0
56,cam_0,0,2,2070.0,292.0,170.0,386.0
56,cam_0,0,12,3490.0,138.0,110.0,254.0
56,cam_0,0,4,3014.0,226.0,124.0,332.0
56,cam_0,0,26,3572.0,374.0,190.0,370.0
56,cam_0,0,7,3640.0,348.0,104.0,412.0
56,cam_0,0,3,3352.0,522.0,144.0,434.0
57,cam_0,0,2,2050.0,294.0,178.0,394.0
57,cam_0,0,12,3474.0,122.0,114.0,216.0
57,cam_0,0,4,2990.0,226.0,110.0,334.0
57,cam_0,0,26,3536.0,368.0,170.0,364.0
57,cam_0,0,7,3630.0,352.0,116.0,404.0
57,cam_0,0,3,3348.0,534.0,144.0,440.0
58,cam_0,0,2,2034.0,298.0,180.0,396.0
58,cam_0,0,12,3462.0,134.0,112.0,234.0
58,cam_0,0,4,2968.0,228.0,110.0,330.0
58,cam_0,0,26,3508.0,370.0,144.0,362.0
58,cam_0,0,7,3622.0,354.0,126.0,398.0
58,cam_0,0,3,3338.0,540.0,146.0,450.0
58,cam_0,0,46,3408.0,402.0,108.0,324.0
59,cam_0,0,2,2022.0,300.0,174.0,400.0
59,cam_0,0,12,3458.0,138.0,110.0,234.0
59,cam_0,0,4,2952.0,228.0,120.0,336.0
59,cam_0,0,26,3490.0,380.0,156.0,362.0
59,cam_0,0,7,3620.0,360.0,132.0,388.0
59,cam_0,0,3,3312.0,542.0,158.0,450.0
59,cam_0,0,46,3406.0,422.0,112.0,348.0
60,cam_0,0,2,2006.0,306.0,164.0,396.0
60,cam_0,0,12,3446.0,148.0,102.0,242.0
60,cam_0,0,4,2932.0,226.0,142.0,342.0
60,cam_0,0,7,3614.0,366.0,136.0,380.0
60,cam_0,0,3,3292.0,546.0,154.0,446.0
60,cam_0,0,46,3412.0,458.0,128.0,408.0
61,cam_0,0,2,1986.0,308.0,146.0,384.0
61,cam_0,0,12,3438.0,146.0,96.0,244.0
61,cam_0,0,4,2916.0,226.0,166.0,348.0
61,cam_0,0,7,3606.0,366.0,136.0,376.0
61,cam_0,0,3,3270.0,546.0,166.0,438.0
61,cam_0,0,46,3418.0,476.0,130.0,426.0
62,cam_0,0,2,1966.0,312.0,132.0,376.0
62,cam_0,0,12,3424.0,142.0,102.0,238.0
62,cam_0,0,4,2894.0,230.0,192.0,352.0
62,cam_0,0,7,3600.0,362.0,136.0,378.0
62,cam_0,0,3,3246.0,548.0,180.0,436.0
62,cam_0,0,46,3422.0,486.0,142.0,430.0
63,cam_0,0,2,1946.0,316.0,126.0,374.0
63,cam_0,0,12,3416.0,148.0,94.0,248.0
63,cam_0,0,4,2876.0,232.0,196.0,356.0
63,cam_0,0,7,3596.0,360.0,136.0,384.0
63,cam_0,0,3,3224.0,550.0,194.0,428.0
63,cam_0,0,46,3426.0,494.0,140.0,424.0
64,cam_0,0,2,1926.0,316.0,132.0,374.0
64,cam_0,0,12,3406.0,146.0,90.0,252.0
64,cam_0,0,4,2858.0,234.0,176.0,354.0
64,cam_0,0,7,3588.0,358.0,136.0,392.0
64,cam_0,0,3,3200.0,550.0,218.0,422.0
64,cam_0,0,46,3434.0,498.0,128.0,408.0
65,cam_0,0,2,1908.0,316.0,154.0,380.0
65,cam_0,0,12,3392.0,144.0,92.0,260.0
65,cam_0,0,4,2840.0,236.0,152.0,356.0
65,cam_0,0,7,3582.0,362.0,134.0,392.0
65,cam_0,0,3,3184.0,550.0,238.0,422.0
65,cam_0,0,46,3446.0,502.0,130.0,402.0
66,cam_0,0,2,1886.0,318.0,188.0,388.0
66,cam_0,0,12,3376.0,146.0,106.0,274.0
66,cam_0,0,4,2812.0,238.0,136.0,358.0
66,cam_0,0,7,3576.0,362.0,132.0,388.0
66,cam_0,0,3,3172.0,552.0,260.0,434.0
66,cam_0,0,46,3456.0,506.0,136.0,412.0
66,cam_0,0,56,3302.0,330.0,106.0,302.0
67,cam_0,0,2,1864.0,322.0,210.0,400.0
67,cam_0,0,12,3358.0,142.0,112.0,274.0
67,cam_0,0,4,2790.0,238.0,112.0,354.0
67,cam_0,0,7,3570.0,366.0,130.0,378.0
67,cam_0,0,3,3156.0,554.0,264.0,436.0
67,cam_0,0,46,3462.0,514.0,142.0,420.0
67,cam_0,0,56,3276.0,332.0,120.0,300.0
68,cam_0,0,2,1852.0,324.0,218.0,400.0
68,cam_0,0,12,3344.0,142.0,104.0,272.0
68,cam_0,0,4,2772.0,240.0,108.0,354.0
68,cam_0,0,7,3564.0,370.0,134.0,366.0
68,cam_0,0,3,3146.0,552.0,252.0,430.0
68,cam_0,0,46,3474.0,522.0,148.0,426.0
68,cam_0,0,56,3260.0,352.0,148.0,332.0
69,cam_0,0,2,1838.0,326.0,214.0,406.0
69,cam_0,0,12,3326.0,154.0,104.0,294.0
69,cam_0,0,4,2750.0,244.0,124.0,366.0
69,cam_0,0,7,3552.0,374.0,136.0,358.0
69,cam_0,0,3,3134.0,552.0,240.0,428.0
69,cam_0,0,46,3476.0,534.0,150.0,430.0
69,cam_0,0,56,3222.0,360.0,138.0,334.0
70,cam_0,0,2,1826.0,332.0,198.0,406.0
70,cam_0,0,12,3314.0,158.0,104.0,294.0
70,cam_0,0,4,2728.0,244.0,140.0,368.0
70,cam_0,0,7,3544.0,378.0,140.0,350.0
70,cam_0,0,3,3120.0,550.0,216.0,434.0
70,cam_0,0,46,3490.0,546.0,144.0,430.0
70,cam_0,0,56,3184.0,332.0,114.0,276.0
71,cam_0,0,2,1810.0,334.0,188.0,400.0
71,cam_0,0,12,3308.0,162.0,94.0,290.0
71,cam_0,0,4,2712.0,246.0,152.0,374.0
71,cam_0,0,3,3106.0,548.0,180.0,442.0
71,cam_0,0,46,3502.0,550.0,152.0,440.0
71,cam_0,0,56,3154.0,360.0,104.0,338.0
72,cam_0,0,2,1784.0,338.0,156.0,392.0
72,cam_0,0,12,3290.0,164.0,98.0,292.0
72,cam_0,0,4,2690.0,250.0,148.0,364.0
72,cam_0,0,3,3094.0,542.0,164.0,458.0
72,cam_0,0,46,3504.0,556.0,136.0,434.0
72,cam_0,0,56,3128.0,318.0,94.0,264.0
73,cam_0,0,2,1764.0,342.0,134.0,386.0
73,cam_0,0,12,3276.0,164.0,94.0,294.0
73,cam_0,0,4,2672.0,256.0,132.0,360.0
73,cam_0,0,3,3076.0,542.0,148.0,458.0
73,cam_0,0,46,3508.0,568.0,142.0,418.0
73,cam_0,0,56,3104.0,288.0,92.0,216.0
73,cam_0,0,7,3518.0,336.0,132.0,264.0
74,cam_0,0,2,1752.0,352.0,102.0,372.0
74,cam_0,0,12,3264.0,162.0,96.0,294.0
74,cam_0,0,4,2652.0,262.0,126.0,354.0
74,cam_0,0,3,3048.0,540.0,164.0,454.0
74,cam_0,0,46,3518.0,564.0,136.0,420.0
74,cam_0,0,56,3082.0,280.0,96.0,200.0
74,cam_0,0,7,3508.0,340.0,128.0,280.0
75,cam_0,0,12,3252.0,160.0,106.0,298.0
75,cam_0,0,4,2632.0,266.0,116.0,354.0
75,cam_0,0,3,3020.0,544.0,182.0,462.0
75,cam_0,0,46,3528.0,562.0,138.0,422.0
75,cam_0,0,56,3052.0,280.0,108.0,200.0
75,cam_0,0,7,3500.0,384.0,144.0,374.0
76,cam_0,0,12,3244.0,162.0,114.0,302.0
76,cam_0,0,4,2614.0,264.0,118.0,350.0
76,cam_0,0,3,2996.0,542.0,202.0,468.0
76,cam_0,0,46,3538.0,566.0,146.0,436.0
76,cam_0,0,56,3022.0,284.0,118.0,206.0
76,cam_0,0,7,3488.0,402.0,136.0,402.0
77,cam_0,0,12,3232.0,160.0,124.0,304.0
77,cam_0,0,4,2598.0,266.0,124.0,356.0
77,cam_0,0,3,2988.0,548.0,200.0,458.0
77,cam_0,0,46,3550.0,570.0,142.0,456.0
77,cam_0,0,7,3482.0,414.0,132.0,410.0
78,cam_0,0,12,3212.0,166.0,144.0,310.0
78,cam_0,0,4,2578.0,272.0,140.0,368.0
78,cam_0,0,3,2972.0,556.0,192.0,448.0
78,cam_0,0,46,3552.0,580.0,140.0,474.0
78,cam_0,0,7,3466.0,420.0,128.0,386.0
78,cam_0,0,76,2916.0,398.0,228.0,390.0
79,cam_0,0,12,3194.0,168.0,132.0,314.0
79,cam_0,0,4,2564.0,272.0,158.0,372.0
79,cam_0,0,3,2970.0,562.0,178.0,444.0
79,cam_0,0,46,3568.0,590.0,130.0,476.0
79,cam_0,0,7,3466.0,434.0,154.0,406.0
79,cam_0,0,76,2892.0,404.0,236.0,390.0
80,cam_0,0,12,3172.0,174.0,118.0,318.0
80,cam_0,0,4,2540.0,272.0,188.0,374.0
80,cam_0,0,3,2962.0,562.0,164.0,444.0
80,cam_0,0,46,3572.0,600.0,128.0,476.0
80,cam_0,0,7,3454.0,442.0,162.0,414.0
80,cam_0,0,76,2868.0,408.0,218.0,386.0
81,cam_0,0,12,3158.0,178.0,106.0,326.0
81,cam_0,0,4,2520.0,280.0,190.0,380.0
81,cam_0,0,3,2954.0,556.0,162.0,446.0
81,cam_0,0,46,3580.0,606.0,128.0,470.0
81,cam_0,0,7,3444.0,440.0,148.0,422.0
81,cam_0,0,76,2850.0,412.0,186.0,390.0
81,cam_0,0,79,1582.0,306.0,150.0,278.0
82,cam_0,0,12,3142.0,182.0,104.0,316.0
82,cam_0,0,4,2504.0,284.0,182.0,382.0
82,cam_0,0,3,2938.0,550.0,164.0,450.0
82,cam_0,0,46,3582.0,612.0,126.0,460.0
82,cam_0,0,7,3430.0,440.0,138.0,434.0
82,cam_0,0,76,2834.0,414.0,158.0,388.0
82,cam_0,0,79,1570.0,318.0,146.0,292.0
83,cam_0,0,12,3130.0,180.0,106.0,316.0
83,cam_0,0,4,2482.0,292.0,166.0,376.0
83,cam_0,0,3,2920.0,546.0,176.0,454.0
83,cam_0,0,46,3588.0,616.0,124.0,450.0
83,cam_0,0,7,3420.0,444.0,140.0,444.0
83,cam_0,0,76,2818.0,412.0,140.0,390.0
83,cam_0,0,79,1548.0,336.0,152.0,318.0
84,cam_0,0,12,3112.0,178.0,108.0,318.0
84,cam_0,0,4,2456.0,292.0,144.0,378.0
84,cam_0,0,3,2904.0,544.0,184.0,458.0
84,cam_0,0,46,3596.0,622.0,122.0,438.0
84,cam_0,0,7,3408.0,448.0,148.0,444.0
84,cam_0,0,76,2802.0,410.0,134.0,398.0
84,cam_0,0,79,1526.0,336.0,140.0,306.0
85,cam_0,0,12,3096.0,176.0,114.0,316.0
85,cam_0,0,4,2430.0,294.0,132.0,376.0
85,cam_0,0,3,2884.0,546.0,202.0,462.0
85,cam_0,0,46,3604.0,628.0,124.0,448.0
85,cam_0,0,7,3392.0,454.0,166.0,444.0
85,cam_0,0,76,2786.0,414.0,124.0,410.0
85,cam_0,0,79,1494.0,330.0,118.0,296.0
86,cam_0,0,12,3088.0,176.0,116.0,322.0
86,cam_0,0,4,2416.0,290.0,128.0,384.0
86,cam_0,0,3,2870.0,550.0,214.0,458.0
86,cam_0,0,46,3616.0,634.0,130.0,466.0
86,cam_0,0,7,3386.0,462.0,158.0,444.0
86,cam_0,0,76,2766.0,418.0,128.0,420.0
86,cam_0,0,79,1474.0,326.0,122.0,288.0
87,cam_0,0,12,3066.0,174.0,130.0,322.0
87,cam_0,0,4,2398.0,290.0,130.0,396.0
87,cam_0,0,3,2848.0,554.0,226.0,454.0
87,cam_0,0,46,3618.0,646.0,130.0,480.0
87,cam_0,0,7,3370.0,468.0,160.0,438.0
87,cam_0,0,76,2740.0,422.0,138.0,418.0
87,cam_0,0,79,1458.0,328.0,130.0,298.0
88,cam_0,0,12,3052.0,178.0,142.0,330.0
88,cam_0,0,4,2376.0,294.0,146.0,402.0
88,cam_0,0,3,2826.0,556.0,238.0,452.0
88,cam_0,0,46,3624.0,652.0,132.0,488.0
88,cam_0,0,7,3360.0,472.0,154.0,430.0
88,cam_0,0,76,2712.0,428.0,142.0,418.0
88,cam_0,0,79,1442.0,328.0,130.0,296.0
89,cam_0,0,12,3034.0,182.0,146.0,334.0
89,cam_0,0,4,2352.0,300.0,152.0,404.0
89,cam_0,0,3,2812.0,558.0,254.0,452.0
89,cam_0,0,46,3630.0,662.0,142.0,494.0
89,cam_0,0,7,3344.0,474.0,148.0,426.0
89,cam_0,0,76,2684.0,438.0,152.0,434.0
89,cam_0,0,79,1416.0,328.0,126.0,296.0
90,cam_0,0,12,3018.0,190.0,144.0,336.0
90,cam_0,0,4,2332.0,312.0,146.0,398.0
90,cam_0,0,3,2806.0,558.0,266.0,452.0
90,cam_0,0,46,3634.0,672.0,144.0,494.0
90,cam_0,0,7,3332.0,476.0,140.0,426.0
90,cam_0,0,76,2658.0,444.0,162.0,436.0
90,cam_0,0,79,1396.0,328.0,126.0,292.0
91,cam_0,0,12,3000.0,196.0,132.0,332.0
91,cam_0,0,4,2312.0,316.0,132.0,392.0
91,cam_0,0,3,2800.0,560.0,272.0,452.0
91,cam_0,0,46,3630.0,682.0,148.0,480.0
91,cam_0,0,7,3320.0,474.0,138.0,434.0
91,cam_0,0,76,2624.0,450.0,176.0,428.0
91,cam_0,0,79,1372.0,330.0,126.0,282.0
92,cam_0,0,12,2982.0,202.0,116.0,328.0
92,cam_0,0,4,2296.0,320.0,120.0,388.0
92,cam_0,0,3,2794.0,562.0,270.0,448.0
92,cam_0,0,46,3654.0,692.0,208.0,472.0
92,cam_0,0,7,3312.0,474.0,136.0,438.0
92,cam_0,0,76,2592.0,452.0,184.0,432.0
92,cam_0,0,79,1352.0,336.0,136.0,270.0
93,cam_0,0,12,2968.0,206.0,104.0,326.0
93,cam_0,0,4,2276.0,322.0,118.0,384.0
93,cam_0,0,3,2792.0,564.0,266.0,442.0
93,cam_0,0,46,3670.0,692.0,234.0,458.0
93,cam_0,0,7,3302.0,474.0,134.0,438.0
93,cam_0,0,76,2566.0,452.0,196.0,438.0
93,cam_0,0,79,1326.0,308.0,128.0,198.0
94,cam_0,0,12,2952.0,204.0,104.0,326.0
94,cam_0,0,4,2254.0,322.0,116.0,382.0
94,cam_0,0,3,2786.0,564.0,258.0,442.0
94,cam_0,0,46,3680.0,696.0,248.0,458.0
94,cam_0,0,7,3282.0,484.0,148.0,454.0
94,cam_0,0,76,2548.0,452.0,210.0,444.0
94,cam_0,0,79,1306.0,296.0,134.0,162.0
95,cam_0,0,12,2942.0,204.0,106.0,330.0
95,cam_0,0,4,2240.0,318.0,124.0,388.0
95,cam_0,0,3,2784.0,560.0,250.0,446.0
95,cam_0,0,46,3694.0,700.0,246.0,464.0
95,cam_0,0,7,3272.0,492.0,158.0,460.0
95,cam_0,0,76,2538.0,456.0,230.0,460.0
95,cam_0,0,79,1288.0,292.0,132.0,156.0
96,cam_0,0,12,2928.0,202.0,110.0,334.0
96,cam_0,0,4,2226.0,318.0,132.0,390.0
96,cam_0,0,3,2774.0,556.0,232.0,454.0
96,cam_0,0,46,3710.0,708.0,254.0,484.0
96,cam_0,0,7,3260.0,500.0,144.0,460.0
96,cam_0,0,76,2528.0,466.0,230.0,456.0
96,cam_0,0,79,1274.0,290.0,120.0,152.0
96,cam_0,0,103,3816.0,288.0,44.0,304.0
97,cam_0,0,12,2916.0,202.0,128.0,342.0
97,cam_0,0,4,2206.0,326.0,158.0,402.0
97,cam_0,0,3,2766.0,552.0,218.0,462.0
97,cam_0,0,46,3714.0,716.0,250.0,502.0
97,cam_0,0,7,3246.0,506.0,126.0,456.0
97,cam_0,0,76,2510.0,476.0,216.0,446.0
97,cam_0,0,103,3812.0,280.0,52.0,328.0
98,cam_0,0,12,2902.0,200.0,138.0,338.0
98,cam_0,0,4,2186.0,334.0,184.0,410.0
98,cam_0,0,3,2756.0,548.0,202.0,474.0
98,cam_0,0,46,3708.0,728.0,230.0,514.0
98,cam_0,0,7,3228.0,510.0,114.0,454.0
98,cam_0,0,76,2488.0,482.0,186.0,444.0
98,cam_0,0,103,3804.0,282.0,64.0,334.0
99,cam_0,0,12,2888.0,198.0,146.0,324.0
99,cam_0,0,4,2164.0,340.0,202.0,422.0
99,cam_0,0,3,2738.0,544.0,180.0,480.0
99,cam_0,0,46,3696.0,738.0,196.0,522.0
99,cam_0,0,7,3206.0,506.0,110.0,452.0
99,cam_0,0,76,2464.0,488.0,158.0,446.0
99,cam_0,0,103,3792.0,280.0,80.0,344.0
100,cam_0,0,12,2872.0,200.0,152.0,318.0
100,cam_0,0,4,2140.0,344.0,184.0,424.0
100,cam_0,0,3,2722.0,544.0,172.0,486.0
100,cam_0,0,46,3696.0,750.0,170.0,518.0
100,cam_0,0,7,3178.0,506.0,134.0,452.0
100,cam_0,0,76,2438.0,490.0,146.0,460.0
100,cam_0,0,103,3784.0,278.0,96.0,350.0
101,cam_0,0,12,2856.0,208.0,160.0,320.0
101,cam_0,0,4,2128.0,346.0,178.0,422.0
101,cam_0,0,3,2710.0,546.0,186.0,488.0
101,cam_0,0,46,3700.0,760.0,172.0,506.0
101,cam_0,0,7,3164.0,506.0,140.0,454.0
101,cam_0,0,76,2418.0,490.0,150.0,466.0
101,cam_0,0,103,3776.0,274.0,110.0,344.0
102,cam_0,0,12,2826.0,222.0,152.0,332.0
102,cam_0,0,4,2100.0,354.0,168.0,408.0
102,cam_0,0,3,2692.0,548.0,200.0,488.0
102,cam_0,0,46,3704.0,768.0,160.0,496.0
102,cam_0,0,7,3148.0,508.0,164.0,458.0
102,cam_0,0,76,2396.0,494.0,160.0,474.0
102,cam_0,0,103,3760.0,274.0,122.0,342.0
103,cam_0,0,12,2798.0,230.0,146.0,342.0
103,cam_0,0,4,2080.0,356.0,150.0,408.0
103,cam_0,0,3,2674.0,552.0,208.0,482.0
103,cam_0,0,46,3728.0,774.0,178.0,486.0
103,cam_0,0,7,3140.0,510.0,194.0,460.0
103,cam_0,0,76,2370.0,498.0,166.0,482.0
103,cam_0,0,103,3754.0,276.0,136.0,344.0
104,cam_0,0,12,2784.0,228.0,130.0,344.0
104,cam_0,0,4,2060.0,356.0,144.0,414.0
104,cam_0,0,3,2652.0,556.0,212.0,474.0
104,cam_0,0,46,3738.0,776.0,176.0,484.0
104,cam_0,0,7,3126.0,514.0,208.0,460.0
104,cam_0,0,76,2344.0,504.0,178.0,486.0
104,cam_0,0,103,3740.0,278.0,160.0,352.0
105,cam_0,0,12,2772.0,226.0,124.0,346.0
105,cam_0,0,4,2038.0,356.0,136.0,420.0
105,cam_0,0,3,2632.0,558.0,226.0,468.0
105,cam_0,0,46,3740.0,782.0,180.0,494.0
105,cam_0,0,7,3106.0,520.0,194.0,454.0
105,cam_0,0,76,2318.0,512.0,188.0,484.0
105,cam_0,0,103,3712.0,284.0,152.0,352.0
106,cam_0,0,12,2754.0,226.0,122.0,358.0
106,cam_0,0,4,2020.0,360.0,142.0,428.0
106,cam_0,0,3,2614.0,558.0,236.0,468.0
106,cam_0,0,46,3740.0,794.0,180.0,512.0
106,cam_0,0,7,3096.0,526.0,180.0,450.0
106,cam_0,0,76,2296.0,522.0,196.0,484.0
106,cam_0,0,103,3694.0,290.0,134.0,348.0
107,cam_0,0,12,2742.0,226.0,122.0,362.0
107,cam_0,0,4,2002.0,368.0,154.0,432.0
107,cam_0,0,3,2602.0,558.0,244.0,470.0
107,cam_0,0,46,3738.0,804.0,172.0,530.0
107,cam_0,0,7,3082.0,526.0,166.0,452.0
107,cam_0,0,76,2276.0,530.0,192.0,478.0
107,cam_0,0,103,3674.0,294.0,126.0,342.0
108,cam_0,0,12,2728.0,220.0,126.0,348.0
108,cam_0,0,4,1982.0,374.0,156.0,436.0
108,cam_0,0,3,2600.0,558.0,262.0,470.0
108,cam_0,0,46,3742.0,812.0,174.0,536.0
108,cam_0,0,7,3068.0,528.0,156.0,456.0
108,cam_0,0,76,2264.0,536.0,194.0,466.0
108,cam_0,0,103,3660.0,300.0,114.0,336.0
109,cam_0,0,12,2712.0,218.0,124.0,344.0
109,cam_0,0,4,1964.0,382.0,152.0,436.0
109,cam_0,0,3,2592.0,560.0,264.0,464.0
109,cam_0,0,46,3744.0,822.0,178.0,540.0
109,cam_0,0,7,3054.0,530.0,160.0,462.0
109,cam_0,0,76,2244.0,540.0,182.0,460.0
109,cam_0,0,103,3646.0,300.0,106.0,332.0
110,cam_0,0,12,2700.0,218.0,130.0,338.0
110,cam_0,0,4,1944.0,388.0,146.0,432.0
110,cam_0,0,3,2590.0,560.0,264.0,464.0
110,cam_0,0,46,3748.0,834.0,174.0,532.0
110,cam_0,0,7,3036.0,538.0,174.0,476.0
110,cam_0,0,76,2220.0,538.0,178.0,464.0
110,cam_0,0,103,3634.0,298.0,108.0,334.0
111,cam_0,0,12,2682.0,222.0,118.0,324.0
111,cam_0,0,4,1924.0,390.0,138.0,426.0
111,cam_0,0,3,2586.0,558.0,256.0,464.0
111,cam_0,0,46,3748.0,838.0,172.0,522.0
111,cam_0,0,7,3022.0,542.0,180.0,480.0
111,cam_0,0,76,2192.0,540.0,186.0,472.0
111,cam_0,0,103,3618.0,296.0,106.0,338.0
112,cam_0,0,12,2672.0,220.0,108.0,304.0
112,cam_0,0,4,1908.0,390.0,132.0,426.0
112,cam_0,0,3,2584.0,556.0,244.0,460.0
112,cam_0,0,46,3752.0,844.0,172.0,518.0
112,cam_0,0,7,3012.0,548.0,192.0,484.0
112,cam_0,0,76,2172.0,544.0,196.0,480.0
112,cam_0,0,103,3608.0,298.0,116.0,348.0
113,cam_0,0,12,2652.0,230.0,102.0,306.0
113,cam_0,0,4,1888.0,392.0,132.0,428.0
113,cam_0,0,3,2572.0,556.0,222.0,462.0
113,cam_0,0,46,3748.0,848.0,180.0,510.0
113,cam_0,0,7,2998.0,554.0,192.0,486.0
113,cam_0,0,76,2148.0,550.0,216.0,484.0
113,cam_0,0,103,3586.0,302.0,130.0,356.0
114,cam_0,0,12,2638.0,242.0,102.0,318.0
114,cam_0,0,4,1874.0,396.0,138.0,436.0
114,cam_0,0,3,2562.0,554.0,202.0,466.0
114,cam_0,0,46,3756.0,852.0,164.0,512.0
114,cam_0,0,7,2996.0,560.0,190.0,486.0
114,cam_0,0,76,2124.0,558.0,234.0,492.0
114,cam_0,0,103,3566.0,306.0,136.0,356.0
115,cam_0,0,12,2622.0,244.0,106.0,318.0
115,cam_0,0,4,1860.0,398.0,144.0,438.0
115,cam_0,0,3,2554.0,554.0,202.0,472.0
115,cam_0,0,46,3760.0,864.0,156.0,532.0
115,cam_0,0,7,2980.0,566.0,200.0,480.0
115,cam_0,0,76,2094.0,568.0,238.0,496.0
115,cam_0,0,103,3544.0,314.0,142.0,364.0
116,cam_0,0,12,2610.0,248.0,112.0,336.0
116,cam_0,0,4,1842.0,402.0,164.0,444.0
116,cam_0,0,3,2542.0,556.0,214.0,474.0
116,cam_0,0,46,3764.0,874.0,150.0,556.0
116,cam_0,0,7,2978.0,566.0,206.0,478.0
116,cam_0,0,76,2068.0,578.0,254.0,492.0
116,cam_0,0,103,3528.0,318.0,130.0,368.0
117,cam_0,0,12,2596.0,250.0,116.0,346.0
117,cam_0,0,4,1834.0,406.0,170.0,436.0
117,cam_0,0,3,2532.0,556.0,232.0,480.0
117,cam_0,0,46,3768.0,886.0,142.0,574.0
117,cam_0,0,7,2976.0,566.0,198.0,480.0
117,cam_0,0,76,2042.0,588.0,262.0,488.0
117,cam_0,0,103,3508.0,326.0,120.0,360.0
118,cam_0,0,12,2582.0,248.0,118.0,344.0
118,cam_0,0,4,1820.0,406.0,186.0,434.0
118,cam_0,0,3,2524.0,558.0,244.0,484.0
118,cam_0,0,46,3770.0,900.0,136.0,576.0
118,cam_0,0,7,2974.0,566.0,190.0,482.0
118,cam_0,0,76,2028.0,598.0,274.0,490.0
118,cam_0,0,103,3494.0,332.0,122.0,358.0
119,cam_0,0,12,2568.0,250.0,122.0,346.0
119,cam_0,0,4,1802.0,412.0,176.0,432.0
119,cam_0,0,3,2516.0,560.0,242.0,478.0
119,cam_0,0,46,3770.0,910.0,136.0,564.0
119,cam_0,0,7,2970.0,564.0,182.0,488.0
119,cam_0,0,76,2020.0,608.0,284.0,482.0
119,cam_0,0,103,3474.0,330.0,134.0,352.0
119,cam_0,0,134,752.0,460.0,164.0,328.0
120,cam_0,0,12,2554.0,250.0,124.0,334.0
120,cam_0,0,4,1786.0,418.0,162.0,428.0
120,cam_0,0,3,2514.0,568.0,240.0,468.0
120,cam_0,0,46,3772.0,918.0,132.0,558.0
120,cam_0,0,7,2960.0,566.0,170.0,498.0
120,cam_0,0,76,2014.0,618.0,290.0,474.0
120,cam_0,0,103,3454.0,328.0,128.0,358.0
120,cam_0,0,134,742.0,482.0,176.0,358.0
121,cam_0,0,12,2534.0,246.0,118.0,314.0
121,cam_0,0,4,1768.0,424.0,138.0,430.0
121,cam_0,0,3,2510.0,568.0,232.0,466.0
121,cam_0,0,46,3778.0,924.0,122.0,548.0
121,cam_0,0,7,2952.0,572.0,174.0,504.0
121,cam_0,0,76,2008.0,626.0,284.0,468.0
121,cam_0,0,103,3440.0,324.0,132.0,358.0
121,cam_0,0,134,718.0,482.0,142.0,342.0
122,cam_0,0,12,2516.0,252.0,126.0,314.0
122,cam_0,0,4,1750.0,426.0,102.0,432.0
122,cam_0,0,3,2502.0,568.0,220.0,464.0
122,cam_0,0,46,3782.0,928.0,110.0,534.0
122,cam_0,0,7,2946.0,580.0,186.0,508.0
122,cam_0,0,76,1996.0,626.0,266.0,468.0
122,cam_0,0,103,3418.0,322.0,150.0,360.0
122,cam_0,0,134,698.0,484.0,120.0,332.0
123,cam_0,0,12,2498.0,262.0,140.0,330.0
123,cam_0,0,4,1716.0,428.0,136.0,438.0
123,cam_0,0,3,2500.0,568.0,210.0,466.0
123,cam_0,0,46,3790.0,948.0,96.0,502.0
123,cam_0,0,7,2944.0,590.0,202.0,508.0
123,cam_0,0,76,1982.0,622.0,232.0,476.0
123,cam_0,0,103,3404.0,324.0,176.0,368.0
123,cam_0,0,134,658.0,498.0,178.0,342.0
124,cam_0,0,12,2474.0,268.0,140.0,330.0
124,cam_0,0,4,1698.0,436.0,146.0,450.0
124,cam_0,0,3,2498.0,568.0,204.0,470.0
124,cam_0,0,46,3794.0,964.0,88.0,482.0
124,cam_0,0,7,2938.0,606.0,210.0,510.0
124,cam_0,0,76,1960.0,616.0,192.0,488.0
124,cam_0,0,103,3388.0,334.0,190.0,374.0
124,cam_0,0,134,652.0,508.0,196.0,350.0
125,cam_0,0,12,2462.0,268.0,132.0,322.0
125,cam_0,0,3,2496.0,568.0,202.0,472.0
125,cam_0,0,46,3796.0,974.0,86.0,470.0
125,cam_0,0,7,2932.0,618.0,228.0,508.0
125,cam_0,0,76,1948.0,614.0,188.0,496.0
125,cam_0,0,103,3370.0,342.0,192.0,378.0
125,cam_0,0,134,652.0,528.0,216.0,374.0
126,cam_0,0,12,2450.0,262.0,122.0,316.0
126,cam_0,0,3,2494.0,570.0,198.0,470.0
126,cam_0,0,46,3796.0,980.0,86.0,462.0
126,cam_0,0,7,2924.0,626.0,240.0,506.0
126,cam_0,0,76,1940.0,616.0,198.0,508.0
126,cam_0,0,103,3350.0,348.0,168.0,372.0
126,cam_0,0,134,630.0,536.0,192.0,380.0
127,cam_0,0,12,2432.0,272.0,124.0,338.0
127,cam_0,0,3,2494.0,570.0,198.0,470.0
127,cam_0,0,46,3796.0,1000.0,84.0,494.0
127,cam_0,0,7,2922.0,630.0,250.0,502.0
127,cam_0,0,76,1926.0,622.0,216.0,520.0
127,cam_0,0,103,3326.0,354.0,150.0,362.0
127,cam_0,0,134,608.0,548.0,178.0,388.0
128,cam_0,0,12,2418.0,286.0,134.0,376.0
128,cam_0,0,3,2494.0,572.0,202.0,468.0
128,cam_0,0,46,3792.0,994.0,92.0,470.0
128,cam_0,0,7,2924.0,630.0,248.0,504.0
128,cam_0,0,76,1910.0,630.0,240.0,528.0
128,cam_0,0,103,3312.0,356.0,134.0,358.0
128,cam_0,0,134,588.0,558.0,172.0,410.0
128,cam_0,0,4,1624.0,394.0,114.0,320.0
129,cam_0,0,12,2402.0,292.0,138.0,392.0
129,cam_0,0,3,2492.0,572.0,200.0,468.0
129,cam_0,0,46,3790.0,1016.0,96.0,472.0
129,cam_0,0,7,2924.0,628.0,236.0,508.0
129,cam_0,0,76,1892.0,638.0,278.0,528.0
129,cam_0,0,103,3302.0,356.0,124.0,364.0
129,cam_0,0,134,570.0,560.0,170.0,414.0
129,cam_0,0,4,1618.0,392.0,112.0,308.0
130,cam_0,0,12,2388.0,298.0,150.0,400.0
130,cam_0,0,3,2488.0,574.0,204.0,468.0
130,cam_0,0,46,3788.0,1026.0,102.0,464.0
130,cam_0,0,7,2920.0,624.0,222.0,512.0
130,cam_0,0,76,1870.0,642.0,298.0,526.0
130,cam_0,0,103,3286.0,356.0,122.0,370.0
130,cam_0,0,134,552.0,564.0,174.0,414.0
130,cam_0,0,4,1606.0,402.0,116.0,300.0
131,cam_0,0,12,2372.0,308.0,148.0,396.0
131,cam_0,0,3,2484.0,574.0,208.0,466.0
131,cam_0,0,46,3784.0,1032.0,106.0,456.0
131,cam_0,0,7,2912.0,622.0,210.0,514.0
131,cam_0,0,76,1838.0,648.0,300.0,518.0
131,cam_0,0,103,3264.0,360.0,120.0,378.0
131,cam_0,0,134,530.0,568.0,172.0,422.0
131,cam_0,0,4,1592.0,404.0,114.0,274.0
132,cam_0,0,12,2364.0,316.0,138.0,388.0
132,cam_0,0,3,2476.0,574.0,218.0,466.0
132,cam_0,0,46,3788.0,1044.0,98.0,456.0
132,cam_0,0,7,2898.0,622.0,192.0,516.0
132,cam_0,0,76,1812.0,650.0,300.0,514.0
132,cam_0,0,103,3240.0,368.0,136.0,390.0
132,cam_0,0,134,518.0,572.0,178.0,414.0
132,cam_0,0,145,3810.0,990.0,50.0,342.0
133,cam_0,0,12,2348.0,322.0,122.0,382.0
133,cam_0,0,3,2466.0,578.0,228.0,462.0
133,cam_0,0,46,3790.0,1060.0,92.0,476.0
133,cam_0,0,7,2882.0,624.0,180.0,516.0
133,cam_0,0,76,1790.0,654.0,294.0,512.0
133,cam_0,0,103,3222.0,372.0,134.0,386.0
133,cam_0,0,134,506.0,576.0,194.0,406.0
134,cam_0,0,12,2332.0,326.0,116.0,378.0
134,cam_0,0,3,2460.0,578.0,234.0,460.0
134,cam_0,0,46,3796.0,1076.0,78.0,502.0
134,cam_0,0,7,2870.0,626.0,178.0,516.0
134,cam_0,0,76,1772.0,656.0,292.0,512.0
134,cam_0,0,103,3198.0,386.0,142.0,406.0
134,cam_0,0,134,474.0,582.0,176.0,394.0
135,cam_0,0,12,2318.0,326.0,114.0,374.0
135,cam_0,0,3,2454.0,580.0,240.0,460.0
135,cam_0,0,46,3802.0,1090.0,66.0,524.0
135,cam_0,0,7,2856.0,630.0,182.0,516.0
135,cam_0,0,76,1768.0,656.0,302.0,516.0
135,cam_0,0,103,3188.0,394.0,138.0,404.0
135,cam_0,0,134,450.0,594.0,174.0,404.0
136,cam_0,0,12,2302.0,326.0,114.0,370.0
136,cam_0,0,3,2448.0,582.0,250.0,458.0
136,cam_0,0,46,3806.0,1098.0,60.0,536.0
136,cam_0,0,7,2840.0,634.0,190.0,514.0
136,cam_0,0,76,1756.0,660.0,288.0,514.0
136,cam_0,0,103,3176.0,400.0,128.0,402.0
136,cam_0,0,134,430.0,594.0,180.0,400.0
137,cam_0,0,12,2286.0,324.0,122.0,378.0
137,cam_0,0,3,2448.0,584.0,256.0,460.0
137,cam_0,0,46,3806.0,1110.0,62.0,544.0
137,cam_0,0,7,2830.0,640.0,196.0,512.0
137,cam_0,0,76,1750.0,660.0,276.0,512.0
137,cam_0,0,103,3162.0,402.0,128.0,400.0
137,cam_0,0,134,418.0,594.0,182.0,392.0
138,cam_0,0,12,2276.0,326.0,132.0,386.0
138,cam_0,0,3,2448.0,586.0,254.0,454.0
138,cam_0,0,46,3798.0,1120.0,76.0,536.0
138,cam_0,0,7,2824.0,648.0,200.0,512.0
138,cam_0,0,76,1746.0,662.0,270.0,510.0
138,cam_0,0,103,3148.0,400.0,150.0,398.0
138,cam_0,0,134,406.0,596.0,180.0,396.0
139,cam_0,0,12,2264.0,326.0,150.0,394.0
139,cam_0,0,3,2452.0,588.0,248.0,452.0
139,cam_0,0,46,3786.0,1122.0,98.0,536.0
139,cam_0,0,7,2822.0,652.0,200.0,508.0
139,cam_0,0,76,1742.0,664.0,270.0,510.0
139,cam_0,0,103,3132.0,398.0,158.0,400.0
139,cam_0,0,134,390.0,602.0,180.0,408.0
139,cam_0,0,159,1442.0,582.0,82.0,264.0
140,cam_0,0,12,2246.0,332.0,168.0,414.0
140,cam_0,0,3,2440.0,590.0,252.0,454.0
140,cam_0,0,46,3772.0,1108.0,124.0,568.0
140,cam_0,0,7,2822.0,654.0,206.0,508.0
140,cam_0,0,76,1738.0,664.0,260.0,508.0
140,cam_0,0,103,3106.0,396.0,176.0,404.0
140,cam_0,0,134,376.0,608.0,178.0,412.0
140,cam_0,0,159,1438.0,582.0,78.0,264.0
141,cam_0,0,12,2232.0,338.0,184.0,414.0
141,cam_0,0,3,2428.0,592.0,256.0,452.0
141,cam_0,0,46,3766.0,1106.0,140.0,568.0
141,cam_0,0,7,2824.0,656.0,214.0,504.0
141,cam_0,0,76,1732.0,666.0,242.0,510.0
141,cam_0,0,103,3092.0,396.0,188.0,408.0
141,cam_0,0,134,364.0,616.0,176.0,420.0
141,cam_0,0,162,3766.0,978.0,138.0,810.0
141,cam_0,0,4,1460.0,484.0,146.0,464.0
142,cam_0,0,12,2208.0,350.0,186.0,408.0
142,cam_0,0,3,2418.0,592.0,250.0,456.0
142,cam_0,0,46,3758.0,1108.0,160.0,570.0
142,cam_0,0,7,2822.0,656.0,212.0,506.0
142,cam_0,0,76,1716.0,666.0,218.0,510.0
142,cam_0,0,103,3088.0,398.0,226.0,414.0
142,cam_0,0,134,346.0,624.0,174.0,416.0
142,cam_0,0,162,3770.0,788.0,132.0,436.0
142,cam_0,0,4,1446.0,488.0,142.0,472.0
143,cam_0,0,12,2176.0,358.0,164.0,406.0
143,cam_0,0,3,2398.0,592.0,238.0,458.0
143,cam_0,0,46,3742.0,1098.0,184.0,608.0
143,cam_0,0,7,2806.0,656.0,200.0,508.0
143,cam_0,0,76,1700.0,668.0,186.0,512.0
143,cam_0,0,103,3062.0,410.0,212.0,424.0
143,cam_0,0,134,332.0,632.0,182.0,414.0
143,cam_0,0,162,3752.0,700.0,164.0,382.0
143,cam_0,0,4,1430.0,492.0,124.0,482.0
144,cam_0,0,12,2148.0,360.0,170.0,402.0
144,cam_0,0,3,2370.0,586.0,256.0,466.0
144,cam_0,0,46,3734.0,1098.0,202.0,632.0
144,cam_0,0,7,2784.0,656.0,198.0,516.0
144,cam_0,0,76,1692.0,668.0,166.0,520.0
144,cam_0,0,103,3050.0,408.0,178.0,406.0
144,cam_0,0,134,318.0,640.0,184.0,410.0
144,cam_0,0,162,3742.0,690.0,186.0,368.0
144,cam_0,0,4,1420.0,498.0,120.0,486.0
145,cam_0,0,12,2138.0,358.0,158.0,402.0
145,cam_0,0,3,2344.0,582.0,270.0,476.0
145,cam_0,0,46,3726.0,1112.0,218.0,622.0
145,cam_0,0,7,2772.0,658.0,208.0,522.0
145,cam_0,0,76,1684.0,676.0,160.0,524.0
145,cam_0,0,103,3042.0,412.0,154.0,388.0
145,cam_0,0,134,306.0,650.0,180.0,404.0
145,cam_0,0,162,3750.0,666.0,172.0,310.0
145,cam_0,0,4,1404.0,540.0,142.0,418.0
146,cam_0,0,12,2130.0,358.0,160.0,408.0
146,cam_0,0,3,2328.0,572.0,242.0,478.0
146,cam_0,0,46,3720.0,1120.0,226.0,628.0
146,cam_0,0,7,2760.0,662.0,222.0,526.0
146,cam_0,0,76,1678.0,682.0,176.0,526.0
146,cam_0,0,103,3032.0,420.0,140.0,388.0
146,cam_0,0,134,294.0,654.0,180.0,404.0
146,cam_0,0,162,3720.0,704.0,204.0,384.0
146,cam_0,0,4,1386.0,522.0,172.0,458.0
147,cam_0,0,12,2118.0,358.0,152.0,414.0
147,cam_0,0,3,2316.0,570.0,214.0,490.0
147,cam_0,0,46,3720.0,1130.0,230.0,628.0
147,cam_0,0,7,2752.0,668.0,234.0,526.0
147,cam_0,0,76,1672.0,692.0,192.0,530.0
147,cam_0,0,103,3018.0,432.0,142.0,398.0
147,cam_0,0,134,278.0,660.0,182.0,414.0
147,cam_0,0,162,3708.0,716.0,210.0,398.0
147,cam_0,0,4,1382.0,550.0,166.0,412.0
148,cam_0,0,12,2100.0,360.0,156.0,422.0
148,cam_0,0,3,2302.0,568.0,190.0,494.0
148,cam_0,0,46,3718.0,1136.0,230.0,630.0
148,cam_0,0,7,2744.0,672.0,252.0,526.0
148,cam_0,0,76,1664.0,694.0,198.0,534.0
148,cam_0,0,103,3004.0,440.0,140.0,408.0
148,cam_0,0,134,262.0,672.0,186.0,434.0
148,cam_0,0,162,3694.0,718.0,192.0,406.0
148,cam_0,0,4,1374.0,556.0,156.0,412.0
149,cam_0,0,12,2080.0,362.0,158.0,424.0
149,cam_0,0,3,2290.0,572.0,174.0,496.0
149,cam_0,0,46,3712.0,1140.0,228.0,628.0
149,cam_0,0,7,2736.0,678.0,264.0,528.0
149,cam_0,0,76,1658.0,696.0,196.0,538.0
149,cam_0,0,103,2988.0,446.0,138.0,416.0
149,cam_0,0,134,250.0,690.0,188.0,470.0
149,cam_0,0,162,3684.0,714.0,186.0,412.0
149,cam_0,0,4,1356.0,534.0,158.0,454.0
150,cam_0,0,12,2058.0,368.0,178.0,426.0
150,cam_0,0,3,2268.0,578.0,184.0,500.0
150,cam_0,0,46,3714.0,1140.0,228.0,628.0
150,cam_0,0,7,2734.0,688.0,274.0,534.0
150,cam_0,0,76,1656.0,696.0,190.0,542.0
150,cam_0,0,103,2972.0,454.0,142.0,436.0
150,cam_0,0,134,234.0,698.0,194.0,472.0
150,cam_0,0,162,3672.0,712.0,164.0,418.0
150,cam_0,0,4,1350.0,526.0,170.0,468.0
151,cam_0,0,12,2040.0,374.0,186.0,428.0
151,cam_0,0,3,2236.0,588.0,200.0,496.0
151,cam_0,0,46,3714.0,1138.0,228.0,632.0
151,cam_0,0,7,2728.0,698.0,282.0,536.0
151,cam_0,0,76,1650.0,696.0,184.0,544.0
151,cam_0,0,103,2970.0,454.0,130.0,432.0
151,cam_0,0,134,220.0,696.0,200.0,466.0
151,cam_0,0,162,3662.0,708.0,156.0,426.0
151,cam_0,0,4,1330.0,522.0,152.0,474.0
152,cam_0,0,12,2020.0,380.0,168.0,420.0
152,cam_0,0,3,2206.0,598.0,224.0,488.0
152,cam_0,0,46,3706.0,1144.0,214.0,640.0
152,cam_0,0,7,2720.0,706.0,280.0,534.0
152,cam_0,0,76,1642.0,696.0,180.0,546.0
152,cam_0,0,103,2960.0,464.0,132.0,438.0
152,cam_0,0,134,208.0,702.0,206.0,468.0
152,cam_0,0,162,3640.0,714.0,158.0,432.0
152,cam_0,0,4,1318.0,520.0,146.0,476.0
153,cam_0,0,12,1998.0,384.0,142.0,412.0
153,cam_0,0,3,2180.0,602.0,250.0,482.0
153,cam_0,0,46,3688.0,1150.0,206.0,654.0
153,cam_0,0,7,2716.0,710.0,276.0,530.0
153,cam_0,0,76,1626.0,698.0,186.0,544.0
153,cam_0,0,103,2944.0,470.0,132.0,444.0
153,cam_0,0,134,194.0,716.0,214.0,484.0
153,cam_0,0,162,3616.0,726.0,176.0,444.0
153,cam_0,0,4,1304.0,522.0,150.0,480.0
154,cam_0,0,12,1982.0,388.0,126.0,408.0
154,cam_0,0,3,2160.0,606.0,276.0,476.0
154,cam_0,0,46,3668.0,1158.0,222.0,666.0
154,cam_0,0,7,2710.0,710.0,264.0,530.0
154,cam_0,0,76,1610.0,698.0,202.0,546.0
154,cam_0,0,103,2934.0,476.0,136.0,442.0
154,cam_0,0,134,182.0,724.0,214.0,486.0
154,cam_0,0,162,3590.0,736.0,190.0,456.0
154,cam_0,0,4,1280.0,526.0,184.0,482.0
155,cam_0,0,12,1964.0,386.0,120.0,408.0
155,cam_0,0,3,2144.0,608.0,300.0,472.0
155,cam_0,0,46,3658.0,1164.0,250.0,666.0
155,cam_0,0,7,2708.0,708.0,254.0,532.0
155,cam_0,0,76,1598.0,696.0,206.0,540.0
155,cam_0,0,103,2924.0,484.0,146.0,430.0
155,cam_0,0,134,168.0,732.0,220.0,486.0
155,cam_0,0,162,3566.0,752.0,192.0,458.0
155,cam_0,0,4,1266.0,532.0,200.0,486.0
156,cam_0,0,12,1944.0,384.0,126.0,410.0
156,cam_0,0,3,2138.0,608.0,312.0,472.0
156,cam_0,0,46,3650.0,1172.0,282.0,672.0
156,cam_0,0,7,2704.0,708.0,242.0,536.0
156,cam_0,0,76,1578.0,714.0,240.0,510.0
156,cam_0,0,103,2906.0,488.0,138.0,420.0
156,cam_0,0,134,154.0,722.0,216.0,458.0
156,cam_0,0,162,3546.0,760.0,194.0,450.0
156,cam_0,0,4,1250.0,534.0,222.0,488.0
157,cam_0,0,12,1928.0,384.0,136.0,420.0
157,cam_0,0,3,2134.0,608.0,312.0,468.0
157,cam_0,0,46,3646.0,1180.0,310.0,674.0
157,cam_0,0,7,2698.0,704.0,228.0,540.0
157,cam_0,0,76,1562.0,712.0,272.0,514.0
157,cam_0,0,103,2892.0,486.0,138.0,418.0
157,cam_0,0,134,140.0,736.0,210.0,480.0
157,cam_0,0,162,3528.0,774.0,202.0,444.0
157,cam_0,0,4,1236.0,584.0,240.0,388.0
158,cam_0,0,12,1900.0,390.0,166.0,436.0
158,cam_0,0,3,2122.0,608.0,294.0,466.0
158,cam_0,0,46,3636.0,1192.0,332.0,674.0
158,cam_0,0,7,2686.0,704.0,214.0,540.0
158,cam_0,0,76,1552.0,710.0,286.0,520.0
158,cam_0,0,103,2876.0,486.0,136.0,414.0
158,cam_0,0,134,130.0,744.0,210.0,486.0
158,cam_0,0,162,3502.0,776.0,212.0,434.0
158,cam_0,0,4,1230.0,622.0,248.0,308.0
159,cam_0,0,12,1882.0,392.0,194.0,440.0
159,cam_0,0,3,2104.0,606.0,278.0,470.0
159,cam_0,0,46,3626.0,1196.0,342.0,668.0
159,cam_0,0,7,2672.0,704.0,202.0,542.0
159,cam_0,0,76,1548.0,704.0,290.0,536.0
159,cam_0,0,103,2850.0,490.0,170.0,426.0
159,cam_0,0,134,122.0,746.0,202.0,490.0
159,cam_0,0,162,3484.0,780.0,218.0,442.0
159,cam_0,0,4,1226.0,636.0,246.0,280.0
159,cam_0,0,180,3512.0,754.0,158.0,382.0
160,cam_0,0,12,1864.0,396.0,220.0,440.0
160,cam_0,0,3,2080.0,602.0,256.0,480.0
160,cam_0,0,46,3618.0,1200.0,342.0,664.0
160,cam_0,0,7,2654.0,708.0,198.0,544.0
160,cam_0,0,76,1546.0,724.0,294.0,504.0
160,cam_0,0,103,2832.0,494.0,194.0,438.0
160,cam_0,0,134,122.0,738.0,196.0,472.0
160,cam_0,0,162,3468.0,784.0,218.0,438.0
160,cam_0,0,4,1220.0,644.0,234.0,266.0
160,cam_0,0,180,3502.0,752.0,148.0,368.0
161,cam_0,0,12,1852.0,400.0,230.0,438.0
161,cam_0,0,3,2056.0,596.0,232.0,492.0
161,cam_0,0,46,3608.0,1204.0,330.0,660.0
161,cam_0,0,7,2640.0,710.0,200.0,544.0
161,cam_0,0,76,1546.0,724.0,298.0,508.0
161,cam_0,0,103,2820.0,494.0,200.0,440.0
161,cam_0,0,134,118.0,742.0,192.0,480.0
161,cam_0,0,162,3462.0,784.0,210.0,440.0
161,cam_0,0,4,1202.0,640.0,196.0,282.0
162,cam_0,0,12,1842.0,400.0,224.0,414.0
162,cam_0,0,3,2044.0,592.0,196.0,502.0
162,cam_0,0,46,3598.0,1206.0,310.0,662.0
162,cam_0,0,7,2624.0,716.0,208.0,538.0
162,cam_0,0,76,1540.0,726.0,292.0,506.0
162,cam_0,0,103,2808.0,494.0,200.0,428.0
162,cam_0,0,134,114.0,746.0,188.0,480.0
162,cam_0,0,162,3456.0,782.0,192.0,448.0
162,cam_0,0,4,1180.0,638.0,150.0,280.0
163,cam_0,0,12,1832.0,408.0,226.0,408.0
163,cam_0,0,3,2030.0,588.0,178.0,508.0
163,cam_0,0,46,3590.0,1204.0,280.0,662.0
163,cam_0,0,7,2612.0,724.0,216.0,534.0
163,cam_0,0,76,1526.0,724.0,280.0,508.0
163,cam_0,0,103,2784.0,500.0,212.0,422.0
163,cam_0,0,134,104.0,736.0,190.0,454.0
163,cam_0,0,162,3448.0,778.0,178.0,452.0
164,cam_0,0,12,1818.0,414.0,216.0,398.0
164,cam_0,0,3,2010.0,586.0,172.0,508.0
164,cam_0,0,46,3578.0,1206.0,248.0,660.0
164,cam_0,0,7,2604.0,730.0,224.0,528.0
164,cam_0,0,76,1508.0,724.0,262.0,508.0
164,cam_0,0,103,2764.0,508.0,206.0,420.0
164,cam_0,0,134,98.0,736.0,194.0,432.0
164,cam_0,0,162,3436.0,772.0,172.0,448.0
164,cam_0,0,4,1138.0,650.0,114.0,274.0
165,cam_0,0,12,1806.0,418.0,190.0,406.0
165,cam_0,0,3,1994.0,584.0,168.0,504.0
165,cam_0,0,46,3564.0,1206.0,222.0,656.0
165,cam_0,0,7,2596.0,734.0,226.0,538.0
165,cam_0,0,76,1492.0,718.0,240.0,518.0
165,cam_0,0,103,2752.0,516.0,178.0,426.0
165,cam_0,0,134,94.0,740.0,188.0,424.0
165,cam_0,0,162,3418.0,774.0,170.0,458.0
166,cam_0,0,12,1790.0,416.0,154.0,410.0
166,cam_0,0,3,1968.0,588.0,166.0,504.0
166,cam_0,0,46,3530.0,1208.0,228.0,654.0
166,cam_0,0,7,2594.0,742.0,222.0,544.0
166,cam_0,0,76,1484.0,720.0,204.0,520.0
166,cam_0,0,103,2726.0,526.0,150.0,430.0
166,cam_0,0,134,90.0,750.0,182.0,428.0
166,cam_0,0,162,3396.0,788.0,174.0,474.0
167,cam_0,0,12,1786.0,412.0,136.0,416.0
167,cam_0,0,3,1942.0,596.0,188.0,498.0
167,cam_0,0,46,3502.0,1208.0,250.0,654.0
167,cam_0,0,7,2590.0,748.0,224.0,542.0
167,cam_0,0,76,1462.0,722.0,182.0,516.0
167,cam_0,0,103,2708.0,532.0,142.0,428.0
167,cam_0,0,134,88.0,754.0,176.0,422.0
167,cam_0,0,162,3378.0,802.0,182.0,484.0
168,cam_0,0,12,1784.0,414.0,130.0,428.0
168,cam_0,0,3,1916.0,598.0,216.0,486.0
168,cam_0,0,46,3474.0,1206.0,274.0,652.0
168,cam_0,0,7,2582.0,756.0,224.0,540.0
168,cam_0,0,76,1454.0,722.0,180.0,512.0
168,cam_0,0,103,2692.0,532.0,150.0,428.0
168,cam_0,0,134,82.0,756.0,166.0,420.0
168,cam_0,0,162,3362.0,818.0,194.0,496.0
168,cam_0,0,4,1072.0,650.0,220.0,288.0
169,cam_0,0,12,1782.0,410.0,128.0,434.0
169,cam_0,0,3,1884.0,602.0,248.0,476.0
169,cam_0,0,46,3446.0,1208.0,296.0,650.0
169,cam_0,0,7,2576.0,762.0,228.0,532.0
169,cam_0,0,76,1452.0,722.0,142.0,510.0
169,cam_0,0,103,2672.0,530.0,162.0,418.0
169,cam_0,0,134,78.0,780.0,156.0,460.0
169,cam_0,0,162,3340.0,834.0,196.0,492.0
169,cam_0,0,4,1064.0,644.0,236.0,296.0
170,cam_0,0,12,1780.0,382.0,124.0,382.0
170,cam_0,0,3,1854.0,610.0,262.0,468.0
170,cam_0,0,46,3422.0,1210.0,316.0,654.0
170,cam_0,0,7,2562.0,760.0,222.0,530.0
170,cam_0,0,76,1448.0,722.0,130.0,508.0
170,cam_0,0,103,2660.0,550.0,166.0,432.0
170,cam_0,0,134,74.0,788.0,148.0,474.0
170,cam_0,0,162,3324.0,856.0,198.0,484.0
170,cam_0,0,4,1056.0,640.0,240.0,304.0
170,cam_0,0,190,3808.0,876.0,54.0,418.0
171,cam_0,0,12,1780.0,368.0,122.0,350.0
171,cam_0,0,3,1836.0,624.0,274.0,460.0
171,cam_0,0,46,3412.0,1212.0,322.0,654.0
171,cam_0,0,7,2544.0,760.0,214.0,532.0
171,cam_0,0,76,1448.0,724.0,136.0,504.0
171,cam_0,0,103,2644.0,574.0,158.0,462.0
171,cam_0,0,134,72.0,792.0,144.0,482.0
171,cam_0,0,162,3316.0,870.0,198.0,476.0
171,cam_0,0,4,1050.0,632.0,232.0,318.0
171,cam_0,0,190,3792.0,880.0,86.0,438.0
172,cam_0,0,12,1778.0,366.0,124.0,342.0
172,cam_0,0,3,1830.0,632.0,280.0,448.0
172,cam_0,0,46,3406.0,1214.0,318.0,652.0
172,cam_0,0,7,2524.0,756.0,200.0,540.0
172,cam_0,0,76,1458.0,720.0,182.0,508.0
172,cam_0,0,103,2634.0,576.0,164.0,450.0
172,cam_0,0,134,70.0,792.0,140.0,476.0
172,cam_0,0,162,3308.0,872.0,192.0,474.0
172,cam_0,0,4,1042.0,648.0,218.0,288.0
172,cam_0,0,190,3776.0,872.0,112.0,462.0
173,cam_0,0,12,1780.0,372.0,126.0,334.0
173,cam_0,0,3,1828.0,638.0,282.0,438.0
173,cam_0,0,46,3404.0,1214.0,320.0,652.0
173,cam_0,0,7,2514.0,752.0,202.0,544.0
173,cam_0,0,76,1456.0,716.0,222.0,510.0
173,cam_0,0,103,2614.0,582.0,150.0,434.0
173,cam_0,0,134,70.0,786.0,140.0,462.0
173,cam_0,0,162,3288.0,888.0,196.0,494.0
173,cam_0,0,4,1030.0,656.0,194.0,274.0
173,cam_0,0,190,3762.0,874.0,140.0,466.0
174,cam_0,0,12,1780.0,378.0,128.0,312.0
174,cam_0,0,3,1826.0,640.0,284.0,436.0
174,cam_0,0,46,3400.0,1214.0,314.0,654.0
174,cam_0,0,7,2486.0,764.0,184.0,536.0
174,cam_0,0,76,1456.0,710.0,264.0,514.0
174,cam_0,0,103,2590.0,588.0,146.0,422.0
174,cam_0,0,134,68.0,792.0,136.0,468.0
174,cam_0,0,162,3274.0,898.0,200.0,490.0
174,cam_0,0,190,3752.0,872.0,158.0,470.0
175,cam_0,0,12,1778.0,392.0,124.0,296.0
175,cam_0,0,3,1826.0,638.0,284.0,440.0
175,cam_0,0,46,3394.0,1216.0,298.0,654.0
175,cam_0,0,7,2470.0,764.0,186.0,552.0
175,cam_0,0,76,1434.0,712.0,246.0,498.0
175,cam_0,0,103,2576.0,594.0,146.0,408.0
175,cam_0,0,134,66.0,792.0,132.0,464.0
175,cam_0,0,162,3266.0,904.0,196.0,488.0
175,cam_0,0,190,3752.0,870.0,164.0,476.0
175,cam_0,0,194,1770.0,450.0,142.0,406.0
175,cam_0,0,4,994.0,646.0,136.0,306.0
176,cam_0,0,12,1784.0,404.0,128.0,280.0
176,cam_0,0,3,1828.0,628.0,282.0,454.0
176,cam_0,0,46,3384.0,1218.0,276.0,658.0
176,cam_0,0,7,2452.0,768.0,198.0,560.0
176,cam_0,0,76,1420.0,714.0,234.0,478.0
176,cam_0,0,103,2568.0,608.0,150.0,400.0
176,cam_0,0,134,64.0,800.0,128.0,456.0
176,cam_0,0,162,3268.0,898.0,192.0,500.0
176,cam_0,0,190,3754.0,882.0,168.0,504.0
176,cam_0,0,4,980.0,650.0,100.0,306.0
177,cam_0,0,12,1788.0,420.0,126.0,276.0
177,cam_0,0,3,1828.0,620.0,280.0,460.0
177,cam_0,0,46,3370.0,1220.0,250.0,662.0
177,cam_0,0,7,2428.0,774.0,218.0,560.0
177,cam_0,0,76,1402.0,700.0,222.0,496.0
177,cam_0,0,103,2556.0,620.0,156.0,394.0
177,cam_0,0,134,62.0,804.0,126.0,442.0
177,cam_0,0,162,3260.0,896.0,194.0,508.0
177,cam_0,0,190,3744.0,892.0,182.0,528.0
177,cam_0,0,4,970.0,662.0,110.0,292.0
178,cam_0,0,12,1796.0,428.0,138.0,284.0
178,cam_0,0,3,1828.0,612.0,272.0,464.0
178,cam_0,0,46,3362.0,1224.0,230.0,664.0
178,cam_0,0,7,2398.0,782.0,238.0,554.0
178,cam_0,0,76,1386.0,700.0,220.0,482.0
178,cam_0,0,103,2542.0,628.0,148.0,388.0
178,cam_0,0,134,60.0,810.0,120.0,430.0
178,cam_0,0,162,3236.0,896.0,198.0,504.0
178,cam_0,0,190,3734.0,904.0,204.0,538.0
178,cam_0,0,4,958.0,668.0,132.0,294.0
179,cam_0,0,3,1830.0,608.0,276.0,472.0
179,cam_0,0,46,3356.0,1230.0,216.0,676.0
179,cam_0,0,7,2376.0,790.0,266.0,548.0
179,cam_0,0,76,1368.0,714.0,232.0,446.0
179,cam_0,0,103,2534.0,636.0,156.0,388.0
179,cam_0,0,134,56.0,812.0,114.0,418.0
179,cam_0,0,162,3218.0,900.0,202.0,508.0
179,cam_0,0,190,3720.0,920.0,232.0,538.0
179,cam_0,0,4,944.0,672.0,156.0,298.0
180,cam_0,0,3,1828.0,612.0,274.0,466.0
180,cam_0,0,46,3350.0,1240.0,208.0,690.0
180,cam_0,0,7,2356.0,804.0,280.0,546.0
180,cam_0,0,76,1350.0,706.0,250.0,456.0
180,cam_0,0,103,2532.0,644.0,156.0,398.0
180,cam_0,0,134,52.0,814.0,106.0,410.0
180,cam_0,0,162,3204.0,914.0,200.0,522.0
180,cam_0,0,190,3702.0,938.0,270.0,530.0
180,cam_0,0,4,936.0,660.0,172.0,332.0
181,cam_0,0,3,1824.0,616.0,278.0,464.0
181,cam_0,0,46,3328.0,1252.0,218.0,698.0
181,cam_0,0,7,2348.0,818.0,284.0,538.0
181,cam_0,0,76,1342.0,704.0,274.0,458.0
181,cam_0,0,103,2534.0,650.0,164.0,412.0
181,cam_0,0,134,48.0,816.0,98.0,398.0
181,cam_0,0,162,3192.0,936.0,196.0,528.0
181,cam_0,0,190,3686.0,952.0,286.0,518.0
181,cam_0,0,4,932.0,658.0,180.0,344.0
182,cam_0,0,3,1820.0,622.0,282.0,458.0
182,cam_0,0,46,3306.0,1260.0,236.0,704.0
182,cam_0,0,7,2346.0,822.0,292.0,532.0
182,cam_0,0,76,1336.0,700.0,290.0,464.0
182,cam_0,0,103,2544.0,652.0,186.0,424.0
182,cam_0,0,134,44.0,820.0,88.0,394.0
182,cam_0,0,162,3184.0,954.0,184.0,536.0
182,cam_0,0,190,3660.0,958.0,334.0,508.0
182,cam_0,0,4,930.0,652.0,184.0,362.0
183,cam_0,0,3,1818.0,628.0,280.0,450.0
183,cam_0,0,46,3290.0,1264.0,258.0,700.0
183,cam_0,0,7,2352.0,822.0,304.0,530.0
183,cam_0,0,76,1336.0,700.0,304.0,462.0
183,cam_0,0,103,2564.0,650.0,228.0,428.0
183,cam_0,0,134,38.0,824.0,78.0,388.0
183,cam_0,0,162,3178.0,972.0,170.0,546.0
183,cam_0,0,190,3654.0,960.0,358.0,506.0
183,cam_0,0,4,928.0,650.0,186.0,366.0
183,cam_0,0,204,40.0,914.0,82.0,578.0
184,cam_0,0,3,1820.0,628.0,284.0,448.0
184,cam_0,0,46,3274.0,1270.0,288.0,694.0
184,cam_0,0,7,2354.0,818.0,306.0,536.0
184,cam_0,0,76,1318.0,718.0,286.0,426.0
184,cam_0,0,103,2588.0,648.0,270.0,428.0
184,cam_0,0,134,38.0,824.0,76.0,382.0
184,cam_0,0,162,3168.0,996.0,166.0,544.0
184,cam_0,0,190,3654.0,960.0,364.0,504.0
184,cam_0,0,4,928.0,646.0,186.0,370.0
184,cam_0,0,204,40.0,914.0,82.0,572.0
185,cam_0,0,3,1822.0,630.0,288.0,444.0
185,cam_0,0,46,3258.0,1278.0,316.0,690.0
185,cam_0,0,7,2348.0,818.0,286.0,546.0
185,cam_0,0,76,1310.0,736.0,280.0,394.0
185,cam_0,0,103,2602.0,650.0,242.0,422.0
185,cam_0,0,134,38.0,824.0,78.0,376.0
185,cam_0,0,162,3156.0,1016.0,192.0,548.0
185,cam_0,0,190,3654.0,962.0,368.0,516.0
185,cam_0,0,4,926.0,648.0,186.0,366.0
185,cam_0,0,204,42.0,918.0,84.0,570.0
185,cam_0,0,208,1936.0,408.0,116.0,380.0
186,cam_0,0,3,1826.0,634.0,296.0,442.0
186,cam_0,0,46,3244.0,1288.0,348.0,680.0
186,cam_0,0,7,2338.0,820.0,260.0,566.0
186,cam_0,0,76,1304.0,750.0,278.0,366.0
186,cam_0,0,103,2598.0,654.0,272.0,414.0
186,cam_0,0,134,38.0,818.0,78.0,354.0
186,cam_0,0,162,3140.0,1040.0,216.0,554.0
186,cam_0,0,190,3642.0,968.0,362.0,536.0
186,cam_0,0,4,924.0,648.0,180.0,364.0
186,cam_0,0,204,42.0,918.0,86.0,564.0
186,cam_0,0,208,1950.0,404.0,118.0,386.0
187,cam_0,0,3,1830.0,636.0,298.0,444.0
187,cam_0,0,46,3226.0,1302.0,372.0,664.0
187,cam_0,0,7,2338.0,830.0,248.0,584.0
187,cam_0,0,76,1300.0,758.0,272.0,352.0
187,cam_0,0,103,2614.0,662.0,266.0,412.0
187,cam_0,0,134,38.0,816.0,76.0,344.0
187,cam_0,0,162,3134.0,1058.0,224.0,540.0
187,cam_0,0,190,3638.0,978.0,328.0,546.0
187,cam_0,0,4,916.0,644.0,170.0,370.0
187,cam_0,0,204,42.0,918.0,84.0,558.0
187,cam_0,0,208,1968.0,406.0,122.0,398.0
188,cam_0,0,3,1836.0,636.0,298.0,444.0
188,cam_0,0,46,3218.0,1310.0,390.0,652.0
188,cam_0,0,7,2346.0,840.0,252.0,594.0
188,cam_0,0,76,1296.0,762.0,266.0,342.0
188,cam_0,0,103,2654.0,670.0,286.0,404.0
188,cam_0,0,134,34.0,832.0,70.0,350.0
188,cam_0,0,162,3124.0,1070.0,244.0,546.0
188,cam_0,0,190,3620.0,996.0,310.0,540.0
188,cam_0,0,4,912.0,646.0,156.0,366.0
188,cam_0,0,204,40.0,924.0,82.0,544.0
188,cam_0,0,208,1984.0,408.0,124.0,404.0
189,cam_0,0,3,1850.0,636.0,300.0,446.0
189,cam_0,0,46,3216.0,1312.0,396.0,644.0
189,cam_0,0,7,2350.0,850.0,262.0,602.0
189,cam_0,0,76,1290.0,764.0,260.0,340.0
189,cam_0,0,103,2696.0,678.0,330.0,410.0
189,cam_0,0,162,3116.0,1070.0,252.0,548.0
189,cam_0,0,190,3594.0,1016.0,322.0,544.0
189,cam_0,0,4,906.0,646.0,140.0,366.0
189,cam_0,0,204,42.0,938.0,84.0,534.0
189,cam_0,0,208,1998.0,428.0,134.0,448.0
190,cam_0,0,3,1852.0,634.0,284.0,450.0
190,cam_0,0,46,3212.0,1308.0,388.0,644.0
190,cam_0,0,7,2358.0,858.0,274.0,606.0
190,cam_0,0,76,1284.0,762.0,252.0,342.0
190,cam_0,0,103,2720.0,684.0,356.0,420.0
190,cam_0,0,162,3098.0,1064.0,268.0,548.0
190,cam_0,0,190,3560.0,1022.0,352.0,538.0
190,cam_0,0,4,900.0,646.0,128.0,364.0
190,cam_0,0,204,40.0,956.0,80.0,540.0
190,cam_0,0,208,2016.0,436.0,142.0,458.0
191,cam_0,0,3,1862.0,632.0,286.0,454.0
191,cam_0,0,46,3212.0,1304.0,376.0,654.0
191,cam_0,0,7,2362.0,870.0,286.0,608.0
191,cam_0,0,76,1274.0,764.0,234.0,344.0
191,cam_0,0,103,2738.0,688.0,360.0,424.0
191,cam_0,0,162,3088.0,1062.0,260.0,548.0
191,cam_0,0,190,3530.0,1028.0,350.0,538.0
191,cam_0,0,4,896.0,646.0,118.0,362.0
191,cam_0,0,204,40.0,976.0,80.0,548.0
191,cam_0,0,208,2048.0,446.0,148.0,460.0
192,cam_0,0,3,1880.0,630.0,282.0,458.0
192,cam_0,0,46,3218.0,1298.0,374.0,666.0
192,cam_0,0,7,2368.0,880.0,298.0,608.0
192,cam_0,0,76,1264.0,764.0,210.0,346.0
192,cam_0,0,103,2748.0,698.0,334.0,432.0
192,cam_0,0,162,3062.0,1062.0,242.0,550.0
192,cam_0,0,190,3516.0,1028.0,320.0,532.0
192,cam_0,0,4,892.0,646.0,112.0,364.0
192,cam_0,0,204,36.0,986.0,74.0,558.0
192,cam_0,0,208,2076.0,456.0,162.0,450.0
193,cam_0,0,3,1900.0,626.0,258.0,466.0
193,cam_0,0,46,3228.0,1288.0,358.0,676.0
193,cam_0,0,7,2372.0,890.0,306.0,612.0
193,cam_0,0,76,1248.0,764.0,178.0,352.0
193,cam_0,0,103,2754.0,704.0,288.0,434.0
193,cam_0,0,162,3030.0,1068.0,246.0,556.0
193,cam_0,0,190,3512.0,1034.0,290.0,536.0
193,cam_0,0,4,892.0,644.0,114.0,364.0
193,cam_0,0,204,34.0,992.0,68.0,558.0
193,cam_0,0,208,2096.0,464.0,200.0,442.0
194,cam_0,0,3,1924.0,620.0,226.0,476.0
194,cam_0,0,46,3252.0,1280.0,344.0,678.0
194,cam_0,0,7,2378.0,896.0,308.0,616.0
194,cam_0,0,76,1240.0,762.0,166.0,370.0
194,cam_0,0,103,2816.0,710.0,310.0,426.0
194,cam_0,0,162,3000.0,1078.0,258.0,566.0
194,cam_0,0,190,3512.0,1046.0,270.0,556.0
194,cam_0,0,4,894.0,646.0,120.0,364.0
194,cam_0,0,204,34.0,1002.0,70.0,560.0
194,cam_0,0,208,2114.0,468.0,228.0,436.0
195,cam_0,0,3,1944.0,614.0,202.0,484.0
195,cam_0,0,46,3266.0,1278.0,328.0,672.0
195,cam_0,0,7,2382.0,900.0,302.0,616.0
195,cam_0,0,76,1230.0,764.0,158.0,380.0
195,cam_0,0,103,2866.0,716.0,296.0,418.0
195,cam_0,0,162,2966.0,1090.0,272.0,566.0
195,cam_0,0,190,3496.0,1064.0,266.0,574.0
195,cam_0,0,4,900.0,646.0,128.0,364.0
195,cam_0,0,204,34.0,1006.0,70.0,564.0
195,cam_0,0,208,2130.0,472.0,238.0,436.0
196,cam_0,0,3,1962.0,610.0,186.0,490.0
196,cam_0,0,46,3288.0,1286.0,320.0,664.0
196,cam_0,0,7,2388.0,902.0,286.0,614.0
196,cam_0,0,76,1210.0,760.0,170.0,400.0
196,cam_0,0,103,2914.0,724.0,256.0,410.0
196,cam_0,0,162,2936.0,1108.0,284.0,568.0
196,cam_0,0,190,3490.0,1082.0,232.0,588.0
196,cam_0,0,4,906.0,644.0,134.0,362.0
196,cam_0,0,204,32.0,1010.0,64.0,564.0
196,cam_0,0,208,2136.0,474.0,238.0,440.0
197,cam_0,0,3,1976.0,614.0,178.0,492.0
197,cam_0,0,46,3300.0,1294.0,332.0,654.0
197,cam_0,0,7,2392.0,904.0,272.0,614.0
197,cam_0,0,76,1200.0,764.0,164.0,410.0
197,cam_0,0,103,2938.0,726.0,244.0,402.0
197,cam_0,0,162,2910.0,1130.0,302.0,568.0
197,cam_0,0,190,3472.0,1094.0,236.0,564.0
197,cam_0,0,4,914.0,644.0,150.0,364.0
197,cam_0,0,204,32.0,1012.0,66.0,560.0
197,cam_0,0,208,2146.0,474.0,226.0,438.0
198,cam_0,0,3,1988.0,620.0,176.0,492.0
198,cam_0,0,46,3320.0,1302.0,366.0,638.0
198,cam_0,0,7,2406.0,902.0,252.0,616.0
198,cam_0,0,76,1194.0,772.0,160.0,408.0
198,cam_0,0,103,2956.0,730.0,260.0,396.0
198,cam_0,0,162,2892.0,1148.0,314.0,564.0
198,cam_0,0,190,3448.0,1088.0,246.0,516.0
198,cam_0,0,4,914.0,644.0,150.0,364.0
198,cam_0,0,204,32.0,1012.0,66.0,558.0
198,cam_0,0,208,2160.0,472.0,200.0,436.0
199,cam_0,0,3,2002.0,626.0,192.0,488.0
199,cam_0,0,46,3340.0,1314.0,408.0,610.0
199,cam_0,0,7,2418.0,900.0,232.0,618.0
199,cam_0,0,76,1188.0,780.0,158.0,404.0
199,cam_0,0,103,2974.0,746.0,284.0,424.0
199,cam_0,0,162,2882.0,1162.0,316.0,556.0
199,cam_0,0,190,3434.0,1096.0,246.0,506.0
199,cam_0,0,4,922.0,646.0,164.0,366.0
199,cam_0,0,204,32.0,1012.0,64.0,556.0
199,cam_0,0,208,2186.0,470.0,156.0,436.0
200,cam_0,0,3,2018.0,636.0,222.0,488.0
200,cam_0,0,46,3362.0,1326.0,450.0,586.0
200,cam_0,0,7,2428.0,902.0,220.0,618.0
200,cam_0,0,76,1180.0,784.0,154.0,404.0
200,cam_0,0,103,2998.0,758.0,308.0,444.0
200,cam_0,0,162,2876.0,1172.0,312.0,548.0
200,cam_0,0,190,3428.0,1086.0,246.0,472.0
200,cam_0,0,4,926.0,648.0,174.0,364.0
200,cam_0,0,204,30.0,1014.0,62.0,552.0
200,cam_0,0,208,2204.0,466.0,142.0,442.0
201,cam_0,0,3,2034.0,644.0,250.0,484.0
201,cam_0,0,46,3370.0,1326.0,474.0,584.0
201,cam_0,0,7,2436.0,906.0,216.0,618.0
201,cam_0,0,76,1178.0,788.0,154.0,402.0
201,cam_0,0,103,3026.0,770.0,324.0,452.0
201,cam_0,0,162,2862.0,1176.0,298.0,550.0
201,cam_0,0,190,3424.0,1046.0,240.0,388.0
201,cam_0,0,4,930.0,648.0,184.0,364.0
201,cam_0,0,204,30.0,1016.0,60.0,548.0
201,cam_0,0,208,2230.0,468.0,134.0,448.0
202,cam_0,0,3,2046.0,650.0,278.0,482.0
202,cam_0,0,46,3372.0,1324.0,480.0,588.0
202,cam_0,0,7,2448.0,920.0,216.0,626.0
202,cam_0,0,76,1174.0,790.0,146.0,402.0
202,cam_0,0,103,3060.0,782.0,306.0,458.0
202,cam_0,0,162,2854.0,1166.0,284.0,566.0
202,cam_0,0,190,3414.0,1082.0,236.0,462.0
202,cam_0,0,4,942.0,644.0,206.0,368.0
202,cam_0,0,204,30.0,1020.0,60.0,542.0
202,cam_0,0,208,2250.0,464.0,136.0,448.0
203,cam_0,0,3,2060.0,654.0,298.0,486.0
203,cam_0,0,46,3384.0,1320.0,478.0,598.0
203,cam_0,0,7,2456.0,938.0,206.0,628.0
203,cam_0,0,76,1172.0,792.0,142.0,402.0
203,cam_0,0,103,3098.0,792.0,308.0,458.0
203,cam_0,0,162,2868.0,1158.0,308.0,580.0
203,cam_0,0,190,3406.0,1106.0,242.0,518.0
203,cam_0,0,4,952.0,644.0,226.0,370.0
203,cam_0,0,204,30.0,1022.0,60.0,540.0
203,cam_0,0,208,2272.0,462.0,134.0,450.0
204,cam_0,0,3,2062.0,658.0,306.0,488.0
204,cam_0,0,46,3400.0,1304.0,458.0,598.0
204,cam_0,0,7,2462.0,950.0,204.0,630.0
204,cam_0,0,76,1174.0,792.0,146.0,402.0
204,cam_0,0,103,3138.0,798.0,298.0,444.0
204,cam_0,0,162,2844.0,1148.0,272.0,582.0
204,cam_0,0,190,3402.0,1112.0,240.0,538.0
204,cam_0,0,4,958.0,644.0,238.0,366.0
204,cam_0,0,204,30.0,1022.0,62.0,534.0
204,cam_0,0,208,2290.0,464.0,140.0,452.0
205,cam_0,0,3,2066.0,660.0,308.0,488.0
205,cam_0,0,46,3422.0,1292.0,420.0,608.0
205,cam_0,0,7,2468.0,964.0,204.0,626.0
205,cam_0,0,76,1178.0,792.0,158.0,400.0
205,cam_0,0,103,3184.0,806.0,274.0,436.0
205,cam_0,0,162,2830.0,1146.0,252.0,592.0
205,cam_0,0,190,3394.0,1118.0,252.0,554.0
205,cam_0,0,4,964.0,646.0,246.0,362.0
205,cam_0,0,204,32.0,1028.0,62.0,524.0
205,cam_0,0,208,2314.0,472.0,156.0,452.0
206,cam_0,0,3,2072.0,662.0,302.0,486.0
206,cam_0,0,46,3464.0,1282.0,374.0,612.0
206,cam_0,0,7,2478.0,978.0,214.0,622.0
206,cam_0,0,76,1182.0,792.0,168.0,398.0
206,cam_0,0,103,3214.0,820.0,236.0,446.0
206,cam_0,0,162,2820.0,1150.0,248.0,604.0
206,cam_0,0,190,3398.0,1124.0,240.0,554.0
206,cam_0,0,4,968.0,656.0,248.0,344.0
206,cam_0,0,204,30.0,1030.0,62.0,518.0
206,cam_0,0,208,2342.0,480.0,170.0,448.0
207,cam_0,0,3,2084.0,662.0,284.0,484.0
207,cam_0,0,46,3512.0,1270.0,326.0,616.0
207,cam_0,0,7,2482.0,990.0,220.0,620.0
207,cam_0,0,76,1188.0,788.0,180.0,406.0
207,cam_0,0,103,3230.0,842.0,224.0,476.0
207,cam_0,0,162,2810.0,1158.0,250.0,610.0
207,cam_0,0,190,3400.0,1138.0,232.0,566.0
207,cam_0,0,4,966.0,658.0,244.0,342.0
207,cam_0,0,204,30.0,1032.0,60.0,514.0
207,cam_0,0,208,2358.0,490.0,196.0,444.0
208,cam_0,0,3,2098.0,660.0,268.0,488.0
208,cam_0,0,46,3562.0,1262.0,262.0,626.0
208,cam_0,0,7,2488.0,1000.0,232.0,628.0
208,cam_0,0,76,1186.0,790.0,188.0,402.0
208,cam_0,0,103,3252.0,858.0,220.0,500.0
208,cam_0,0,162,2804.0,1170.0,250.0,616.0
208,cam_0,0,190,3404.0,1144.0,234.0,578.0
208,cam_0,0,4,968.0,674.0,242.0,308.0
208,cam_0,0,204,30.0,1038.0,60.0,508.0
208,cam_0,0,208,2368.0,496.0,214.0,444.0
209,cam_0,0,3,2120.0,656.0,248.0,492.0
209,cam_0,0,46,3590.0,1264.0,232.0,632.0
209,cam_0,0,7,2494.0,1008.0,244.0,636.0
209,cam_0,0,76,1182.0,792.0,200.0,400.0
209,cam_0,0,103,3276.0,872.0,222.0,518.0
209,cam_0,0,162,2798.0,1184.0,248.0,620.0
209,cam_0,0,190,3410.0,1150.0,240.0,578.0
209,cam_0,0,4,970.0,680.0,238.0,294.0
209,cam_0,0,204,28.0,1042.0,58.0,500.0
209,cam_0,0,208,2378.0,506.0,224.0,448.0
210,cam_0,0,3,2146.0,650.0,224.0,500.0
210,cam_0,0,46,3616.0,1262.0,224.0,646.0
210,cam_0,0,7,2498.0,1012.0,246.0,642.0
210,cam_0,0,76,1172.0,790.0,218.0,398.0
210,cam_0,0,103,3296.0,888.0,202.0,530.0
210,cam_0,0,162,2794.0,1190.0,248.0,612.0
210,cam_0,0,190,3428.0,1150.0,226.0,580.0
210,cam_0,0,4,980.0,654.0,218.0,334.0
210,cam_0,0,204,26.0,1050.0,54.0,490.0
210,cam_0,0,208,2386.0,510.0,232.0,450.0
211,cam_0,0,3,2168.0,644.0,194.0,510.0
211,cam_0,0,46,3652.0,1268.0,242.0,634.0
211,cam_0,0,7,2510.0,1014.0,242.0,644.0
211,cam_0,0,76,1162.0,788.0,224.0,398.0
211,cam_0,0,103,3330.0,898.0,210.0,526.0
211,cam_0,0,162,2792.0,1192.0,248.0,604.0
211,cam_0,0,190,3452.0,1154.0,212.0,572.0
211,cam_0,0,204,24.0,1058.0,48.0,482.0
211,cam_0,0,208,2392.0,512.0,230.0,452.0
212,cam_0,0,3,2190.0,642.0,174.0,516.0
212,cam_0,0,46,3672.0,1272.0,232.0,630.0
212,cam_0,0,7,2514.0,1010.0,238.0,644.0
212,cam_0,0,76,1156.0,786.0,224.0,400.0
212,cam_0,0,103,3368.0,906.0,220.0,522.0
212,cam_0,0,162,2790.0,1194.0,246.0,604.0
212,cam_0,0,190,3458.0,1152.0,206.0,572.0
212,cam_0,0,204,22.0,1060.0,44.0,474.0
212,cam_0,0,208,2402.0,512.0,222.0,454.0
212,cam_0,0,4,998.0,640.0,192.0,350.0
213,cam_0,0,3,2210.0,646.0,184.0,526.0
213,cam_0,0,46,3682.0,1272.0,220.0,628.0
213,cam_0,0,7,2532.0,1012.0,222.0,648.0
213,cam_0,0,76,1158.0,788.0,232.0,396.0
213,cam_0,0,103,3408.0,910.0,210.0,518.0
213,cam_0,0,162,2794.0,1192.0,242.0,608.0
213,cam_0,0,190,3468.0,1164.0,204.0,550.0
213,cam_0,0,204,22.0,1066.0,44.0,476.0
213,cam_0,0,208,2420.0,510.0,208.0,456.0
214,cam_0,0,3,2222.0,646.0,186.0,526.0
214,cam_0,0,46,3686.0,1264.0,214.0,630.0
214,cam_0,0,7,2548.0,1012.0,208.0,650.0
214,cam_0,0,76,1156.0,790.0,240.0,390.0
214,cam_0,0,103,3430.0,918.0,214.0,516.0
214,cam_0,0,162,2798.0,1192.0,238.0,604.0
214,cam_0,0,190,3458.0,1162.0,230.0,554.0
214,cam_0,0,204,24.0,1070.0,46.0,472.0
214,cam_0,0,208,2442.0,506.0,190.0,462.0
215,cam_0,0,3,2240.0,652.0,170.0,524.0
215,cam_0,0,46,3682.0,1250.0,210.0,622.0
215,cam_0,0,7,2558.0,1010.0,210.0,654.0
215,cam_0,0,76,1148.0,796.0,266.0,380.0
215,cam_0,0,103,3450.0,924.0,244.0,518.0
215,cam_0,0,162,2798.0,1198.0,236.0,604.0
215,cam_0,0,190,3478.0,1184.0,208.0,508.0
215,cam_0,0,204,24.0,1072.0,48.0,474.0
215,cam_0,0,208,2460.0,504.0,180.0,470.0
216,cam_0,0,3,2256.0,656.0,170.0,518.0
216,cam_0,0,46,3690.0,1224.0,234.0,582.0
216,cam_0,0,7,2568.0,1016.0,222.0,654.0
216,cam_0,0,76,1158.0,786.0,272.0,404.0
216,cam_0,0,103,3472.0,924.0,270.0,508.0
216,cam_0,0,162,2798.0,1204.0,240.0,602.0
216,cam_0,0,190,3472.0,1174.0,244.0,534.0
216,cam_0,0,204,24.0,1078.0,48.0,484.0
216,cam_0,0,208,2476.0,504.0,166.0,476.0
217,cam_0,0,3,2274.0,668.0,198.0,512.0
217,cam_0,0,46,3700.0,1206.0,252.0,558.0
217,cam_0,0,7,2580.0,1026.0,234.0,648.0
217,cam_0,0,76,1172.0,770.0,296.0,438.0
217,cam_0,0,103,3490.0,932.0,282.0,504.0
217,cam_0,0,162,2798.0,1220.0,242.0,612.0
217,cam_0,0,190,3482.0,1102.0,276.0,690.0
217,cam_0,0,204,28.0,1086.0,56.0,504.0
217,cam_0,0,208,2502.0,508.0,168.0,478.0
218,cam_0,0,3,2294.0,676.0,232.0,506.0
218,cam_0,0,46,3704.0,1196.0,258.0,550.0
218,cam_0,0,7,2596.0,1038.0,224.0,654.0
218,cam_0,0,76,1190.0,778.0,312.0,424.0
218,cam_0,0,162,2804.0,1232.0,250.0,616.0
218,cam_0,0,190,3488.0,1142.0,256.0,614.0
218,cam_0,0,204,34.0,1096.0,68.0,506.0
218,cam_0,0,208,2518.0,518.0,168.0,482.0
219,cam_0,0,3,2310.0,680.0,266.0,500.0
219,cam_0,0,46,3696.0,1176.0,252.0,526.0
219,cam_0,0,7,2604.0,1054.0,212.0,656.0
219,cam_0,0,76,1196.0,780.0,318.0,416.0
219,cam_0,0,162,2806.0,1234.0,256.0,614.0
219,cam_0,0,190,3516.0,1152.0,274.0,582.0
219,cam_0,0,204,44.0,1108.0,88.0,522.0
219,cam_0,0,208,2534.0,520.0,176.0,478.0
219,cam_0,0,236,28.0,1108.0,58.0,534.0
219,cam_0,0,103,3584.0,896.0,204.0,362.0
220,cam_0,0,3,2318.0,684.0,284.0,504.0
220,cam_0,0,46,3704.0,1156.0,250.0,510.0
220,cam_0,0,7,2612.0,1066.0,212.0,662.0
220,cam_0,0,76,1204.0,782.0,314.0,410.0
220,cam_0,0,162,2812.0,1236.0,262.0,610.0
220,cam_0,0,190,3526.0,1156.0,262.0,564.0
220,cam_0,0,204,50.0,1118.0,98.0,540.0
220,cam_0,0,208,2552.0,526.0,192.0,462.0
220,cam_0,0,236,32.0,1120.0,64.0,556.0
220,cam_0,0,103,3590.0,886.0,130.0,318.0
221,cam_0,0,3,2322.0,690.0,288.0,506.0
221,cam_0,0,7,2618.0,1072.0,218.0,666.0
221,cam_0,0,76,1214.0,784.0,300.0,406.0
221,cam_0,0,162,2820.0,1240.0,264.0,608.0
221,cam_0,0,190,3528.0,1156.0,236.0,562.0
221,cam_0,0,204,50.0,1128.0,102.0,556.0
221,cam_0,0,208,2566.0,534.0,200.0,452.0
221,cam_0,0,236,34.0,1128.0,68.0,572.0
221,cam_0,0,103,3604.0,896.0,104.0,324.0
222,cam_0,0,3,2326.0,696.0,288.0,504.0
222,cam_0,0,7,2616.0,1072.0,226.0,666.0
222,cam_0,0,76,1228.0,784.0,276.0,404.0
222,cam_0,0,162,2828.0,1240.0,262.0,602.0
222,cam_0,0,190,3524.0,1156.0,218.0,564.0
222,cam_0,0,204,54.0,1134.0,110.0,568.0
222,cam_0,0,208,2590.0,542.0,224.0,442.0
222,cam_0,0,236,36.0,1130.0,74.0,584.0
222,cam_0,0,103,3622.0,888.0,106.0,306.0
222,cam_0,0,46,3758.0,1082.0,160.0,440.0
223,cam_0,0,3,2330.0,696.0,284.0,502.0
223,cam_0,0,7,2614.0,1070.0,232.0,670.0
223,cam_0,0,76,1242.0,784.0,248.0,398.0
223,cam_0,0,162,2840.0,1240.0,256.0,600.0
223,cam_0,0,190,3510.0,1158.0,182.0,570.0
223,cam_0,0,204,58.0,1138.0,116.0,576.0
223,cam_0,0,208,2604.0,544.0,236.0,434.0
223,cam_0,0,236,40.0,1128.0,80.0,596.0
223,cam_0,0,103,3632.0,870.0,116.0,288.0
223,cam_0,0,46,3770.0,1020.0,138.0,504.0
224,cam_0,0,3,2338.0,696.0,268.0,506.0
224,cam_0,0,7,2610.0,1070.0,236.0,670.0
224,cam_0,0,76,1258.0,784.0,218.0,398.0
224,cam_0,0,162,2854.0,1236.0,250.0,602.0
224,cam_0,0,190,3518.0,1158.0,170.0,572.0
224,cam_0,0,204,60.0,1140.0,120.0,584.0
224,cam_0,0,208,2620.0,548.0,234.0,422.0
224,cam_0,0,103,3664.0,862.0,132.0,288.0
224,cam_0,0,46,3768.0,990.0,140.0,520.0
225,cam_0,0,3,2352.0,692.0,246.0,510.0
225,cam_0,0,7,2604.0,1070.0,236.0,672.0
225,cam_0,0,76,1280.0,782.0,182.0,406.0
225,cam_0,0,162,2870.0,1232.0,232.0,608.0
225,cam_0,0,190,3500.0,1156.0,172.0,568.0
225,cam_0,0,204,58.0,1138.0,116.0,596.0
225,cam_0,0,208,2632.0,552.0,222.0,420.0
225,cam_0,0,46,3754.0,974.0,160.0,536.0
225,cam_0,0,236,40.0,1130.0,78.0,612.0
226,cam_0,0,3,2364.0,688.0,224.0,516.0
226,cam_0,0,7,2598.0,1068.0,234.0,670.0
226,cam_0,0,76,1308.0,782.0,154.0,406.0
226,cam_0,0,162,2884.0,1228.0,220.0,616.0
226,cam_0,0,190,3564.0,1152.0,280.0,578.0
226,cam_0,0,204,58.0,1138.0,114.0,604.0
226,cam_0,0,208,2642.0,550.0,208.0,418.0
226,cam_0,0,46,3728.0,1012.0,180.0,638.0
226,cam_0,0,256,1164.0,644.0,210.0,308.0
227,cam_0,0,3,2382.0,684.0,206.0,516.0
227,cam_0,0,7,2590.0,1068.0,228.0,674.0
227,cam_0,0,76,1332.0,780.0,138.0,410.0
227,cam_0,0,162,2894.0,1230.0,218.0,626.0
227,cam_0,0,190,3560.0,1148.0,256.0,590.0
227,cam_0,0,204,56.0,1134.0,112.0,612.0
227,cam_0,0,208,2650.0,544.0,194.0,402.0
227,cam_0,0,46,3714.0,1016.0,190.0,654.0
227,cam_0,0,256,1192.0,644.0,162.0,312.0
227,cam_0,0,236,36.0,1120.0,70.0,626.0
228,cam_0,0,3,2398.0,682.0,190.0,520.0
228,cam_0,0,7,2584.0,1076.0,224.0,660.0
228,cam_0,0,76,1342.0,778.0,142.0,412.0
228,cam_0,0,162,2902.0,1236.0,222.0,636.0
228,cam_0,0,190,3584.0,1160.0,286.0,574.0
228,cam_0,0,204,56.0,1130.0,110.0,622.0
228,cam_0,0,208,2652.0,560.0,188.0,424.0
228,cam_0,0,46,3722.0,1022.0,194.0,646.0
228,cam_0,0,256,1194.0,646.0,160.0,312.0
228,cam_0,0,263,3458.0,1100.0,172.0,540.0
228,cam_0,0,236,36.0,1116.0,74.0,634.0
229,cam_0,0,3,2412.0,684.0,166.0,522.0
229,cam_0,0,7,2572.0,1078.0,228.0,660.0
229,cam_0,0,76,1360.0,774.0,178.0,420.0
229,cam_0,0,162,2910.0,1244.0,242.0,638.0
229,cam_0,0,190,3572.0,1162.0,248.0,574.0
229,cam_0,0,204,54.0,1126.0,108.0,624.0
229,cam_0,0,208,2664.0,566.0,194.0,426.0
229,cam_0,0,46,3728.0,1036.0,202.0,634.0
229,cam_0,0,263,3452.0,1092.0,196.0,544.0
229,cam_0,0,236,36.0,1116.0,72.0,638.0
230,cam_0,0,3,2422.0,686.0,158.0,524.0
230,cam_0,0,7,2550.0,1082.0,256.0,652.0
230,cam_0,0,76,1380.0,760.0,214.0,444.0
230,cam_0,0,162,2916.0,1256.0,258.0,642.0
230,cam_0,0,190,3562.0,1162.0,222.0,576.0
230,cam_0,0,208,2670.0,572.0,226.0,422.0
230,cam_0,0,46,3728.0,1060.0,210.0,642.0
230,cam_0,0,263,3444.0,1084.0,206.0,546.0
230,cam_0,0,236,40.0,1116.0,82.0,636.0
230,cam_0,0,256,1220.0,678.0,122.0,236.0
231,cam_0,0,3,2428.0,692.0,168.0,526.0
231,cam_0,0,7,2530.0,1082.0,284.0,646.0
231,cam_0,0,76,1392.0,742.0,250.0,484.0
231,cam_0,0,162,2916.0,1268.0,266.0,642.0
231,cam_0,0,190,3562.0,1138.0,214.0,622.0
231,cam_0,0,208,2672.0,576.0,268.0,416.0
231,cam_0,0,46,3732.0,1078.0,206.0,634.0
231,cam_0,0,263,3420.0,1080.0,208.0,548.0
231,cam_0,0,236,42.0,1112.0,84.0,644.0
231,cam_0,0,256,1236.0,688.0,106.0,216.0
232,cam_0,0,3,2440.0,696.0,176.0,524.0
232,cam_0,0,7,2516.0,1082.0,300.0,642.0
232,cam_0,0,76,1406.0,734.0,268.0,494.0
232,cam_0,0,162,2916.0,1276.0,270.0,640.0
232,cam_0,0,190,3572.0,1146.0,236.0,600.0
232,cam_0,0,208,2678.0,586.0,302.0,414.0
232,cam_0,0,46,3736.0,1094.0,200.0,626.0
232,cam_0,0,263,3380.0,1076.0,248.0,560.0
232,cam_0,0,256,1250.0,690.0,110.0,208.0
232,cam_0,0,204,52.0,1112.0,104.0,650.0
233,cam_0,0,3,2444.0,700.0,180.0,520.0
233,cam_0,0,7,2508.0,1084.0,298.0,640.0
233,cam_0,0,76,1418.0,728.0,280.0,502.0
233,cam_0,0,162,2918.0,1284.0,274.0,638.0
233,cam_0,0,190,3570.0,1152.0,236.0,590.0
233,cam_0,0,208,2680.0,596.0,320.0,410.0
233,cam_0,0,46,3742.0,1104.0,186.0,612.0
233,cam_0,0,263,3352.0,1068.0,276.0,568.0
233,cam_0,0,256,1270.0,696.0,134.0,196.0
233,cam_0,0,204,52.0,1108.0,102.0,652.0
234,cam_0,0,3,2448.0,710.0,184.0,502.0
234,cam_0,0,7,2502.0,1086.0,296.0,638.0
234,cam_0,0,76,1424.0,728.0,276.0,508.0
234,cam_0,0,162,2920.0,1288.0,272.0,634.0
234,cam_0,0,190,3566.0,1152.0,228.0,584.0
234,cam_0,0,208,2686.0,602.0,326.0,408.0
234,cam_0,0,46,3748.0,1112.0,178.0,606.0
234,cam_0,0,263,3328.0,1056.0,280.0,564.0
234,cam_0,0,256,1284.0,676.0,156.0,218.0
234,cam_0,0,204,50.0,1108.0,98.0,654.0
235,cam_0,0,3,2454.0,716.0,188.0,488.0
235,cam_0,0,7,2498.0,1084.0,290.0,640.0
235,cam_0,0,76,1432.0,728.0,264.0,508.0
235,cam_0,0,162,2924.0,1290.0,270.0,628.0
235,cam_0,0,190,3564.0,1152.0,220.0,582.0
235,cam_0,0,208,2690.0,606.0,326.0,410.0
235,cam_0,0,46,3762.0,1116.0,150.0,598.0
235,cam_0,0,263,3306.0,1038.0,256.0,552.0
235,cam_0,0,256,1296.0,688.0,154.0,192.0
235,cam_0,0,204,52.0,1110.0,104.0,654.0
236,cam_0,0,3,2456.0,722.0,188.0,476.0
236,cam_0,0,7,2498.0,1086.0,288.0,640.0
236,cam_0,0,76,1438.0,728.0,230.0,502.0
236,cam_0,0,162,2932.0,1292.0,268.0,628.0
236,cam_0,0,190,3566.0,1152.0,224.0,582.0
236,cam_0,0,208,2698.0,604.0,324.0,410.0
236,cam_0,0,46,3770.0,1142.0,138.0,518.0
236,cam_0,0,263,3280.0,1024.0,234.0,538.0
236,cam_0,0,256,1302.0,692.0,144.0,186.0
236,cam_0,0,204,54.0,1110.0,106.0,654.0
236,cam_0,0,236,38.0,1110.0,74.0,656.0
237,cam_0,0,3,2458.0,726.0,192.0,468.0
237,cam_0,0,7,2496.0,1090.0,284.0,646.0
237,cam_0,0,76,1454.0,732.0,216.0,488.0
237,cam_0,0,162,2948.0,1296.0,252.0,626.0
237,cam_0,0,190,3570.0,1152.0,232.0,582.0
237,cam_0,0,208,2712.0,600.0,316.0,416.0
237,cam_0,0,46,3780.0,1174.0,116.0,494.0
237,cam_0,0,263,3258.0,1014.0,240.0,532.0
237,cam_0,0,256,1308.0,696.0,138.0,182.0
237,cam_0,0,204,54.0,1132.0,108.0,686.0
238,cam_0,0,3,2456.0,726.0,192.0,462.0
238,cam_0,0,7,2492.0,1094.0,276.0,654.0
238,cam_0,0,76,1480.0,724.0,194.0,492.0
238,cam_0,0,162,2970.0,1294.0,240.0,628.0
238,cam_0,0,190,3572.0,1152.0,236.0,580.0
238,cam_0,0,208,2726.0,596.0,314.0,422.0
238,cam_0,0,46,3794.0,1232.0,88.0,428.0
238,cam_0,0,263,3232.0,1006.0,264.0,524.0
238,cam_0,0,256,1308.0,696.0,138.0,182.0
238,cam_0,0,204,54.0,1142.0,110.0,698.0
239,cam_0,0,3,2456.0,720.0,198.0,464.0
239,cam_0,0,7,2488.0,1100.0,272.0,660.0
239,cam_0,0,76,1494.0,732.0,176.0,472.0
239,cam_0,0,162,3000.0,1294.0,222.0,626.0
239,cam_0,0,190,3574.0,1152.0,240.0,580.0
239,cam_0,0,208,2748.0,588.0,292.0,436.0
239,cam_0,0,263,3210.0,1008.0,300.0,536.0
239,cam_0,0,256,1306.0,696.0,142.0,182.0
239,cam_0,0,204,56.0,1150.0,112.0,708.0
239,cam_0,0,236,38.0,1134.0,78.0,706.0
240,cam_0,0,3,2450.0,712.0,204.0,466.0
240,cam_0,0,7,2482.0,1104.0,266.0,660.0
240,cam_0,0,76,1498.0,732.0,176.0,474.0
240,cam_0,0,162,3016.0,1300.0,210.0,620.0
240,cam_0,0,190,3576.0,1154.0,246.0,578.0
240,cam_0,0,208,2772.0,580.0,260.0,446.0
240,cam_0,0,263,3176.0,1002.0,346.0,528.0
240,cam_0,0,256,1302.0,688.0,148.0,192.0
240,cam_0,0,204,56.0,1156.0,112.0,704.0
240,cam_0,0,236,36.0,1136.0,74.0,724.0
241,cam_0,0,3,2438.0,706.0,218.0,462.0
241,cam_0,0,7,2480.0,1108.0,262.0,654.0
241,cam_0,0,76,1506.0,726.0,176.0,492.0
241,cam_0,0,162,3032.0,1300.0,226.0,616.0
241,cam_0,0,190,3578.0,1154.0,252.0,578.0
241,cam_0,0,208,2806.0,578.0,230.0,454.0
241,cam_0,0,263,3130.0,998.0,388.0,526.0
241,cam_0,0,256,1300.0,690.0,154.0,186.0
241,cam_0,0,204,56.0,1162.0,112.0,700.0
241,cam_0,0,236,38.0,1150.0,76.0,702.0
241,cam_0,0,296,1292.0,600.0,156.0,366.0
242,cam_0,0,3,2420.0,704.0,246.0,456.0
242,cam_0,0,7,2480.0,1112.0,258.0,652.0
242,cam_0,0,76,1524.0,730.0,194.0,486.0
242,cam_0,0,162,3038.0,1302.0,214.0,614.0
242,cam_0,0,190,3582.0,1156.0,258.0,576.0
242,cam_0,0,208,2836.0,574.0,192.0,464.0
242,cam_0,0,263,3104.0,1000.0,458.0,530.0
242,cam_0,0,256,1292.0,690.0,170.0,192.0
242,cam_0,0,204,56.0,1164.0,112.0,692.0
242,cam_0,0,236,36.0,1150.0,72.0,684.0
242,cam_0,0,296,1284.0,616.0,172.0,344.0
243,cam_0,0,3,2404.0,706.0,272.0,444.0
243,cam_0,0,7,2478.0,1116.0,258.0,654.0
243,cam_0,0,76,1542.0,714.0,210.0,526.0
243,cam_0,0,162,3062.0,1298.0,230.0,620.0
243,cam_0,0,190,3588.0,1156.0,260.0,574.0
243,cam_0,0,208,2862.0,572.0,178.0,476.0
243,cam_0,0,263,3072.0,1008.0,486.0,562.0
243,cam_0,0,256,1284.0,690.0,182.0,186.0
243,cam_0,0,204,56.0,1166.0,112.0,692.0
243,cam_0,0,296,1278.0,606.0,190.0,360.0
244,cam_0,0,3,2392.0,712.0,288.0,426.0
244,cam_0,0,7,2470.0,1116.0,260.0,646.0
244,cam_0,0,76,1548.0,704.0,212.0,554.0
244,cam_0,0,162,3074.0,1296.0,238.0,624.0
244,cam_0,0,190,3592.0,1156.0,256.0,574.0
244,cam_0,0,208,2880.0,572.0,182.0,480.0
244,cam_0,0,263,3004.0,1002.0,532.0,550.0
244,cam_0,0,256,1276.0,686.0,202.0,204.0
244,cam_0,0,204,56.0,1166.0,112.0,692.0
244,cam_0,0,296,1270.0,602.0,212.0,378.0
244,cam_0,0,303,1536.0,766.0,184.0,428.0
245,cam_0,0,3,2384.0,718.0,298.0,412.0
245,cam_0,0,7,2454.0,1116.0,284.0,642.0
245,cam_0,0,76,1548.0,698.0,228.0,570.0
245,cam_0,0,162,3082.0,1296.0,236.0,624.0
245,cam_0,0,190,3598.0,1152.0,254.0,576.0
245,cam_0,0,208,2894.0,548.0,184.0,430.0
245,cam_0,0,263,2884.0,990.0,410.0,536.0
245,cam_0,0,256,1266.0,684.0,218.0,214.0
245,cam_0,0,204,56.0,1168.0,112.0,688.0
245,cam_0,0,296,1262.0,612.0,224.0,356.0
245,cam_0,0,303,1540.0,774.0,184.0,414.0
245,cam_0,0,236,34.0,1148.0,70.0,700.0
246,cam_0,0,3,2380.0,724.0,300.0,400.0
246,cam_0,0,7,2432.0,1116.0,306.0,640.0
246,cam_0,0,76,1550.0,692.0,222.0,580.0
246,cam_0,0,162,3088.0,1294.0,232.0,626.0
246,cam_0,0,190,3612.0,1146.0,240.0,576.0
246,cam_0,0,208,2906.0,560.0,180.0,434.0
246,cam_0,0,263,2816.0,980.0,352.0,534.0
246,cam_0,0,256,1254.0,690.0,238.0,206.0
246,cam_0,0,204,58.0,1172.0,118.0,682.0
246,cam_0,0,303,1544.0,778.0,174.0,408.0
247,cam_0,0,3,2382.0,728.0,308.0,390.0
247,cam_0,0,7,2416.0,1116.0,326.0,638.0
247,cam_0,0,76,1556.0,700.0,204.0,568.0
247,cam_0,0,162,3096.0,1290.0,216.0,632.0
247,cam_0,0,190,3628.0,1140.0,220.0,578.0
247,cam_0,0,208,2926.0,586.0,196.0,462.0
247,cam_0,0,263,2780.0,970.0,342.0,542.0
247,cam_0,0,256,1248.0,690.0,250.0,204.0
247,cam_0,0,204,60.0,1178.0,120.0,672.0
247,cam_0,0,303,1546.0,778.0,170.0,408.0
248,cam_0,0,3,2386.0,730.0,318.0,386.0
248,cam_0,0,7,2408.0,1116.0,336.0,638.0
248,cam_0,0,76,1554.0,696.0,212.0,574.0
248,cam_0,0,162,3104.0,1284.0,198.0,630.0
248,cam_0,0,190,3648.0,1132.0,194.0,580.0
248,cam_0,0,208,2942.0,606.0,200.0,470.0
248,cam_0,0,263,2746.0,964.0,362.0,540.0
248,cam_0,0,256,1248.0,686.0,250.0,208.0
248,cam_0,0,204,60.0,1178.0,122.0,668.0
248,cam_0,0,303,1546.0,778.0,174.0,408.0
249,cam_0,0,3,2394.0,732.0,328.0,388.0
249,cam_0,0,7,2406.0,1118.0,340.0,632.0
249,cam_0,0,76,1552.0,698.0,214.0,570.0
249,cam_0,0,162,3112.0,1274.0,174.0,622.0
249,cam_0,0,190,3666.0,1126.0,166.0,576.0
249,cam_0,0,208,2960.0,620.0,198.0,472.0
249,cam_0,0,263,2720.0,960.0,404.0,530.0
249,cam_0,0,256,1248.0,678.0,248.0,228.0
249,cam_0,0,204,60.0,1178.0,122.0,664.0
249,cam_0,0,303,1548.0,778.0,174.0,406.0
250,cam_0,0,3,2404.0,730.0,332.0,392.0
250,cam_0,0,7,2410.0,1120.0,350.0,630.0
250,cam_0,0,76,1554.0,696.0,210.0,576.0
250,cam_0,0,162,3116.0,1274.0,168.0,624.0
250,cam_0,0,190,3680.0,1124.0,152.0,572.0
250,cam_0,0,208,2978.0,634.0,200.0,474.0
250,cam_0,0,263,2688.0,958.0,420.0,524.0
250,cam_0,0,256,1252.0,670.0,238.0,240.0
250,cam_0,0,204,62.0,1176.0,122.0,662.0
250,cam_0,0,303,1548.0,776.0,174.0,408.0
251,cam_0,0,3,2416.0,728.0,336.0,400.0
251,cam_0,0,7,2410.0,1118.0,352.0,636.0
251,cam_0,0,76,1558.0,692.0,204.0,582.0
251,cam_0,0,162,3120.0,1272.0,164.0,614.0
251,cam_0,0,190,3686.0,1124.0,152.0,568.0
251,cam_0,0,208,2994.0,646.0,196.0,472.0
251,cam_0,0,263,2614.0,966.0,308.0,532.0
251,cam_0,0,256,1252.0,668.0,234.0,250.0
251,cam_0,0,204,60.0,1172.0,120.0,646.0
251,cam_0,0,303,1548.0,776.0,170.0,412.0
252,cam_0,0,3,2432.0,726.0,326.0,406.0
252,cam_0,0,7,2400.0,1122.0,332.0,644.0
252,cam_0,0,76,1556.0,696.0,204.0,576.0
252,cam_0,0,162,3122.0,1276.0,166.0,608.0
252,cam_0,0,190,3690.0,1128.0,164.0,562.0
252,cam_0,0,208,3010.0,654.0,174.0,464.0
252,cam_0,0,263,2568.0,970.0,224.0,550.0
252,cam_0,0,256,1248.0,656.0,226.0,272.0
252,cam_0,0,204,60.0,1166.0,120.0,638.0
252,cam_0,0,303,1546.0,778.0,170.0,412.0
253,cam_0,0,3,2482.0,690.0,270.0,346.0
253,cam_0,0,7,2378.0,1120.0,286.0,670.0
253,cam_0,0,76,1548.0,698.0,220.0,568.0
253,cam_0,0,162,3124.0,1278.0,166.0,602.0
253,cam_0,0,190,3694.0,1130.0,172.0,558.0
253,cam_0,0,208,3024.0,656.0,162.0,460.0
253,cam_0,0,263,2520.0,964.0,182.0,524.0
253,cam_0,0,256,1242.0,652.0,212.0,278.0
253,cam_0,0,303,1546.0,778.0,174.0,412.0
253,cam_0,0,316,2540.0,880.0,156.0,348.0
254,cam_0,0,3,2516.0,678.0,228.0,342.0
254,cam_0,0,7,2374.0,1124.0,282.0,680.0
254,cam_0,0,76,1552.0,702.0,224.0,562.0
254,cam_0,0,162,3124.0,1280.0,164.0,598.0
254,cam_0,0,190,3696.0,1132.0,178.0,556.0
254,cam_0,0,208,3034.0,656.0,158.0,458.0
254,cam_0,0,256,1238.0,676.0,204.0,228.0
254,cam_0,0,303,1546.0,762.0,182.0,440.0
254,cam_0,0,316,2512.0,898.0,138.0,356.0
255,cam_0,0,3,2532.0,738.0,206.0,492.0
255,cam_0,0,7,2368.0,1124.0,272.0,700.0
255,cam_0,0,162,3124.0,1278.0,166.0,600.0
255,cam_0,0,190,3702.0,1128.0,186.0,560.0
255,cam_0,0,208,3044.0,656.0,156.0,458.0
255,cam_0,0,256,1216.0,656.0,166.0,268.0
255,cam_0,0,303,1542.0,754.0,192.0,456.0
255,cam_0,0,204,62.0,1298.0,124.0,418.0
256,cam_0,0,3,2544.0,734.0,198.0,516.0
256,cam_0,0,7,2364.0,1142.0,274.0,686.0
256,cam_0,0,162,3122.0,1274.0,168.0,608.0
256,cam_0,0,190,3706.0,1126.0,190.0,566.0
256,cam_0,0,208,3054.0,656.0,156.0,456.0
256,cam_0,0,256,1190.0,664.0,136.0,254.0
256,cam_0,0,303,1542.0,752.0,196.0,456.0
256,cam_0,0,204,66.0,1316.0,132.0,376.0
256,cam_0,0,263,2356.0,852.0,272.0,326.0
257,cam_0,0,3,2554.0,730.0,196.0,526.0
257,cam_0,0,7,2356.0,1150.0,258.0,684.0
257,cam_0,0,162,3118.0,1270.0,178.0,614.0
257,cam_0,0,190,3712.0,1122.0,194.0,568.0
257,cam_0,0,208,3070.0,654.0,152.0,456.0
257,cam_0,0,303,1540.0,752.0,202.0,456.0
257,cam_0,0,204,68.0,1320.0,134.0,368.0
257,cam_0,0,327,68.0,1182.0,138.0,646.0
257,cam_0,0,263,2306.0,820.0,272.0,294.0
257,cam_0,0,76,1532.0,748.0,170.0,418.0
258,cam_0,0,3,2568.0,732.0,184.0,532.0
258,cam_0,0,7,2354.0,1156.0,264.0,682.0
258,cam_0,0,162,3112.0,1266.0,180.0,618.0
258,cam_0,0,190,3720.0,1120.0,186.0,572.0
258,cam_0,0,208,3086.0,652.0,156.0,458.0
258,cam_0,0,303,1530.0,746.0,192.0,470.0
258,cam_0,0,204,68.0,1318.0,138.0,370.0
258,cam_0,0,263,2226.0,914.0,334.0,496.0
258,cam_0,0,76,1514.0,758.0,144.0,400.0
259,cam_0,0,3,2584.0,736.0,178.0,544.0
259,cam_0,0,7,2336.0,1156.0,302.0,680.0
259,cam_0,0,162,3106.0,1260.0,190.0,622.0
259,cam_0,0,190,3730.0,1110.0,190.0,560.0
259,cam_0,0,208,3102.0,654.0,162.0,462.0
259,cam_0,0,303,1506.0,730.0,174.0,496.0
259,cam_0,0,204,70.0,1316.0,138.0,372.0
259,cam_0,0,263,2170.0,932.0,368.0,566.0
259,cam_0,0,76,1502.0,758.0,140.0,398.0
260,cam_0,0,3,2598.0,744.0,172.0,556.0
260,cam_0,0,7,2328.0,1156.0,320.0,684.0
260,cam_0,0,162,3100.0,1252.0,200.0,624.0
260,cam_0,0,190,3734.0,1110.0,198.0,566.0
260,cam_0,0,208,3118.0,652.0,168.0,464.0
260,cam_0,0,303,1490.0,726.0,160.0,506.0
260,cam_0,0,204,70.0,1316.0,140.0,370.0
260,cam_0,0,263,2154.0,940.0,306.0,596.0
261,cam_0,0,3,2610.0,754.0,170.0,554.0
261,cam_0,0,7,2322.0,1152.0,332.0,686.0
261,cam_0,0,162,3094.0,1244.0,204.0,618.0
261,cam_0,0,190,3734.0,1106.0,206.0,568.0
261,cam_0,0,208,3126.0,652.0,170.0,466.0
261,cam_0,0,303,1482.0,724.0,152.0,508.0
261,cam_0,0,204,70.0,1316.0,140.0,380.0
261,cam_0,0,263,2124.0,948.0,282.0,630.0
261,cam_0,0,333,1034.0,652.0,160.0,312.0
261,cam_0,0,334,2084.0,942.0,368.0,602.0
262,cam_0,0,3,2622.0,766.0,188.0,548.0
262,cam_0,0,7,2314.0,1150.0,344.0,682.0
262,cam_0,0,162,3090.0,1234.0,210.0,612.0
262,cam_0,0,190,3736.0,1102.0,204.0,572.0
262,cam_0,0,208,3130.0,650.0,164.0,470.0
262,cam_0,0,303,1468.0,726.0,164.0,508.0
262,cam_0,0,204,70.0,1312.0,140.0,386.0
262,cam_0,0,263,2108.0,970.0,276.0,614.0
262,cam_0,0,333,1010.0,664.0,202.0,306.0
262,cam_0,0,334,2012.0,942.0,280.0,486.0
263,cam_0,0,3,2640.0,782.0,220.0,544.0
263,cam_0,0,7,2312.0,1150.0,346.0,682.0
263,cam_0,0,162,3086.0,1224.0,212.0,604.0
263,cam_0,0,190,3738.0,1096.0,200.0,570.0
263,cam_0,0,208,3130.0,650.0,160.0,470.0
263,cam_0,0,303,1444.0,724.0,190.0,510.0
263,cam_0,0,204,70.0,1316.0,140.0,380.0
263,cam_0,0,263,2084.0,980.0,256.0,604.0
263,cam_0,0,333,986.0,674.0,250.0,298.0
263,cam_0,0,334,1942.0,952.0,298.0,432.0
264,cam_0,0,3,2652.0,794.0,244.0,538.0
264,cam_0,0,7,2306.0,1152.0,350.0,684.0
264,cam_0,0,162,3084.0,1214.0,214.0,590.0
264,cam_0,0,190,3758.0,1090.0,160.0,564.0
264,cam_0,0,208,3132.0,650.0,168.0,470.0
264,cam_0,0,303,1430.0,726.0,210.0,510.0
264,cam_0,0,204,70.0,1316.0,140.0,378.0
264,cam_0,0,263,2030.0,972.0,222.0,588.0
264,cam_0,0,333,966.0,682.0,292.0,298.0
264,cam_0,0,334,1946.0,1000.0,324.0,494.0
265,cam_0,0,3,2660.0,800.0,254.0,534.0
265,cam_0,0,7,2302.0,1152.0,352.0,684.0
265,cam_0,0,162,3082.0,1206.0,224.0,582.0
265,cam_0,0,190,3750.0,1084.0,178.0,554.0
265,cam_0,0,208,3132.0,650.0,180.0,470.0
265,cam_0,0,303,1414.0,728.0,222.0,512.0
265,cam_0,0,204,70.0,1316.0,140.0,378.0
265,cam_0,0,263,2006.0,930.0,170.0,472.0
265,cam_0,0,333,952.0,680.0,316.0,324.0
265,cam_0,0,334,1900.0,1022.0,354.0,522.0
266,cam_0,0,3,2662.0,802.0,260.0,532.0
266,cam_0,0,7,2298.0,1154.0,348.0,682.0
266,cam_0,0,162,3080.0,1200.0,236.0,574.0
266,cam_0,0,190,3750.0,1076.0,178.0,542.0
266,cam_0,0,208,3128.0,648.0,196.0,466.0
266,cam_0,0,303,1400.0,738.0,238.0,490.0
266,cam_0,0,204,70.0,1314.0,140.0,380.0
266,cam_0,0,263,1986.0,956.0,162.0,500.0
266,cam_0,0,333,946.0,674.0,328.0,346.0
266,cam_0,0,334,1850.0,1034.0,428.0,534.0
267,cam_0,0,3,2668.0,804.0,252.0,530.0
267,cam_0,0,7,2294.0,1154.0,342.0,680.0
267,cam_0,0,162,3080.0,1196.0,242.0,572.0
267,cam_0,0,190,3752.0,1070.0,174.0,540.0
267,cam_0,0,208,3128.0,644.0,206.0,464.0
267,cam_0,0,303,1394.0,736.0,242.0,500.0
267,cam_0,0,204,70.0,1312.0,140.0,380.0
267,cam_0,0,263,1934.0,990.0,252.0,548.0
267,cam_0,0,333,932.0,672.0,316.0,352.0
267,cam_0,0,334,1800.0,1036.0,464.0,546.0
268,cam_0,0,3,2678.0,802.0,238.0,534.0
268,cam_0,0,7,2290.0,1154.0,336.0,680.0
268,cam_0,0,162,3082.0,1196.0,250.0,568.0
268,cam_0,0,190,3758.0,1070.0,160.0,538.0
268,cam_0,0,208,3132.0,644.0,206.0,462.0
268,cam_0,0,303,1406.0,736.0,252.0,500.0
268,cam_0,0,204,70.0,1310.0,140.0,384.0
268,cam_0,0,263,1886.0,1014.0,336.0,574.0
268,cam_0,0,333,906.0,664.0,290.0,360.0
268,cam_0,0,334,1722.0,1048.0,414.0,546.0
269,cam_0,0,3,2684.0,800.0,226.0,536.0
269,cam_0,0,7,2288.0,1156.0,328.0,682.0
269,cam_0,0,162,3080.0,1194.0,262.0,566.0
269,cam_0,0,190,3764.0,1070.0,150.0,532.0
269,cam_0,0,208,3140.0,642.0,200.0,460.0
269,cam_0,0,303,1406.0,742.0,230.0,486.0
269,cam_0,0,204,70.0,1302.0,140.0,398.0
269,cam_0,0,263,1854.0,1020.0,382.0,598.0
269,cam_0,0,333,878.0,660.0,230.0,362.0
269,cam_0,0,334,1674.0,1058.0,360.0,542.0
270,cam_0,0,3,2690.0,798.0,208.0,538.0
270,cam_0,0,7,2284.0,1156.0,316.0,686.0
270,cam_0,0,162,3080.0,1192.0,272.0,564.0
270,cam_0,0,190,3768.0,1074.0,142.0,526.0
270,cam_0,0,208,3148.0,642.0,190.0,464.0
270,cam_0,0,303,1392.0,748.0,210.0,476.0
270,cam_0,0,204,70.0,1306.0,138.0,394.0
270,cam_0,0,263,1824.0,1030.0,388.0,588.0
270,cam_0,0,333,846.0,660.0,180.0,364.0
270,cam_0,0,334,1638.0,1060.0,302.0,546.0
271,cam_0,0,3,2704.0,798.0,176.0,540.0
271,cam_0,0,7,2278.0,1160.0,304.0,690.0
271,cam_0,0,162,3076.0,1190.0,276.0,564.0
271,cam_0,0,190,3770.0,1076.0,136.0,518.0
271,cam_0,0,208,3156.0,642.0,182.0,468.0
271,cam_0,0,303,1374.0,764.0,196.0,442.0
271,cam_0,0,204,70.0,1306.0,138.0,392.0
271,cam_0,0,263,1800.0,1020.0,358.0,554.0
271,cam_0,0,333,808.0,662.0,140.0,372.0
271,cam_0,0,334,1594.0,1056.0,316.0,560.0
272,cam_0,0,3,2712.0,796.0,154.0,544.0
272,cam_0,0,7,2272.0,1162.0,292.0,684.0
272,cam_0,0,162,3068.0,1186.0,280.0,566.0
272,cam_0,0,190,3774.0,1084.0,128.0,504.0
272,cam_0,0,208,3164.0,642.0,174.0,468.0
272,cam_0,0,303,1364.0,784.0,206.0,402.0
272,cam_0,0,204,70.0,1312.0,138.0,380.0
272,cam_0,0,263,1760.0,1028.0,336.0,572.0
272,cam_0,0,334,1570.0,1038.0,294.0,572.0
273,cam_0,0,3,2718.0,796.0,150.0,544.0
273,cam_0,0,7,2268.0,1168.0,286.0,686.0
273,cam_0,0,162,3058.0,1184.0,284.0,564.0
273,cam_0,0,190,3774.0,1098.0,128.0,476.0
273,cam_0,0,208,3172.0,642.0,166.0,470.0
273,cam_0,0,303,1342.0,788.0,194.0,396.0
273,cam_0,0,204,70.0,1310.0,138.0,382.0
273,cam_0,0,263,1726.0,1022.0,284.0,576.0
273,cam_0,0,334,1534.0,1008.0,286.0,596.0
273,cam_0,0,333,732.0,642.0,162.0,414.0
274,cam_0,0,3,2722.0,796.0,150.0,544.0
274,cam_0,0,7,2268.0,1174.0,286.0,688.0
274,cam_0,0,162,3052.0,1184.0,288.0,574.0
274,cam_0,0,190,3774.0,1104.0,130.0,464.0
274,cam_0,0,208,3182.0,640.0,156.0,470.0
274,cam_0,0,303,1318.0,794.0,190.0,396.0
274,cam_0,0,204,70.0,1306.0,138.0,382.0
274,cam_0,0,263,1690.0,1006.0,214.0,574.0
274,cam_0,0,334,1502.0,990.0,316.0,608.0
274,cam_0,0,346,1610.0,1012.0,264.0,630.0
274,cam_0,0,333,708.0,636.0,166.0,428.0
275,cam_0,0,3,2728.0,796.0,158.0,542.0
275,cam_0,0,7,2266.0,1182.0,280.0,692.0
275,cam_0,0,162,3036.0,1184.0,296.0,576.0
275,cam_0,0,190,3774.0,1108.0,126.0,458.0
275,cam_0,0,208,3194.0,640.0,142.0,472.0
275,cam_0,0,303,1298.0,802.0,200.0,422.0
275,cam_0,0,204,70.0,1308.0,138.0,382.0
275,cam_0,0,334,1478.0,934.0,264.0,582.0
275,cam_0,0,346,1606.0,1002.0,252.0,632.0
275,cam_0,0,333,690.0,632.0,172.0,450.0
275,cam_0,0,348,3796.0,1104.0,84.0,450.0
276,cam_0,0,3,2730.0,796.0,160.0,544.0
276,cam_0,0,7,2264.0,1186.0,276.0,690.0
276,cam_0,0,162,3016.0,1182.0,308.0,576.0
276,cam_0,0,190,3778.0,1112.0,122.0,450.0
276,cam_0,0,208,3202.0,638.0,136.0,476.0
276,cam_0,0,303,1270.0,804.0,244.0,428.0
276,cam_0,0,204,70.0,1308.0,138.0,388.0
276,cam_0,0,334,1466.0,896.0,202.0,580.0
276,cam_0,0,346,1574.0,988.0,256.0,630.0
276,cam_0,0,333,668.0,632.0,176.0,474.0
276,cam_0,0,348,3798.0,1108.0,78.0,448.0
277,cam_0,0,3,2726.0,796.0,154.0,544.0
277,cam_0,0,7,2262.0,1190.0,284.0,686.0
277,cam_0,0,162,2998.0,1180.0,316.0,570.0
277,cam_0,0,190,3784.0,1114.0,110.0,440.0
277,cam_0,0,208,3206.0,638.0,128.0,480.0
277,cam_0,0,303,1238.0,806.0,290.0,432.0
277,cam_0,0,204,70.0,1308.0,138.0,380.0
277,cam_0,0,334,1426.0,886.0,208.0,626.0
277,cam_0,0,333,640.0,636.0,176.0,480.0
277,cam_0,0,348,3802.0,1112.0,72.0,442.0
277,cam_0,0,263,1560.0,986.0,196.0,616.0
278,cam_0,0,3,2724.0,796.0,152.0,544.0
278,cam_0,0,7,2258.0,1192.0,294.0,682.0
278,cam_0,0,162,2982.0,1180.0,322.0,568.0
278,cam_0,0,190,3788.0,1120.0,100.0,420.0
278,cam_0,0,208,3210.0,634.0,126.0,484.0
278,cam_0,0,303,1200.0,798.0,320.0,430.0
278,cam_0,0,204,68.0,1310.0,136.0,384.0
278,cam_0,0,334,1386.0,902.0,148.0,594.0
278,cam_0,0,333,618.0,636.0,170.0,470.0
278,cam_0,0,348,3806.0,1118.0,62.0,426.0
278,cam_0,0,263,1520.0,986.0,190.0,624.0
279,cam_0,0,3,2726.0,796.0,152.0,544.0
279,cam_0,0,7,2252.0,1192.0,310.0,680.0
279,cam_0,0,162,2976.0,1180.0,324.0,566.0
279,cam_0,0,190,3794.0,1122.0,88.0,404.0
279,cam_0,0,208,3214.0,634.0,128.0,488.0
279,cam_0,0,303,1172.0,798.0,340.0,418.0
279,cam_0,0,204,70.0,1308.0,138.0,388.0
279,cam_0,0,333,596.0,636.0,172.0,454.0
279,cam_0,0,348,3810.0,1134.0,54.0,384.0
279,cam_0,0,263,1472.0,990.0,190.0,638.0
280,cam_0,0,3,2728.0,794.0,156.0,542.0
280,cam_0,0,7,2252.0,1192.0,312.0,680.0
280,cam_0,0,162,2974.0,1178.0,324.0,562.0
280,cam_0,0,190,3802.0,1122.0,72.0,392.0
280,cam_0,0,208,3216.0,634.0,132.0,488.0
280,cam_0,0,303,1152.0,812.0,356.0,412.0
280,cam_0,0,204,68.0,1308.0,138.0,390.0
280,cam_0,0,333,580.0,638.0,178.0,446.0
280,cam_0,0,263,1428.0,996.0,196.0,646.0
280,cam_0,0,334,1318.0,890.0,150.0,574.0
281,cam_0,0,3,2730.0,794.0,162.0,542.0
281,cam_0,0,7,2256.0,1192.0,304.0,680.0
281,cam_0,0,162,2970.0,1176.0,326.0,562.0
281,cam_0,0,190,3806.0,1118.0,62.0,384.0
281,cam_0,0,208,3220.0,632.0,140.0,492.0
281,cam_0,0,303,1144.0,846.0,374.0,486.0
281,cam_0,0,204,68.0,1308.0,136.0,392.0
281,cam_0,0,333,564.0,644.0,194.0,438.0
281,cam_0,0,263,1370.0,1012.0,230.0,652.0
282,cam_0,0,3,2728.0,794.0,158.0,540.0
282,cam_0,0,7,2260.0,1196.0,298.0,684.0
282,cam_0,0,162,2968.0,1174.0,330.0,566.0
282,cam_0,0,190,3812.0,1122.0,52.0,362.0
282,cam_0,0,208,3224.0,632.0,142.0,494.0
282,cam_0,0,303,1108.0,840.0,332.0,430.0
282,cam_0,0,204,68.0,1306.0,136.0,392.0
282,cam_0,0,333,546.0,648.0,218.0,434.0
282,cam_0,0,263,1346.0,1036.0,240.0,660.0
283,cam_0,0,3,2728.0,794.0,160.0,540.0
283,cam_0,0,7,2262.0,1200.0,294.0,688.0
283,cam_0,0,162,2958.0,1172.0,326.0,564.0
283,cam_0,0,190,3812.0,1118.0,52.0,372.0
283,cam_0,0,208,3226.0,632.0,144.0,494.0
283,cam_0,0,303,1088.0,788.0,310.0,500.0
283,cam_0,0,204,68.0,1302.0,136.0,398.0
283,cam_0,0,333,530.0,654.0,226.0,430.0
283,cam_0,0,263,1318.0,1078.0,312.0,694.0
283,cam_0,0,348,3820.0,1120.0,34.0,362.0
284,cam_0,0,3,2730.0,794.0,162.0,540.0
284,cam_0,0,7,2266.0,1208.0,288.0,698.0
284,cam_0,0,162,2930.0,1170.0,296.0,566.0
284,cam_0,0,208,3232.0,632.0,152.0,490.0
284,cam_0,0,303,1070.0,768.0,302.0,528.0
284,cam_0,0,204,68.0,1302.0,136.0,402.0
284,cam_0,0,333,518.0,656.0,222.0,434.0
284,cam_0,0,263,1290.0,1108.0,330.0,702.0
285,cam_0,0,3,2730.0,794.0,162.0,542.0
285,cam_0,0,7,2268.0,1218.0,282.0,710.0
285,cam_0,0,162,2900.0,1164.0,264.0,566.0
285,cam_0,0,208,3238.0,630.0,156.0,488.0
285,cam_0,0,303,1052.0,760.0,308.0,538.0
285,cam_0,0,204,68.0,1300.0,136.0,408.0
285,cam_0,0,333,502.0,658.0,210.0,440.0
285,cam_0,0,263,1262.0,1136.0,334.0,692.0
286,cam_0,0,3,2730.0,792.0,160.0,544.0
286,cam_0,0,7,2270.0,1232.0,274.0,718.0
286,cam_0,0,162,2870.0,1160.0,256.0,570.0
286,cam_0,0,208,3244.0,628.0,152.0,492.0
286,cam_0,0,303,1014.0,756.0,256.0,544.0
286,cam_0,0,204,68.0,1302.0,136.0,402.0
286,cam_0,0,333,490.0,658.0,204.0,446.0
286,cam_0,0,263,1230.0,1156.0,320.0,666.0
287,cam_0,0,3,2732.0,790.0,160.0,542.0
287,cam_0,0,7,2270.0,1242.0,276.0,726.0
287,cam_0,0,162,2842.0,1158.0,246.0,572.0
287,cam_0,0,208,3250.0,622.0,146.0,494.0
287,cam_0,0,303,1000.0,798.0,224.0,468.0
287,cam_0,0,204,68.0,1308.0,138.0,394.0
287,cam_0,0,333,476.0,660.0,196.0,460.0
287,cam_0,0,263,1168.0,1174.0,278.0,668.0
287,cam_0,0,366,470.0,602.0,156.0,360.0
288,cam_0,0,3,2734.0,790.0,160.0,540.0
288,cam_0,0,7,2262.0,1252.0,294.0,730.0
288,cam_0,0,162,2816.0,1156.0,248.0,572.0
288,cam_0,0,208,3256.0,620.0,148.0,494.0
288,cam_0,0,204,68.0,1312.0,138.0,388.0
288,cam_0,0,333,470.0,658.0,194.0,476.0
288,cam_0,0,263,1108.0,1190.0,272.0,686.0
288,cam_0,0,366,464.0,602.0,154.0,366.0
289,cam_0,0,3,2734.0,792.0,162.0,544.0
289,cam_0,0,7,2254.0,1258.0,308.0,728.0
289,cam_0,0,162,2794.0,1156.0,242.0,574.0
289,cam_0,0,208,3264.0,616.0,146.0,494.0
289,cam_0,0,204,68.0,1312.0,138.0,386.0
289,cam_0,0,333,464.0,656.0,192.0,484.0
289,cam_0,0,263,1092.0,1204.0,316.0,704.0
289,cam_0,0,366,458.0,600.0,158.0,374.0
289,cam_0,0,303,978.0,826.0,212.0,406.0
290,cam_0,0,3,2736.0,790.0,166.0,542.0
290,cam_0,0,7,2246.0,1262.0,316.0,722.0
290,cam_0,0,162,2784.0,1156.0,238.0,574.0
290,cam_0,0,208,3268.0,614.0,146.0,494.0
290,cam_0,0,204,68.0,1312.0,138.0,382.0
290,cam_0,0,333,458.0,654.0,196.0,492.0
290,cam_0,0,263,1050.0,1214.0,320.0,714.0
290,cam_0,0,366,452.0,604.0,164.0,388.0
290,cam_0,0,303,1022.0,866.0,278.0,346.0
291,cam_0,0,3,2738.0,788.0,170.0,538.0
291,cam_0,0,7,2236.0,1266.0,316.0,716.0
291,cam_0,0,162,2778.0,1156.0,244.0,574.0
291,cam_0,0,208,3278.0,608.0,146.0,490.0
291,cam_0,0,204,68.0,1314.0,138.0,382.0
291,cam_0,0,333,456.0,654.0,202.0,496.0
291,cam_0,0,263,1006.0,1226.0,302.0,716.0
291,cam_0,0,366,448.0,604.0,172.0,394.0
291,cam_0,0,334,930.0,890.0,150.0,336.0
292,cam_0,0,3,2738.0,784.0,178.0,532.0
292,cam_0,0,7,2220.0,1266.0,304.0,716.0
292,cam_0,0,162,2770.0,1156.0,258.0,574.0
292,cam_0,0,208,3284.0,604.0,146.0,484.0
292,cam_0,0,204,70.0,1308.0,138.0,374.0
292,cam_0,0,333,454.0,654.0,204.0,498.0
292,cam_0,0,263,984.0,1240.0,286.0,706.0
292,cam_0,0,366,450.0,600.0,182.0,388.0
292,cam_0,0,334,898.0,896.0,144.0,332.0
293,cam_0,0,3,2740.0,780.0,188.0,522.0
293,cam_0,0,7,2198.0,1264.0,286.0,720.0
293,cam_0,0,162,2760.0,1156.0,272.0,572.0
293,cam_0,0,208,3286.0,600.0,146.0,480.0
293,cam_0,0,204,70.0,1306.0,140.0,372.0
293,cam_0,0,333,454.0,654.0,204.0,498.0
293,cam_0,0,263,956.0,1248.0,280.0,694.0
293,cam_0,0,366,452.0,600.0,186.0,382.0
293,cam_0,0,334,856.0,886.0,152.0,352.0
293,cam_0,0,303,988.0,780.0,210.0,380.0
294,cam_0,0,3,2748.0,774.0,204.0,516.0
294,cam_0,0,7,2178.0,1264.0,274.0,722.0
294,cam_0,0,162,2750.0,1156.0,270.0,572.0
294,cam_0,0,208,3290.0,598.0,152.0,478.0
294,cam_0,0,204,70.0,1306.0,140.0,370.0
294,cam_0,0,333,454.0,654.0,204.0,498.0
294,cam_0,0,263,910.0,1250.0,314.0,686.0
294,cam_0,0,366,452.0,600.0,186.0,384.0
294,cam_0,0,334,800.0,894.0,180.0,366.0
294,cam_0,0,303,970.0,786.0,208.0,412.0
295,cam_0,0,3,2758.0,770.0,218.0,508.0
295,cam_0,0,7,2160.0,1260.0,266.0,720.0
295,cam_0,0,162,2744.0,1154.0,262.0,578.0
295,cam_0,0,208,3292.0,596.0,154.0,476.0
295,cam_0,0,204,70.0,1308.0,140.0,376.0
295,cam_0,0,263,902.0,1256.0,296.0,680.0
295,cam_0,0,366,454.0,602.0,188.0,390.0
295,cam_0,0,334,768.0,992.0,192.0,556.0
295,cam_0,0,303,956.0,810.0,224.0,464.0
296,cam_0,0,3,2784.0,776.0,208.0,522.0
296,cam_0,0,7,2132.0,1256.0,258.0,716.0
296,cam_0,0,162,2738.0,1154.0,256.0,576.0
296,cam_0,0,208,3298.0,596.0,160.0,476.0
296,cam_0,0,204,70.0,1312.0,138.0,382.0
296,cam_0,0,263,878.0,1254.0,290.0,684.0
296,cam_0,0,366,456.0,600.0,186.0,388.0
296,cam_0,0,334,746.0,1032.0,182.0,608.0
296,cam_0,0,303,944.0,818.0,228.0,484.0
296,cam_0,0,333,458.0,658.0,200.0,506.0
297,cam_0,0,3,2802.0,778.0,202.0,526.0
297,cam_0,0,7,2098.0,1252.0,248.0,706.0
297,cam_0,0,162,2720.0,1140.0,218.0,570.0
297,cam_0,0,208,3304.0,594.0,166.0,476.0
297,cam_0,0,204,70.0,1314.0,138.0,382.0
297,cam_0,0,263,848.0,1250.0,282.0,690.0
297,cam_0,0,366,464.0,596.0,178.0,378.0
297,cam_0,0,334,724.0,1062.0,166.0,604.0
297,cam_0,0,303,932.0,820.0,228.0,502.0
297,cam_0,0,333,462.0,658.0,192.0,508.0
298,cam_0,0,3,2808.0,778.0,208.0,524.0
298,cam_0,0,7,2064.0,1258.0,278.0,698.0
298,cam_0,0,162,2706.0,1126.0,186.0,560.0
298,cam_0,0,208,3308.0,592.0,170.0,476.0
298,cam_0,0,204,68.0,1314.0,138.0,384.0
298,cam_0,0,263,800.0,1260.0,312.0,710.0
298,cam_0,0,366,474.0,592.0,180.0,374.0
298,cam_0,0,334,696.0,1072.0,166.0,604.0
298,cam_0,0,303,912.0,822.0,220.0,500.0
298,cam_0,0,333,474.0,660.0,194.0,508.0
299,cam_0,0,3,2820.0,776.0,212.0,518.0
299,cam_0,0,7,2034.0,1264.0,332.0,686.0
299,cam_0,0,162,2702.0,1120.0,194.0,562.0
299,cam_0,0,208,3314.0,592.0,176.0,474.0
299,cam_0,0,204,70.0,1308.0,138.0,374.0
299,cam_0,0,263,758.0,1270.0,318.0,714.0
299,cam_0,0,334,642.0,1030.0,180.0,504.0
299,cam_0,0,303,900.0,812.0,228.0,512.0
299,cam_0,0,333,486.0,682.0,200.0,546.0
300,cam_0,0,3,2820.0,776.0,236.0,514.0
300,cam_0,0,7,2002.0,1272.0,396.0,670.0
300,cam_0,0,162,2664.0,1118.0,158.0,566.0
300,cam_0,0,208,3318.0,592.0,182.0,470.0
300,cam_0,0,204,70.0,1306.0,140.0,372.0
300,cam_0,0,263,726.0,1278.0,296.0,712.0
300,cam_0,0,334,606.0,1004.0,174.0,412.0
300,cam_0,0,303,894.0,804.0,254.0,520.0
300,cam_0,0,333,494.0,704.0,216.0,594.0
301,cam_0,0,3,2820.0,780.0,250.0,512.0
301,cam_0,0,7,1980.0,1278.0,442.0,660.0
301,cam_0,0,162,2636.0,1114.0,154.0,566.0
301,cam_0,0,208,3322.0,592.0,186.0,466.0
301,cam_0,0,204,70.0,1304.0,140.0,372.0
301,cam_0,0,263,708.0,1296.0,280.0,694.0
301,cam_0,0,303,884.0,798.0,278.0,522.0
301,cam_0,0,333,506.0,718.0,224.0,622.0
302,cam_0,0,3,2814.0,780.0,258.0,506.0
302,cam_0,0,7,1966.0,1278.0,470.0,656.0
302,cam_0,0,162,2614.0,1110.0,182.0,564.0
302,cam_0,0,208,3326.0,592.0,184.0,462.0
302,cam_0,0,204,70.0,1302.0,140.0,372.0
302,cam_0,0,263,696.0,1310.0,246.0,690.0
302,cam_0,0,303,868.0,796.0,290.0,528.0
302,cam_0,0,333,512.0,714.0,218.0,620.0
303,cam_0,0,3,2808.0,782.0,276.0,504.0
303,cam_0,0,7,1940.0,1276.0,504.0,662.0
303,cam_0,0,162,2582.0,1106.0,220.0,556.0
303,cam_0,0,208,3338.0,588.0,184.0,464.0
303,cam_0,0,204,70.0,1302.0,140.0,372.0
303,cam_0,0,263,684.0,1316.0,214.0,700.0
303,cam_0,0,303,856.0,794.0,278.0,538.0
303,cam_0,0,333,516.0,750.0,218.0,694.0
304,cam_0,0,3,2804.0,782.0,286.0,502.0
304,cam_0,0,7,1912.0,1266.0,508.0,674.0
304,cam_0,0,162,2560.0,1102.0,256.0,554.0
304,cam_0,0,208,3340.0,584.0,186.0,468.0
304,cam_0,0,204,70.0,1302.0,140.0,372.0
304,cam_0,0,263,664.0,1324.0,196.0,714.0
304,cam_0,0,303,844.0,792.0,260.0,542.0
304,cam_0,0,333,528.0,712.0,210.0,620.0
305,cam_0,0,3,2806.0,782.0,294.0,504.0
305,cam_0,0,7,1878.0,1246.0,500.0,692.0
305,cam_0,0,162,2544.0,1102.0,276.0,546.0
305,cam_0,0,208,3348.0,582.0,192.0,472.0
305,cam_0,0,204,70.0,1302.0,140.0,372.0
305,cam_0,0,263,636.0,1312.0,166.0,692.0
305,cam_0,0,303,834.0,792.0,236.0,548.0
306,cam_0,0,3,2812.0,782.0,284.0,504.0
306,cam_0,0,7,1834.0,1216.0,486.0,722.0
306,cam_0,0,162,2534.0,1104.0,284.0,542.0
306,cam_0,0,208,3352.0,580.0,184.0,468.0
306,cam_0,0,204,70.0,1302.0,140.0,372.0
306,cam_0,0,263,620.0,1304.0,160.0,680.0
306,cam_0,0,303,824.0,792.0,210.0,552.0
306,cam_0,0,333,552.0,642.0,182.0,490.0
307,cam_0,0,3,2824.0,782.0,278.0,504.0
307,cam_0,0,7,1776.0,1184.0,452.0,742.0
307,cam_0,0,162,2528.0,1104.0,284.0,542.0
307,cam_0,0,208,3364.0,576.0,174.0,470.0
307,cam_0,0,204,70.0,1302.0,140.0,372.0
307,cam_0,0,263,608.0,1294.0,158.0,654.0
307,cam_0,0,303,818.0,792.0,196.0,558.0
308,cam_0,0,3,2844.0,782.0,258.0,502.0
308,cam_0,0,7,1702.0,1162.0,428.0,740.0
308,cam_0,0,162,2518.0,1102.0,266.0,538.0
308,cam_0,0,208,3374.0,572.0,168.0,470.0
308,cam_0,0,204,70.0,1302.0,140.0,374.0
308,cam_0,0,263,602.0,1284.0,158.0,616.0
308,cam_0,0,303,816.0,792.0,190.0,560.0
309,cam_0,0,3,2868.0,782.0,262.0,498.0
309,cam_0,0,7,1628.0,1126.0,410.0,782.0
309,cam_0,0,162,2502.0,1100.0,238.0,540.0
309,cam_0,0,208,3380.0,572.0,160.0,470.0
309,cam_0,0,204,70.0,1302.0,140.0,376.0
309,cam_0,0,263,596.0,1280.0,174.0,578.0
309,cam_0,0,303,814.0,792.0,186.0,560.0
310,cam_0,0,3,2898.0,780.0,250.0,500.0
310,cam_0,0,7,1576.0,1110.0,380.0,764.0
310,cam_0,0,162,2482.0,1096.0,200.0,540.0
310,cam_0,0,208,3388.0,572.0,152.0,468.0
310,cam_0,0,204,70.0,1280.0,138.0,436.0
310,cam_0,0,263,590.0,1284.0,182.0,546.0
310,cam_0,0,303,812.0,792.0,182.0,562.0
310,cam_0,0,333,586.0,640.0,128.0,492.0
311,cam_0,0,3,2922.0,780.0,226.0,502.0
311,cam_0,0,7,1536.0,1098.0,346.0,738.0
311,cam_0,0,162,2458.0,1094.0,160.0,546.0
311,cam_0,0,208,3392.0,572.0,150.0,472.0
311,cam_0,0,204,68.0,1266.0,136.0,472.0
311,cam_0,0,263,586.0,1288.0,178.0,528.0
311,cam_0,0,303,812.0,792.0,180.0,564.0
311,cam_0,0,408,358.0,982.0,220.0,588.0
311,cam_0,0,333,596.0,642.0,132.0,494.0
312,cam_0,0,3,2938.0,782.0,232.0,500.0
312,cam_0,0,7,1498.0,1088.0,314.0,698.0
312,cam_0,0,162,2426.0,1094.0,176.0,550.0
312,cam_0,0,208,3394.0,574.0,146.0,472.0
312,cam_0,0,204,68.0,1286.0,136.0,420.0
312,cam_0,0,263,582.0,1290.0,174.0,528.0
312,cam_0,0,303,812.0,792.0,178.0,564.0
312,cam_0,0,408,346.0,964.0,244.0,568.0
312,cam_0,0,333,612.0,648.0,142.0,476.0
313,cam_0,0,3,2944.0,784.0,246.0,488.0
313,cam_0,0,7,1460.0,1090.0,296.0,694.0
313,cam_0,0,162,2400.0,1094.0,192.0,552.0
313,cam_0,0,208,3396.0,576.0,148.0,472.0
313,cam_0,0,204,70.0,1296.0,138.0,396.0
313,cam_0,0,263,576.0,1286.0,170.0,538.0
313,cam_0,0,303,812.0,790.0,178.0,566.0
313,cam_0,0,408,336.0,942.0,266.0,540.0
313,cam_0,0,333,638.0,646.0,168.0,472.0
314,cam_0,0,3,2950.0,792.0,274.0,476.0
314,cam_0,0,7,1426.0,1082.0,278.0,660.0
314,cam_0,0,162,2380.0,1094.0,212.0,550.0
314,cam_0,0,208,3402.0,576.0,150.0,472.0
314,cam_0,0,204,70.0,1296.0,138.0,396.0
314,cam_0,0,263,574.0,1276.0,164.0,544.0
314,cam_0,0,303,814.0,788.0,176.0,578.0
314,cam_0,0,408,330.0,926.0,278.0,512.0
314,cam_0,0,334,70.0,1196.0,140.0,614.0
315,cam_0,0,3,2956.0,800.0,294.0,460.0
315,cam_0,0,7,1396.0,1102.0,274.0,684.0
315,cam_0,0,162,2366.0,1094.0,238.0,546.0
315,cam_0,0,208,3408.0,576.0,154.0,470.0
315,cam_0,0,204,72.0,1292.0,142.0,386.0
315,cam_0,0,263,576.0,1264.0,156.0,548.0
315,cam_0,0,303,814.0,784.0,182.0,584.0
315,cam_0,0,408,326.0,912.0,296.0,502.0
315,cam_0,0,411,750.0,762.0,324.0,628.0
315,cam_0,0,334,66.0,1194.0,134.0,624.0
316,cam_0,0,3,2968.0,808.0,318.0,442.0
316,cam_0,0,7,1362.0,1122.0,268.0,696.0
316,cam_0,0,162,2346.0,1096.0,274.0,544.0
316,cam_0,0,208,3414.0,576.0,152.0,466.0
316,cam_0,0,204,74.0,1296.0,148.0,376.0
316,cam_0,0,263,582.0,1262.0,160.0,564.0
316,cam_0,0,408,324.0,906.0,302.0,502.0
316,cam_0,0,411,754.0,754.0,302.0,628.0
316,cam_0,0,334,66.0,1190.0,134.0,636.0
317,cam_0,0,3,2982.0,804.0,346.0,434.0
317,cam_0,0,7,1322.0,1140.0,268.0,696.0
317,cam_0,0,162,2330.0,1098.0,302.0,542.0
317,cam_0,0,208,3418.0,572.0,152.0,460.0
317,cam_0,0,204,78.0,1214.0,154.0,564.0
317,cam_0,0,263,584.0,1278.0,170.0,604.0
317,cam_0,0,408,330.0,902.0,296.0,512.0
317,cam_0,0,411,772.0,768.0,298.0,586.0
317,cam_0,0,303,822.0,774.0,190.0,572.0
318,cam_0,0,3,2994.0,806.0,364.0,438.0
318,cam_0,0,7,1290.0,1152.0,266.0,680.0
318,cam_0,0,162,2312.0,1100.0,332.0,542.0
318,cam_0,0,208,3422.0,570.0,146.0,456.0
318,cam_0,0,204,84.0,1188.0,166.0,628.0
318,cam_0,0,263,588.0,1286.0,176.0,620.0
318,cam_0,0,408,338.0,894.0,294.0,520.0
318,cam_0,0,303,832.0,772.0,184.0,566.0
319,cam_0,0,3,3020.0,808.0,388.0,444.0
319,cam_0,0,7,1272.0,1160.0,244.0,662.0
319,cam_0,0,162,2298.0,1100.0,356.0,542.0
319,cam_0,0,208,3428.0,568.0,148.0,452.0
319,cam_0,0,204,90.0,1176.0,178.0,660.0
319,cam_0,0,263,598.0,1294.0,192.0,618.0
319,cam_0,0,408,344.0,886.0,290.0,536.0
319,cam_0,0,411,794.0,764.0,272.0,562.0
320,cam_0,0,3,3044.0,804.0,388.0,438.0
320,cam_0,0,7,1246.0,1160.0,252.0,654.0
320,cam_0,0,162,2284.0,1100.0,364.0,546.0
320,cam_0,0,208,3432.0,564.0,150.0,454.0
320,cam_0,0,204,94.0,1172.0,188.0,676.0
320,cam_0,0,263,606.0,1300.0,214.0,598.0
320,cam_0,0,408,352.0,878.0,292.0,544.0
320,cam_0,0,411,810.0,760.0,236.0,554.0
321,cam_0,0,3,3078.0,798.0,376.0,436.0
321,cam_0,0,7,1226.0,1156.0,258.0,650.0
321,cam_0,0,162,2264.0,1096.0,366.0,552.0
321,cam_0,0,208,3438.0,558.0,158.0,456.0
321,cam_0,0,204,100.0,1172.0,202.0,680.0
321,cam_0,0,263,614.0,1306.0,228.0,568.0
321,cam_0,0,408,366.0,864.0,288.0,548.0
321,cam_0,0,303,846.0,760.0,194.0,534.0
322,cam_0,0,3,3124.0,794.0,360.0,440.0
322,cam_0,0,7,1216.0,1146.0,252.0,632.0
322,cam_0,0,162,2236.0,1090.0,352.0,550.0
322,cam_0,0,208,3440.0,550.0,164.0,458.0
322,cam_0,0,204,108.0,1170.0,214.0,684.0
322,cam_0,0,263,634.0,1316.0,252.0,548.0
322,cam_0,0,408,384.0,846.0,282.0,536.0
322,cam_0,0,303,856.0,764.0,198.0,504.0
323,cam_0,0,3,3170.0,790.0,336.0,444.0
323,cam_0,0,7,1218.0,1130.0,264.0,616.0
323,cam_0,0,162,2204.0,1084.0,330.0,546.0
323,cam_0,0,208,3446.0,544.0,168.0,462.0
323,cam_0,0,204,114.0,1170.0,226.0,686.0
323,cam_0,0,263,650.0,1320.0,274.0,534.0
323,cam_0,0,408,406.0,828.0,266.0,516.0
323,cam_0,0,411,864.0,748.0,234.0,524.0
324,cam_0,0,3,3214.0,788.0,298.0,450.0
324,cam_0,0,7,1214.0,1112.0,284.0,614.0
324,cam_0,0,162,2170.0,1080.0,304.0,554.0
324,cam_0,0,208,3452.0,542.0,172.0,458.0
324,cam_0,0,204,118.0,1172.0,236.0,686.0
324,cam_0,0,263,664.0,1322.0,292.0,528.0
324,cam_0,0,411,882.0,780.0,238.0,450.0
325,cam_0,0,3,3238.0,782.0,292.0,462.0
325,cam_0,0,7,1212.0,1092.0,310.0,618.0
325,cam_0,0,162,2132.0,1080.0,274.0,562.0
325,cam_0,0,208,3464.0,538.0,162.0,450.0
325,cam_0,0,204,122.0,1172.0,244.0,684.0
325,cam_0,0,263,678.0,1320.0,294.0,530.0
325,cam_0,0,411,896.0,800.0,252.0,408.0
326,cam_0,0,3,3272.0,776.0,318.0,474.0
326,cam_0,0,7,1198.0,1078.0,348.0,622.0
326,cam_0,0,162,2110.0,1078.0,266.0,564.0
326,cam_0,0,208,3474.0,536.0,156.0,438.0
326,cam_0,0,204,122.0,1172.0,244.0,684.0
326,cam_0,0,263,690.0,1318.0,288.0,536.0
326,cam_0,0,411,904.0,802.0,266.0,398.0
326,cam_0,0,408,476.0,780.0,216.0,468.0
327,cam_0,0,3,3292.0,768.0,320.0,484.0
327,cam_0,0,7,1180.0,1068.0,384.0,626.0
327,cam_0,0,162,2090.0,1080.0,286.0,562.0
327,cam_0,0,208,3480.0,532.0,152.0,430.0
327,cam_0,0,204,122.0,1170.0,244.0,686.0
327,cam_0,0,263,708.0,1312.0,308.0,546.0
327,cam_0,0,411,912.0,800.0,274.0,402.0
327,cam_0,0,408,506.0,758.0,206.0,448.0
328,cam_0,0,3,3314.0,766.0,314.0,470.0
328,cam_0,0,7,1170.0,1062.0,398.0,634.0
328,cam_0,0,162,2078.0,1080.0,304.0,558.0
328,cam_0,0,208,3494.0,528.0,156.0,414.0
328,cam_0,0,204,130.0,1166.0,260.0,694.0
328,cam_0,0,263,740.0,1308.0,310.0,552.0
328,cam_0,0,411,924.0,800.0,292.0,412.0
328,cam_0,0,408,536.0,750.0,192.0,458.0
329,cam_0,0,3,3348.0,762.0,332.0,464.0
329,cam_0,0,7,1168.0,1058.0,400.0,636.0
329,cam_0,0,162,2066.0,1078.0,322.0,550.0
329,cam_0,0,208,3508.0,520.0,146.0,402.0
329,cam_0,0,204,126.0,1158.0,252.0,702.0
329,cam_0,0,263,756.0,1304.0,358.0,558.0
329,cam_0,0,411,936.0,808.0,288.0,394.0
329,cam_0,0,408,568.0,736.0,184.0,452.0
330,cam_0,0,3,3384.0,762.0,340.0,456.0
330,cam_0,0,7,1156.0,1056.0,400.0,632.0
330,cam_0,0,162,2052.0,1082.0,342.0,548.0
330,cam_0,0,208,3518.0,522.0,136.0,406.0
330,cam_0,0,204,126.0,1156.0,252.0,712.0
330,cam_0,0,263,786.0,1300.0,370.0,566.0
330,cam_0,0,411,954.0,816.0,288.0,360.0
330,cam_0,0,408,600.0,726.0,182.0,446.0
331,cam_0,0,3,3414.0,764.0,324.0,454.0
331,cam_0,0,7,1140.0,1056.0,392.0,620.0
331,cam_0,0,162,2032.0,1084.0,352.0,546.0
331,cam_0,0,208,3522.0,516.0,140.0,402.0
331,cam_0,0,204,126.0,1146.0,252.0,712.0
331,cam_0,0,263,814.0,1292.0,402.0,580.0
331,cam_0,0,411,960.0,812.0,250.0,346.0
331,cam_0,0,408,632.0,722.0,176.0,442.0
332,cam_0,0,3,3448.0,764.0,288.0,456.0
332,cam_0,0,7,1136.0,1056.0,348.0,618.0
332,cam_0,0,162,2006.0,1086.0,342.0,546.0
332,cam_0,0,208,3530.0,474.0,140.0,318.0
332,cam_0,0,204,132.0,1136.0,242.0,702.0
332,cam_0,0,263,850.0,1284.0,416.0,594.0
332,cam_0,0,411,980.0,810.0,224.0,322.0
332,cam_0,0,408,658.0,718.0,192.0,444.0
333,cam_0,0,3,3488.0,760.0,256.0,462.0
333,cam_0,0,7,1156.0,1030.0,252.0,566.0
333,cam_0,0,162,1984.0,1082.0,332.0,552.0
333,cam_0,0,208,3538.0,456.0,142.0,288.0
333,cam_0,0,204,146.0,1126.0,216.0,698.0
333,cam_0,0,263,898.0,1268.0,444.0,596.0
333,cam_0,0,411,1002.0,802.0,182.0,336.0
333,cam_0,0,408,678.0,716.0,210.0,448.0
334,cam_0,0,3,3522.0,754.0,214.0,470.0
334,cam_0,0,7,1146.0,1016.0,216.0,540.0
334,cam_0,0,162,1950.0,1078.0,310.0,558.0
334,cam_0,0,208,3552.0,446.0,138.0,292.0
334,cam_0,0,204,170.0,1112.0,202.0,686.0
334,cam_0,0,263,940.0,1258.0,470.0,590.0
334,cam_0,0,408,688.0,714.0,232.0,448.0
335,cam_0,0,3,3556.0,746.0,186.0,482.0
335,cam_0,0,162,1912.0,1074.0,266.0,568.0
335,cam_0,0,208,3562.0,434.0,136.0,296.0
335,cam_0,0,204,190.0,1104.0,208.0,680.0
335,cam_0,0,263,988.0,1180.0,490.0,726.0
335,cam_0,0,408,698.0,714.0,248.0,442.0
335,cam_0,0,411,1048.0,802.0,182.0,332.0
336,cam_0,0,3,3582.0,740.0,184.0,492.0
336,cam_0,0,162,1876.0,1072.0,238.0,572.0
336,cam_0,0,208,3576.0,434.0,136.0,306.0
336,cam_0,0,204,208.0,1094.0,212.0,672.0
336,cam_0,0,263,1028.0,1218.0,454.0,640.0
336,cam_0,0,408,722.0,712.0,274.0,448.0
336,cam_0,0,411,1068.0,804.0,190.0,322.0
336,cam_0,0,7,1134.0,920.0,218.0,364.0
337,cam_0,0,3,3608.0,732.0,200.0,502.0
337,cam_0,0,162,1854.0,1070.0,242.0,574.0
337,cam_0,0,208,3586.0,464.0,132.0,368.0
337,cam_0,0,204,220.0,1090.0,202.0,668.0
337,cam_0,0,263,1084.0,1236.0,408.0,598.0
337,cam_0,0,408,744.0,708.0,280.0,448.0
337,cam_0,0,7,1102.0,1010.0,278.0,554.0
338,cam_0,0,3,3632.0,718.0,216.0,494.0
338,cam_0,0,162,1840.0,1068.0,258.0,576.0
338,cam_0,0,208,3594.0,478.0,126.0,400.0
338,cam_0,0,204,232.0,1088.0,198.0,670.0
338,cam_0,0,263,1154.0,1242.0,348.0,584.0
338,cam_0,0,408,768.0,698.0,278.0,436.0
338,cam_0,0,7,1098.0,1020.0,284.0,586.0
338,cam_0,0,411,1106.0,792.0,192.0,330.0
339,cam_0,0,3,3650.0,702.0,224.0,472.0
339,cam_0,0,162,1826.0,1070.0,276.0,574.0
339,cam_0,0,208,3604.0,486.0,126.0,412.0
339,cam_0,0,204,242.0,1090.0,190.0,670.0
339,cam_0,0,263,1208.0,1242.0,332.0,586.0
339,cam_0,0,7,1108.0,1036.0,280.0,616.0
340,cam_0,0,3,3670.0,694.0,212.0,458.0
340,cam_0,0,162,1808.0,1068.0,306.0,576.0
340,cam_0,0,208,3610.0,494.0,136.0,422.0
340,cam_0,0,204,254.0,1090.0,202.0,670.0
340,cam_0,0,263,1250.0,1236.0,356.0,598.0
340,cam_0,0,7,1122.0,1040.0,270.0,624.0
340,cam_0,0,442,1404.0,536.0,190.0,426.0
341,cam_0,0,3,3692.0,692.0,194.0,450.0
341,cam_0,0,162,1792.0,1070.0,318.0,572.0
341,cam_0,0,208,3612.0,496.0,144.0,426.0
341,cam_0,0,204,250.0,1094.0,186.0,656.0
341,cam_0,0,263,1286.0,1228.0,384.0,612.0
341,cam_0,0,7,1144.0,1048.0,258.0,628.0
341,cam_0,0,442,1412.0,538.0,196.0,416.0
341,cam_0,0,447,3802.0,942.0,72.0,556.0
341,cam_0,0,449,240.0,1202.0,170.0,436.0
341,cam_0,0,333,938.0,666.0,136.0,388.0
341,cam_0,0,303,890.0,668.0,234.0,394.0
342,cam_0,0,3,3726.0,692.0,166.0,444.0
342,cam_0,0,162,1782.0,1070.0,314.0,570.0
342,cam_0,0,208,3622.0,500.0,152.0,424.0
342,cam_0,0,204,270.0,1090.0,218.0,652.0
342,cam_0,0,263,1322.0,1218.0,406.0,626.0
342,cam_0,0,7,1168.0,1052.0,280.0,630.0
342,cam_0,0,447,3800.0,942.0,76.0,514.0
342,cam_0,0,449,246.0,1182.0,172.0,468.0
342,cam_0,0,333,962.0,710.0,112.0,310.0
343,cam_0,0,3,3744.0,696.0,166.0,440.0
343,cam_0,0,162,1762.0,1066.0,298.0,562.0
343,cam_0,0,208,3624.0,500.0,156.0,426.0
343,cam_0,0,204,264.0,1094.0,186.0,624.0
343,cam_0,0,263,1368.0,1206.0,424.0,616.0
343,cam_0,0,7,1192.0,1052.0,316.0,626.0
343,cam_0,0,447,3796.0,940.0,84.0,478.0
343,cam_0,0,449,250.0,1188.0,158.0,436.0
344,cam_0,0,3,3756.0,694.0,166.0,448.0
344,cam_0,0,162,1748.0,1060.0,262.0,554.0
344,cam_0,0,208,3628.0,498.0,156.0,426.0
344,cam_0,0,263,1408.0,1200.0,452.0,622.0
344,cam_0,0,7,1216.0,1056.0,358.0,620.0
344,cam_0,0,447,3784.0,924.0,108.0,500.0
344,cam_0,0,449,258.0,1188.0,134.0,422.0
344,cam_0,0,451,1592.0,490.0,154.0,430.0
344,cam_0,0,452,3770.0,662.0,132.0,394.0
345,cam_0,0,162,1730.0,1050.0,214.0,550.0
345,cam_0,0,208,3638.0,490.0,160.0,412.0
345,cam_0,0,263,1470.0,1200.0,416.0,618.0
345,cam_0,0,7,1234.0,1058.0,392.0,620.0
345,cam_0,0,447,3768.0,916.0,140.0,516.0
345,cam_0,0,451,1608.0,484.0,150.0,432.0
345,cam_0,0,452,3784.0,620.0,108.0,338.0
345,cam_0,0,442,1380.0,676.0,236.0,354.0
346,cam_0,0,162,1710.0,1042.0,160.0,560.0
346,cam_0,0,208,3646.0,486.0,160.0,412.0
346,cam_0,0,263,1556.0,1210.0,276.0,610.0
346,cam_0,0,7,1274.0,1060.0,470.0,614.0
346,cam_0,0,447,3764.0,904.0,150.0,530.0
346,cam_0,0,451,1630.0,438.0,110.0,316.0
346,cam_0,0,442,1388.0,646.0,244.0,430.0
347,cam_0,0,208,3654.0,478.0,160.0,412.0
347,cam_0,0,263,1626.0,1194.0,276.0,638.0
347,cam_0,0,7,1298.0,1060.0,516.0,612.0
347,cam_0,0,447,3766.0,886.0,142.0,554.0
347,cam_0,0,442,1394.0,642.0,248.0,434.0
348,cam_0,0,208,3668.0,470.0,156.0,414.0
348,cam_0,0,263,1674.0,1196.0,312.0,628.0
348,cam_0,0,7,1310.0,1060.0,540.0,610.0
348,cam_0,0,447,3768.0,870.0,138.0,572.0
348,cam_0,0,442,1408.0,634.0,270.0,436.0
349,cam_0,0,208,3674.0,460.0,150.0,410.0
349,cam_0,0,263,1712.0,1190.0,344.0,630.0
349,cam_0,0,7,1328.0,1060.0,572.0,608.0
349,cam_0,0,447,3768.0,856.0,142.0,574.0
349,cam_0,0,442,1432.0,658.0,254.0,384.0
349,cam_0,0,162,1650.0,1022.0,212.0,554.0
350,cam_0,0,208,3684.0,452.0,140.0,406.0
350,cam_0,0,263,1752.0,1182.0,374.0,632.0
350,cam_0,0,7,1326.0,1054.0,554.0,614.0
350,cam_0,0,447,3762.0,838.0,148.0,558.0
350,cam_0,0,464,1786.0,452.0,140.0,398.0
350,cam_0,0,162,1634.0,1020.0,232.0,554.0
351,cam_0,0,208,3698.0,452.0,136.0,406.0
351,cam_0,0,263,1806.0,1172.0,422.0,622.0
351,cam_0,0,7,1346.0,1054.0,566.0,618.0
351,cam_0,0,447,3760.0,824.0,154.0,538.0
351,cam_0,0,464,1806.0,448.0,154.0,410.0
351,cam_0,0,162,1620.0,1024.0,236.0,550.0
352,cam_0,0,208,3708.0,448.0,140.0,402.0
352,cam_0,0,263,1866.0,1172.0,446.0,626.0
352,cam_0,0,7,1364.0,1044.0,526.0,614.0
352,cam_0,0,447,3758.0,808.0,160.0,508.0
352,cam_0,0,464,1834.0,444.0,190.0,414.0
352,cam_0,0,162,1612.0,1032.0,228.0,544.0
352,cam_0,0,470,498.0,1034.0,232.0,420.0
353,cam_0,0,208,3714.0,452.0,138.0,394.0
353,cam_0,0,263,1924.0,1174.0,416.0,628.0
353,cam_0,0,7,1350.0,1036.0,416.0,612.0
353,cam_0,0,447,3752.0,802.0,168.0,496.0
353,cam_0,0,464,1852.0,444.0,234.0,414.0
353,cam_0,0,162,1608.0,1040.0,218.0,534.0
353,cam_0,0,470,520.0,1024.0,236.0,416.0
354,cam_0,0,208,3722.0,452.0,138.0,386.0
354,cam_0,0,263,1982.0,1178.0,394.0,626.0
354,cam_0,0,7,1364.0,1034.0,354.0,616.0
354,cam_0,0,447,3744.0,798.0,186.0,498.0
354,cam_0,0,464,1910.0,446.0,184.0,412.0
354,cam_0,0,162,1604.0,1046.0,210.0,524.0
354,cam_0,0,470,544.0,1004.0,226.0,452.0
355,cam_0,0,208,3734.0,448.0,138.0,378.0
355,cam_0,0,263,2052.0,1180.0,344.0,622.0
355,cam_0,0,7,1402.0,1028.0,312.0,610.0
355,cam_0,0,447,3742.0,794.0,182.0,500.0
355,cam_0,0,464,1920.0,446.0,218.0,406.0
355,cam_0,0,162,1606.0,1044.0,212.0,526.0
355,cam_0,0,470,568.0,1008.0,214.0,452.0
355,cam_0,0,475,1392.0,570.0,266.0,432.0
356,cam_0,0,208,3746.0,432.0,138.0,356.0
356,cam_0,0,263,2124.0,1178.0,288.0,624.0
356,cam_0,0,7,1436.0,1026.0,286.0,604.0
356,cam_0,0,447,3744.0,780.0,182.0,514.0
356,cam_0,0,464,1968.0,448.0,184.0,404.0
356,cam_0,0,162,1610.0,1040.0,222.0,534.0
356,cam_0,0,470,582.0,988.0,206.0,512.0
356,cam_0,0,475,1420.0,566.0,262.0,442.0
356,cam_0,0,477,1674.0,564.0,236.0,434.0
357,cam_0,0,208,3760.0,426.0,138.0,340.0
357,cam_0,0,263,2190.0,1176.0,334.0,634.0
357,cam_0,0,7,1456.0,1024.0,292.0,602.0
357,cam_0,0,447,3742.0,774.0,186.0,524.0
357,cam_0,0,464,2000.0,446.0,188.0,406.0
357,cam_0,0,162,1622.0,1034.0,236.0,542.0
357,cam_0,0,470,588.0,976.0,202.0,556.0
357,cam_0,0,477,1746.0,558.0,166.0,438.0
358,cam_0,0,208,3770.0,422.0,136.0,336.0
358,cam_0,0,263,2244.0,1168.0,376.0,646.0
358,cam_0,0,7,1470.0,1026.0,312.0,592.0
358,cam_0,0,447,3748.0,764.0,180.0,534.0
358,cam_0,0,464,2032.0,440.0,212.0,414.0
358,cam_0,0,162,1612.0,1030.0,290.0,560.0
358,cam_0,0,470,596.0,1000.0,202.0,546.0
358,cam_0,0,477,1738.0,558.0,258.0,450.0
359,cam_0,0,208,3776.0,414.0,126.0,328.0
359,cam_0,0,263,2282.0,1160.0,392.0,656.0
359,cam_0,0,7,1482.0,1028.0,332.0,582.0
359,cam_0,0,447,3748.0,748.0,176.0,528.0
359,cam_0,0,464,2060.0,430.0,228.0,410.0
359,cam_0,0,162,1654.0,990.0,250.0,512.0
359,cam_0,0,470,616.0,970.0,184.0,598.0
359,cam_0,0,477,1760.0,558.0,258.0,450.0
360,cam_0,0,208,3784.0,404.0,110.0,320.0
360,cam_0,0,263,2334.0,1144.0,432.0,644.0
360,cam_0,0,7,1500.0,1028.0,364.0,576.0
360,cam_0,0,447,3748.0,734.0,176.0,516.0
360,cam_0,0,464,2088.0,422.0,240.0,404.0
360,cam_0,0,162,1682.0,972.0,242.0,490.0
360,cam_0,0,470,634.0,950.0,178.0,606.0
360,cam_0,0,477,1820.0,558.0,190.0,446.0
361,cam_0,0,208,3790.0,406.0,98.0,336.0
361,cam_0,0,263,2386.0,1138.0,448.0,638.0
361,cam_0,0,7,1534.0,1024.0,424.0,576.0
361,cam_0,0,447,3742.0,720.0,176.0,500.0
361,cam_0,0,464,2126.0,418.0,250.0,402.0
361,cam_0,0,470,652.0,948.0,176.0,576.0
361,cam_0,0,477,1846.0,558.0,190.0,444.0
361,cam_0,0,489,1692.0,524.0,174.0,420.0
362,cam_0,0,208,3796.0,392.0,86.0,320.0
362,cam_0,0,263,2436.0,1140.0,424.0,640.0
362,cam_0,0,7,1558.0,1020.0,448.0,582.0
362,cam_0,0,447,3734.0,710.0,176.0,476.0
362,cam_0,0,464,2198.0,418.0,168.0,400.0
362,cam_0,0,470,682.0,962.0,198.0,532.0
362,cam_0,0,477,1882.0,556.0,176.0,450.0
362,cam_0,0,489,1722.0,518.0,192.0,426.0
362,cam_0,0,491,3802.0,670.0,70.0,406.0
363,cam_0,0,208,3800.0,386.0,78.0,320.0
363,cam_0,0,263,2528.0,1144.0,276.0,632.0
363,cam_0,0,7,1606.0,1014.0,508.0,592.0
363,cam_0,0,447,3728.0,706.0,174.0,468.0
363,cam_0,0,464,2222.0,418.0,192.0,396.0
363,cam_0,0,470,714.0,958.0,232.0,538.0
363,cam_0,0,477,1914.0,544.0,180.0,444.0
363,cam_0,0,489,1752.0,512.0,226.0,442.0
363,cam_0,0,491,3798.0,668.0,76.0,410.0
364,cam_0,0,263,2596.0,1148.0,210.0,630.0
364,cam_0,0,7,1644.0,1010.0,516.0,590.0
364,cam_0,0,447,3724.0,704.0,172.0,462.0
364,cam_0,0,464,2260.0,422.0,172.0,394.0
364,cam_0,0,470,738.0,964.0,258.0,524.0
364,cam_0,0,477,1936.0,540.0,208.0,460.0
364,cam_0,0,489,1794.0,510.0,230.0,458.0
364,cam_0,0,491,3796.0,662.0,82.0,414.0
364,cam_0,0,495,3800.0,542.0,76.0,660.0
365,cam_0,0,263,2646.0,1148.0,208.0,632.0
365,cam_0,0,7,1670.0,1010.0,476.0,580.0
365,cam_0,0,447,3710.0,702.0,156.0,464.0
365,cam_0,0,464,2300.0,420.0,186.0,386.0
365,cam_0,0,470,754.0,968.0,274.0,516.0
365,cam_0,0,477,1960.0,530.0,230.0,470.0
365,cam_0,0,489,1838.0,474.0,236.0,410.0
365,cam_0,0,491,3794.0,634.0,88.0,444.0
365,cam_0,0,495,3798.0,542.0,82.0,628.0
366,cam_0,0,263,2684.0,1142.0,252.0,636.0
366,cam_0,0,7,1722.0,998.0,454.0,604.0
366,cam_0,0,447,3706.0,696.0,154.0,478.0
366,cam_0,0,464,2330.0,420.0,206.0,388.0
366,cam_0,0,470,764.0,962.0,284.0,520.0
366,cam_0,0,477,1992.0,512.0,236.0,454.0
366,cam_0,0,489,1866.0,470.0,262.0,420.0
366,cam_0,0,491,3794.0,630.0,86.0,442.0
367,cam_0,0,263,2726.0,1132.0,296.0,642.0
367,cam_0,0,7,1744.0,986.0,354.0,624.0
367,cam_0,0,447,3700.0,682.0,146.0,476.0
367,cam_0,0,464,2360.0,418.0,240.0,388.0
367,cam_0,0,470,770.0,950.0,284.0,526.0
367,cam_0,0,477,2020.0,502.0,266.0,446.0
367,cam_0,0,489,1934.0,472.0,200.0,432.0
367,cam_0,0,491,3794.0,638.0,84.0,424.0
368,cam_0,0,263,2766.0,1124.0,332.0,652.0
368,cam_0,0,7,1794.0,986.0,368.0,626.0
368,cam_0,0,447,3696.0,668.0,150.0,492.0
368,cam_0,0,464,2396.0,414.0,264.0,382.0
368,cam_0,0,470,778.0,930.0,274.0,552.0
368,cam_0,0,477,2078.0,496.0,218.0,438.0
368,cam_0,0,489,1980.0,474.0,188.0,434.0
368,cam_0,0,491,3796.0,638.0,84.0,418.0
369,cam_0,0,263,2810.0,1106.0,358.0,638.0
369,cam_0,0,7,1820.0,980.0,368.0,634.0
369,cam_0,0,447,3694.0,652.0,150.0,490.0
369,cam_0,0,464,2426.0,414.0,276.0,372.0
369,cam_0,0,470,794.0,914.0,270.0,548.0
369,cam_0,0,477,2110.0,494.0,210.0,438.0
369,cam_0,0,489,2034.0,468.0,168.0,422.0
369,cam_0,0,491,3794.0,636.0,86.0,424.0
370,cam_0,0,263,2860.0,1092.0,386.0,616.0
370,cam_0,0,7,1838.0,972.0,362.0,646.0
370,cam_0,0,447,3696.0,644.0,146.0,492.0
370,cam_0,0,464,2482.0,414.0,242.0,376.0
370,cam_0,0,470,824.0,892.0,266.0,542.0
370,cam_0,0,477,2174.0,496.0,162.0,430.0
370,cam_0,0,489,2072.0,470.0,164.0,428.0
370,cam_0,0,491,3792.0,634.0,92.0,428.0
370,cam_0,0,506,3730.0,644.0,194.0,500.0
371,cam_0,0,263,2926.0,1092.0,404.0,614.0
371,cam_0,0,7,1864.0,968.0,364.0,630.0
371,cam_0,0,447,3698.0,636.0,146.0,482.0
371,cam_0,0,464,2544.0,416.0,198.0,372.0
371,cam_0,0,470,852.0,878.0,252.0,532.0
371,cam_0,0,477,2196.0,498.0,146.0,432.0
371,cam_0,0,489,2100.0,466.0,160.0,434.0
371,cam_0,0,491,3792.0,638.0,90.0,430.0
372,cam_0,0,263,2974.0,1094.0,372.0,604.0
372,cam_0,0,7,1898.0,956.0,364.0,606.0
372,cam_0,0,447,3700.0,630.0,146.0,470.0
372,cam_0,0,464,2584.0,416.0,166.0,370.0
372,cam_0,0,470,888.0,874.0,236.0,518.0
372,cam_0,0,477,2224.0,494.0,184.0,440.0
372,cam_0,0,489,2126.0,464.0,170.0,456.0
372,cam_0,0,491,3790.0,636.0,96.0,428.0
372,cam_0,0,511,3806.0,638.0,64.0,404.0
372,cam_0,0,506,3742.0,632.0,184.0,472.0
373,cam_0,0,263,3026.0,1096.0,312.0,604.0
373,cam_0,0,7,1928.0,938.0,354.0,598.0
373,cam_0,0,447,3694.0,622.0,140.0,450.0
373,cam_0,0,464,2614.0,416.0,176.0,368.0
373,cam_0,0,470,914.0,870.0,218.0,516.0
373,cam_0,0,477,2244.0,488.0,198.0,446.0
373,cam_0,0,489,2154.0,450.0,176.0,452.0
373,cam_0,0,491,3788.0,626.0,100.0,424.0
373,cam_0,0,511,3804.0,640.0,66.0,380.0
374,cam_0,0,263,3124.0,1096.0,306.0,604.0
374,cam_0,0,7,1972.0,942.0,344.0,572.0
374,cam_0,0,447,3690.0,618.0,134.0,438.0
374,cam_0,0,464,2640.0,410.0,200.0,370.0
374,cam_0,0,470,928.0,872.0,220.0,508.0
374,cam_0,0,477,2260.0,478.0,200.0,454.0
374,cam_0,0,489,2178.0,440.0,190.0,450.0
374,cam_0,0,491,3786.0,618.0,104.0,424.0
374,cam_0,0,511,3802.0,632.0,72.0,382.0
374,cam_0,0,512,1880.0,842.0,212.0,452.0
375,cam_0,0,263,3164.0,1092.0,288.0,610.0
375,cam_0,0,7,2018.0,946.0,318.0,558.0
375,cam_0,0,447,3686.0,614.0,136.0,436.0
375,cam_0,0,464,2668.0,410.0,218.0,374.0
375,cam_0,0,470,940.0,864.0,226.0,512.0
375,cam_0,0,477,2290.0,466.0,226.0,450.0
375,cam_0,0,489,2212.0,418.0,186.0,428.0
375,cam_0,0,491,3784.0,612.0,108.0,424.0
375,cam_0,0,511,3800.0,628.0,74.0,380.0
375,cam_0,0,512,1904.0,818.0,224.0,432.0
376,cam_0,0,263,3212.0,1086.0,306.0,624.0
376,cam_0,0,7,2064.0,946.0,278.0,558.0
376,cam_0,0,447,3680.0,610.0,138.0,442.0
376,cam_0,0,464,2700.0,410.0,228.0,378.0
376,cam_0,0,470,956.0,850.0,228.0,532.0
376,cam_0,0,477,2312.0,456.0,228.0,444.0
376,cam_0,0,489,2260.0,396.0,160.0,394.0
376,cam_0,0,491,3782.0,606.0,112.0,428.0
376,cam_0,0,511,3800.0,618.0,74.0,390.0
376,cam_0,0,512,1922.0,816.0,252.0,454.0
377,cam_0,0,263,3240.0,1074.0,320.0,634.0
377,cam_0,0,7,2108.0,942.0,258.0,568.0
377,cam_0,0,447,3682.0,602.0,138.0,450.0
377,cam_0,0,464,2778.0,416.0,180.0,380.0
377,cam_0,0,470,972.0,862.0,228.0,506.0
377,cam_0,0,477,2364.0,448.0,188.0,436.0
377,cam_0,0,489,2296.0,414.0,158.0,422.0
377,cam_0,0,491,3778.0,598.0,118.0,428.0
377,cam_0,0,511,3796.0,596.0,82.0,406.0
377,cam_0,0,512,1948.0,808.0,256.0,452.0
378,cam_0,0,263,3280.0,1058.0,336.0,620.0
378,cam_0,0,7,2142.0,936.0,258.0,574.0
378,cam_0,0,447,3682.0,594.0,134.0,458.0
378,cam_0,0,464,2832.0,420.0,132.0,384.0
378,cam_0,0,470,996.0,860.0,228.0,476.0
378,cam_0,0,477,2400.0,446.0,182.0,426.0
378,cam_0,0,489,2340.0,400.0,132.0,398.0
378,cam_0,0,491,3780.0,592.0,114.0,428.0
378,cam_0,0,512,1988.0,808.0,236.0,444.0
379,cam_0,0,263,3326.0,1048.0,348.0,606.0
379,cam_0,0,7,2166.0,922.0,280.0,588.0
379,cam_0,0,447,3680.0,586.0,132.0,464.0
379,cam_0,0,464,2868.0,422.0,112.0,378.0
379,cam_0,0,470,1018.0,850.0,214.0,460.0
379,cam_0,0,477,2428.0,452.0,174.0,418.0
379,cam_0,0,489,2372.0,406.0,128.0,408.0
379,cam_0,0,491,3778.0,586.0,120.0,408.0
379,cam_0,0,512,2024.0,810.0,214.0,450.0
380,cam_0,0,263,3370.0,1046.0,336.0,600.0
380,cam_0,0,7,2188.0,908.0,306.0,602.0
380,cam_0,0,447,3678.0,570.0,132.0,452.0
380,cam_0,0,464,2902.0,424.0,160.0,378.0
380,cam_0,0,470,1052.0,822.0,212.0,488.0
380,cam_0,0,477,2460.0,450.0,142.0,418.0
380,cam_0,0,489,2404.0,410.0,120.0,420.0
380,cam_0,0,491,3778.0,588.0,120.0,402.0
380,cam_0,0,512,2058.0,806.0,194.0,458.0
381,cam_0,0,263,3420.0,1050.0,308.0,594.0
381,cam_0,0,7,2220.0,890.0,336.0,602.0
381,cam_0,0,447,3674.0,560.0,132.0,440.0
381,cam_0,0,464,2924.0,422.0,164.0,382.0
381,cam_0,0,470,1082.0,832.0,190.0,434.0
381,cam_0,0,477,2474.0,444.0,128.0,424.0
381,cam_0,0,489,2430.0,410.0,142.0,442.0
381,cam_0,0,491,3780.0,586.0,116.0,400.0
381,cam_0,0,512,2086.0,788.0,188.0,462.0
382,cam_0,0,263,3482.0,1054.0,246.0,592.0
382,cam_0,0,7,2256.0,860.0,356.0,624.0
382,cam_0,0,447,3670.0,552.0,136.0,432.0
382,cam_0,0,464,2946.0,424.0,180.0,390.0
382,cam_0,0,470,1106.0,832.0,174.0,402.0
382,cam_0,0,477,2510.0,426.0,146.0,390.0
382,cam_0,0,489,2452.0,392.0,156.0,426.0
382,cam_0,0,491,3780.0,590.0,114.0,400.0
382,cam_0,0,512,2104.0,782.0,200.0,476.0
383,cam_0,0,263,3534.0,1054.0,202.0,592.0
383,cam_0,0,7,2290.0,866.0,360.0,596.0
383,cam_0,0,447,3672.0,548.0,138.0,418.0
383,cam_0,0,464,2982.0,428.0,190.0,402.0
383,cam_0,0,470,1126.0,828.0,168.0,390.0
383,cam_0,0,489,2476.0,384.0,174.0,438.0
383,cam_0,0,491,3782.0,582.0,110.0,390.0
383,cam_0,0,512,2128.0,760.0,208.0,460.0
384,cam_0,0,263,3568.0,1048.0,216.0,598.0
384,cam_0,0,7,2326.0,870.0,348.0,582.0
384,cam_0,0,447,3670.0,544.0,138.0,404.0
384,cam_0,0,464,3006.0,420.0,206.0,390.0
384,cam_0,0,470,1146.0,822.0,188.0,394.0
384,cam_0,0,491,3788.0,578.0,100.0,386.0
384,cam_0,0,512,2154.0,740.0,208.0,450.0
384,cam_0,0,477,2548.0,414.0,180.0,418.0
385,cam_0,0,263,3596.0,1036.0,244.0,606.0
385,cam_0,0,7,2370.0,872.0,342.0,582.0
385,cam_0,0,447,3666.0,548.0,148.0,416.0
385,cam_0,0,464,3064.0,438.0,192.0,422.0
385,cam_0,0,470,1168.0,818.0,222.0,390.0
385,cam_0,0,491,3786.0,574.0,102.0,384.0
385,cam_0,0,512,2190.0,730.0,188.0,438.0
385,cam_0,0,477,2572.0,416.0,206.0,422.0
386,cam_0,0,263,3628.0,1026.0,268.0,612.0
386,cam_0,0,7,2418.0,872.0,310.0,580.0
386,cam_0,0,447,3664.0,542.0,156.0,418.0
386,cam_0,0,464,3112.0,450.0,148.0,426.0
386,cam_0,0,470,1192.0,816.0,258.0,384.0
386,cam_0,0,491,3784.0,580.0,106.0,406.0
386,cam_0,0,512,2224.0,726.0,166.0,436.0
386,cam_0,0,477,2598.0,408.0,232.0,434.0
387,cam_0,0,263,3668.0,1012.0,306.0,596.0
387,cam_0,0,7,2458.0,866.0,268.0,588.0
387,cam_0,0,447,3662.0,532.0,158.0,424.0
387,cam_0,0,464,3152.0,458.0,124.0,422.0
387,cam_0,0,470,1214.0,800.0,274.0,404.0
387,cam_0,0,491,3776.0,576.0,120.0,402.0
387,cam_0,0,512,2266.0,724.0,142.0,438.0
387,cam_0,0,477,2630.0,408.0,232.0,430.0
388,cam_0,0,263,3694.0,996.0,290.0,580.0
388,cam_0,0,7,2492.0,860.0,232.0,592.0
388,cam_0,0,447,3662.0,524.0,160.0,432.0
388,cam_0,0,464,3178.0,462.0,138.0,416.0
388,cam_0,0,470,1230.0,782.0,278.0,394.0
388,cam_0,0,491,3768.0,564.0,116.0,392.0
388,cam_0,0,512,2290.0,718.0,136.0,442.0
388,cam_0,0,477,2656.0,412.0,214.0,420.0
389,cam_0,0,263,3716.0,994.0,246.0,564.0
389,cam_0,0,7,2512.0,852.0,224.0,604.0
389,cam_0,0,447,3670.0,518.0,176.0,440.0
389,cam_0,0,464,3202.0,462.0,152.0,414.0
389,cam_0,0,470,1244.0,774.0,266.0,364.0
389,cam_0,0,491,3760.0,552.0,120.0,388.0
389,cam_0,0,512,2316.0,710.0,176.0,454.0
389,cam_0,0,477,2678.0,416.0,200.0,414.0
390,cam_0,0,263,3738.0,1006.0,200.0,538.0
390,cam_0,0,7,2540.0,842.0,234.0,604.0
390,cam_0,0,447,3668.0,514.0,168.0,442.0
390,cam_0,0,464,3228.0,460.0,178.0,418.0
390,cam_0,0,470,1266.0,762.0,258.0,354.0
390,cam_0,0,491,3756.0,552.0,118.0,396.0
390,cam_0,0,512,2336.0,692.0,188.0,448.0
390,cam_0,0,477,2700.0,416.0,206.0,412.0
391,cam_0,0,263,3772.0,1030.0,132.0,482.0
391,cam_0,0,7,2566.0,830.0,236.0,592.0
391,cam_0,0,447,3682.0,514.0,178.0,444.0
391,cam_0,0,464,3266.0,456.0,216.0,424.0
391,cam_0,0,470,1300.0,758.0,250.0,344.0
391,cam_0,0,491,3746.0,550.0,122.0,396.0
391,cam_0,0,512,2350.0,668.0,196.0,432.0
391,cam_0,0,477,2714.0,410.0,194.0,422.0
392,cam_0,0,263,3804.0,1048.0,68.0,446.0
392,cam_0,0,7,2596.0,820.0,234.0,580.0
392,cam_0,0,447,3666.0,500.0,146.0,408.0
392,cam_0,0,464,3294.0,460.0,220.0,428.0
392,cam_0,0,470,1336.0,742.0,232.0,372.0
392,cam_0,0,491,3740.0,550.0,124.0,394.0
392,cam_0,0,512,2366.0,656.0,208.0,426.0
392,cam_0,0,477,2740.0,402.0,200.0,432.0
392,cam_0,0,489,2774.0,404.0,166.0,424.0
393,cam_0,0,7,2620.0,816.0,218.0,568.0
393,cam_0,0,447,3664.0,496.0,130.0,398.0
393,cam_0,0,464,3332.0,468.0,220.0,426.0
393,cam_0,0,470,1372.0,714.0,210.0,432.0
393,cam_0,0,491,3734.0,554.0,120.0,386.0
393,cam_0,0,512,2406.0,652.0,178.0,426.0
393,cam_0,0,477,2774.0,398.0,190.0,430.0
394,cam_0,0,7,2652.0,814.0,208.0,562.0
394,cam_0,0,447,3680.0,516.0,156.0,426.0
394,cam_0,0,464,3390.0,476.0,168.0,422.0
394,cam_0,0,470,1396.0,698.0,216.0,456.0
394,cam_0,0,491,3720.0,558.0,136.0,380.0
394,cam_0,0,512,2442.0,648.0,148.0,426.0
394,cam_0,0,477,2810.0,392.0,176.0,422.0
395,cam_0,0,7,2688.0,810.0,194.0,558.0
395,cam_0,0,447,3686.0,516.0,164.0,446.0
395,cam_0,0,464,3428.0,476.0,146.0,422.0
395,cam_0,0,470,1398.0,690.0,196.0,470.0
395,cam_0,0,512,2470.0,644.0,154.0,426.0
395,cam_0,0,477,2844.0,378.0,176.0,422.0
396,cam_0,0,7,2712.0,806.0,196.0,556.0
396,cam_0,0,447,3686.0,514.0,164.0,458.0
396,cam_0,0,464,3452.0,478.0,156.0,416.0
396,cam_0,0,470,1406.0,688.0,192.0,472.0
396,cam_0,0,512,2494.0,638.0,170.0,430.0
396,cam_0,0,489,2896.0,376.0,176.0,410.0
397,cam_0,0,7,2738.0,796.0,184.0,570.0
397,cam_0,0,447,3682.0,510.0,168.0,472.0
397,cam_0,0,464,3494.0,476.0,214.0,418.0
397,cam_0,0,470,1422.0,692.0,202.0,458.0
397,cam_0,0,512,2514.0,628.0,176.0,442.0
397,cam_0,0,477,2906.0,374.0,186.0,402.0
398,cam_0,0,7,2758.0,786.0,190.0,572.0
398,cam_0,0,447,3682.0,508.0,172.0,480.0
398,cam_0,0,464,3522.0,474.0,236.0,418.0
398,cam_0,0,470,1446.0,682.0,196.0,440.0
398,cam_0,0,512,2536.0,608.0,174.0,434.0
398,cam_0,0,477,2930.0,378.0,176.0,398.0
399,cam_0,0,7,2784.0,780.0,212.0,576.0
399,cam_0,0,447,3684.0,502.0,164.0,478.0
399,cam_0,0,464,3536.0,470.0,232.0,420.0
399,cam_0,0,470,1468.0,672.0,184.0,416.0
399,cam_0,0,512,2556.0,586.0,180.0,412.0
399,cam_0,0,477,2940.0,386.0,176.0,388.0
400,cam_0,0,7,2800.0,766.0,228.0,574.0
400,cam_0,0,464,3556.0,462.0,228.0,408.0
400,cam_0,0,470,1490.0,672.0,160.0,396.0
400,cam_0,0,512,2584.0,574.0,168.0,394.0
400,cam_0,0,477,2958.0,384.0,182.0,394.0
400,cam_0,0,491,3708.0,498.0,132.0,468.0
400,cam_0,0,489,2994.0,372.0,136.0,376.0
401,cam_0,0,7,2824.0,752.0,240.0,560.0
401,cam_0,0,464,3592.0,456.0,244.0,410.0
401,cam_0,0,512,2618.0,572.0,146.0,394.0
401,cam_0,0,477,3006.0,382.0,152.0,394.0
401,cam_0,0,491,3728.0,470.0,122.0,416.0
401,cam_0,0,447,3700.0,488.0,168.0,460.0
402,cam_0,0,7,2834.0,742.0,242.0,536.0
402,cam_0,0,464,3612.0,446.0,224.0,384.0
402,cam_0,0,512,2650.0,574.0,126.0,398.0
402,cam_0,0,477,3024.0,360.0,170.0,446.0
402,cam_0,0,491,3718.0,464.0,138.0,406.0
402,cam_0,0,447,3688.0,496.0,150.0,460.0
402,cam_0,0,470,1558.0,612.0,202.0,486.0
403,cam_0,0,7,2858.0,736.0,242.0,518.0
403,cam_0,0,512,2670.0,574.0,126.0,402.0
403,cam_0,0,477,3044.0,356.0,168.0,450.0
403,cam_0,0,447,3692.0,494.0,150.0,456.0
403,cam_0,0,470,1574.0,594.0,202.0,498.0
404,cam_0,0,7,2892.0,736.0,252.0,510.0
404,cam_0,0,512,2692.0,570.0,132.0,402.0
404,cam_0,0,477,3066.0,358.0,168.0,440.0
404,cam_0,0,447,3702.0,490.0,168.0,448.0
404,cam_0,0,470,1594.0,584.0,188.0,504.0
405,cam_0,0,7,2922.0,734.0,246.0,516.0
405,cam_0,0,512,2706.0,562.0,150.0,412.0
405,cam_0,0,477,3086.0,350.0,178.0,432.0
405,cam_0,0,447,3674.0,494.0,128.0,410.0
405,cam_0,0,470,1612.0,576.0,202.0,510.0
405,cam_0,0,491,3728.0,450.0,146.0,396.0
406,cam_0,0,7,2950.0,730.0,222.0,524.0
406,cam_0,0,512,2726.0,552.0,168.0,414.0
406,cam_0,0,477,3110.0,344.0,188.0,426.0
406,cam_0,0,447,3664.0,512.0,128.0,396.0
406,cam_0,0,470,1628.0,564.0,212.0,516.0
406,cam_0,0,511,3766.0,442.0,132.0,410.0
407,cam_0,0,7,2972.0,724.0,210.0,536.0
407,cam_0,0,512,2744.0,532.0,184.0,392.0
407,cam_0,0,477,3132.0,336.0,186.0,440.0
407,cam_0,0,447,3646.0,518.0,132.0,382.0
407,cam_0,0,470,1644.0,556.0,222.0,508.0
407,cam_0,0,511,3770.0,440.0,132.0,412.0
408,cam_0,0,7,2994.0,714.0,214.0,546.0
408,cam_0,0,512,2766.0,524.0,180.0,384.0
408,cam_0,0,477,3148.0,332.0,178.0,444.0
408,cam_0,0,447,3636.0,528.0,146.0,370.0
408,cam_0,0,470,1654.0,552.0,226.0,490.0
408,cam_0,0,511,3774.0,434.0,126.0,416.0
409,cam_0,0,7,3010.0,708.0,214.0,556.0
409,cam_0,0,512,2792.0,520.0,154.0,386.0
409,cam_0,0,477,3172.0,346.0,162.0,408.0
409,cam_0,0,447,3628.0,534.0,148.0,370.0
409,cam_0,0,470,1666.0,544.0,218.0,472.0
409,cam_0,0,511,3776.0,428.0,122.0,404.0
410,cam_0,0,7,3028.0,696.0,216.0,544.0
410,cam_0,0,512,2818.0,520.0,148.0,386.0
410,cam_0,0,477,3190.0,356.0,152.0,384.0
410,cam_0,0,447,3620.0,530.0,158.0,376.0
410,cam_0,0,470,1678.0,532.0,214.0,470.0
410,cam_0,0,511,3782.0,424.0,108.0,394.0
411,cam_0,0,7,3046.0,680.0,212.0,530.0
411,cam_0,0,512,2830.0,520.0,156.0,392.0
411,cam_0,0,477,3214.0,358.0,148.0,372.0
411,cam_0,0,447,3616.0,526.0,156.0,390.0
411,cam_0,0,470,1700.0,526.0,208.0,470.0
411,cam_0,0,511,3792.0,422.0,92.0,386.0
412,cam_0,0,7,3060.0,674.0,224.0,514.0
412,cam_0,0,512,2838.0,516.0,168.0,394.0
412,cam_0,0,477,3240.0,348.0,142.0,394.0
412,cam_0,0,447,3602.0,518.0,156.0,392.0
412,cam_0,0,470,1728.0,524.0,208.0,468.0
412,cam_0,0,511,3796.0,422.0,84.0,384.0
413,cam_0,0,7,3084.0,672.0,196.0,502.0
413,cam_0,0,512,2852.0,502.0,168.0,392.0
413,cam_0,0,477,3248.0,350.0,136.0,374.0
413,cam_0,0,447,3582.0,502.0,168.0,378.0
413,cam_0,0,470,1756.0,520.0,188.0,472.0
413,cam_0,0,511,3798.0,424.0,80.0,376.0
414,cam_0,0,7,3112.0,674.0,172.0,496.0
414,cam_0,0,512,2892.0,476.0,194.0,366.0
414,cam_0,0,477,3276.0,346.0,128.0,372.0
414,cam_0,0,447,3568.0,488.0,182.0,364.0
414,cam_0,0,470,1774.0,516.0,168.0,476.0
414,cam_0,0,511,3800.0,426.0,74.0,374.0
415,cam_0,0,7,3134.0,672.0,168.0,496.0
415,cam_0,0,512,2908.0,458.0,152.0,348.0
415,cam_0,0,477,3290.0,348.0,138.0,366.0
415,cam_0,0,447,3558.0,476.0,186.0,360.0
415,cam_0,0,470,1788.0,508.0,164.0,484.0
415,cam_0,0,511,3800.0,428.0,72.0,374.0
416,cam_0,0,7,3148.0,666.0,190.0,504.0
416,cam_0,0,512,2942.0,456.0,126.0,348.0
416,cam_0,0,477,3312.0,350.0,134.0,362.0
416,cam_0,0,447,3570.0,470.0,166.0,358.0
416,cam_0,0,470,1806.0,502.0,172.0,492.0
416,cam_0,0,511,3806.0,426.0,64.0,374.0
417,cam_0,0,7,3164.0,656.0,190.0,512.0
417,cam_0,0,512,2954.0,458.0,106.0,356.0
417,cam_0,0,477,3326.0,348.0,138.0,358.0
417,cam_0,0,447,3568.0,466.0,162.0,354.0
417,cam_0,0,470,1818.0,496.0,176.0,496.0
417,cam_0,0,511,3804.0,424.0,68.0,374.0
418,cam_0,0,7,3180.0,648.0,204.0,518.0
418,cam_0,0,512,2980.0,454.0,112.0,354.0
418,cam_0,0,477,3340.0,350.0,138.0,358.0
418,cam_0,0,447,3558.0,460.0,176.0,350.0
418,cam_0,0,470,1834.0,490.0,174.0,496.0
418,cam_0,0,511,3812.0,414.0,54.0,350.0
419,cam_0,0,7,3200.0,640.0,222.0,520.0
419,cam_0,0,512,3006.0,440.0,132.0,356.0
419,cam_0,0,477,3360.0,348.0,138.0,360.0
419,cam_0,0,447,3556.0,452.0,186.0,346.0
419,cam_0,0,470,1852.0,482.0,174.0,490.0
419,cam_0,0,631,3412.0,260.0,110.0,356.0
420,cam_0,0,7,3214.0,628.0,234.0,500.0
420,cam_0,0,512,3020.0,420.0,138.0,348.0
420,cam_0,0,477,3376.0,344.0,144.0,354.0
420,cam_0,0,447,3548.0,442.0,188.0,330.0
420,cam_0,0,470,1870.0,478.0,170.0,474.0
420,cam_0,0,631,3442.0,260.0,108.0,362.0
421,cam_0,0,7,3232.0,620.0,236.0,486.0
421,cam_0,0,512,3030.0,414.0,126.0,338.0
421,cam_0,0,477,3398.0,334.0,150.0,348.0
421,cam_0,0,447,3552.0,436.0,190.0,322.0
421,cam_0,0,470,1890.0,472.0,162.0,466.0
421,cam_0,0,631,3468.0,254.0,104.0,332.0
422,cam_0,0,7,3252.0,620.0,240.0,470.0
422,cam_0,0,512,3038.0,408.0,132.0,338.0
422,cam_0,0,477,3404.0,314.0,142.0,320.0
422,cam_0,0,447,3558.0,432.0,200.0,318.0
422,cam_0,0,470,1904.0,468.0,160.0,462.0
422,cam_0,0,631,3490.0,252.0,106.0,324.0
423,cam_0,0,7,3268.0,620.0,228.0,460.0
423,cam_0,0,512,3038.0,404.0,142.0,340.0
423,cam_0,0,477,3412.0,308.0,146.0,318.0
423,cam_0,0,447,3568.0,430.0,234.0,316.0
423,cam_0,0,470,1916.0,464.0,158.0,454.0
423,cam_0,0,631,3512.0,270.0,106.0,342.0
424,cam_0,0,7,3294.0,620.0,210.0,456.0
424,cam_0,0,512,3044.0,400.0,138.0,350.0
424,cam_0,0,477,3424.0,308.0,146.0,330.0
424,cam_0,0,447,3584.0,422.0,268.0,316.0
424,cam_0,0,470,1934.0,456.0,152.0,454.0
424,cam_0,0,631,3528.0,278.0,106.0,344.0
425,cam_0,0,7,3314.0,614.0,194.0,460.0
425,cam_0,0,512,3058.0,392.0,124.0,346.0
425,cam_0,0,477,3432.0,296.0,134.0,312.0
425,cam_0,0,447,3594.0,416.0,272.0,312.0
425,cam_0,0,470,1952.0,448.0,154.0,460.0
426,cam_0,0,7,3334.0,608.0,180.0,470.0
426,cam_0,0,512,3070.0,372.0,114.0,316.0
426,cam_0,0,477,3440.0,308.0,112.0,314.0
426,cam_0,0,447,3598.0,412.0,250.0,306.0
426,cam_0,0,470,1966.0,444.0,162.0,462.0
426,cam_0,0,631,3558.0,236.0,96.0,276.0
427,cam_0,0,7,3352.0,600.0,190.0,482.0
427,cam_0,0,512,3084.0,360.0,114.0,304.0
427,cam_0,0,477,3458.0,322.0,122.0,356.0
427,cam_0,0,447,3612.0,408.0,228.0,298.0
427,cam_0,0,470,1986.0,440.0,180.0,464.0
427,cam_0,0,631,3576.0,218.0,88.0,252.0
428,cam_0,0,7,3374.0,588.0,188.0,476.0
428,cam_0,0,512,3094.0,352.0,122.0,300.0
428,cam_0,0,477,3468.0,326.0,130.0,350.0
428,cam_0,0,447,3614.0,402.0,214.0,294.0
428,cam_0,0,470,1996.0,434.0,192.0,462.0
428,cam_0,0,631,3590.0,216.0,100.0,266.0
429,cam_0,0,7,3392.0,580.0,192.0,472.0
429,cam_0,0,512,3100.0,350.0,136.0,300.0
429,cam_0,0,477,3480.0,322.0,148.0,328.0
429,cam_0,0,447,3624.0,394.0,192.0,302.0
429,cam_0,0,470,2004.0,424.0,196.0,452.0
429,cam_0,0,631,3606.0,218.0,100.0,278.0
430,cam_0,0,7,3414.0,572.0,204.0,462.0
430,cam_0,0,512,3106.0,342.0,156.0,310.0
430,cam_0,0,477,3480.0,310.0,154.0,294.0
430,cam_0,0,447,3642.0,392.0,170.0,312.0
430,cam_0,0,470,2014.0,416.0,194.0,438.0
430,cam_0,0,631,3616.0,230.0,104.0,306.0
431,cam_0,0,7,3428.0,566.0,196.0,456.0
431,cam_0,0,512,3120.0,322.0,150.0,284.0
431,cam_0,0,477,3484.0,298.0,148.0,276.0
431,cam_0,0,447,3654.0,388.0,162.0,326.0
431,cam_0,0,470,2030.0,412.0,194.0,428.0
431,cam_0,0,631,3618.0,234.0,124.0,314.0
432,cam_0,0,7,3446.0,564.0,176.0,454.0
432,cam_0,0,512,3134.0,310.0,148.0,274.0
432,cam_0,0,477,3494.0,284.0,156.0,286.0
432,cam_0,0,447,3662.0,340.0,164.0,412.0
432,cam_0,0,470,2052.0,410.0,194.0,424.0
433,cam_0,0,7,3468.0,566.0,160.0,454.0
433,cam_0,0,512,3148.0,304.0,146.0,270.0
433,cam_0,0,477,3518.0,280.0,128.0,290.0
433,cam_0,0,447,3674.0,340.0,158.0,366.0
433,cam_0,0,470,2068.0,408.0,178.0,424.0
434,cam_0,0,7,3488.0,570.0,138.0,448.0
434,cam_0,0,512,3160.0,296.0,150.0,248.0
434,cam_0,0,477,3532.0,276.0,110.0,292.0
434,cam_0,0,447,3682.0,318.0,158.0,376.0
434,cam_0,0,470,2088.0,404.0,162.0,428.0
434,cam_0,0,631,3662.0,284.0,134.0,392.0
435,cam_0,0,7,3502.0,564.0,150.0,452.0
435,cam_0,0,512,3176.0,288.0,152.0,246.0
435,cam_0,0,477,3548.0,270.0,104.0,282.0
435,cam_0,0,447,3694.0,302.0,138.0,396.0
435,cam_0,0,470,2106.0,400.0,154.0,438.0
436,cam_0,0,7,3512.0,560.0,162.0,458.0
436,cam_0,0,512,3190.0,286.0,170.0,262.0
436,cam_0,0,477,3556.0,266.0,102.0,276.0
436,cam_0,0,447,3718.0,322.0,130.0,352.0
436,cam_0,0,470,2120.0,390.0,150.0,440.0
436,cam_0,0,631,3708.0,298.0,128.0,400.0
437,cam_0,0,7,3528.0,554.0,166.0,466.0
437,cam_0,0,512,3210.0,278.0,174.0,256.0
437,cam_0,0,477,3566.0,256.0,102.0,260.0
437,cam_0,0,447,3732.0,334.0,134.0,330.0
437,cam_0,0,470,2132.0,384.0,154.0,452.0
438,cam_0,0,7,3538.0,546.0,182.0,468.0
438,cam_0,0,512,3236.0,268.0,162.0,254.0
438,cam_0,0,477,3570.0,256.0,98.0,254.0
438,cam_0,0,447,3738.0,336.0,136.0,328.0
438,cam_0,0,470,2146.0,380.0,158.0,458.0
438,cam_0,0,668,3710.0,214.0,76.0,222.0
439,cam_0,0,7,3556.0,534.0,196.0,458.0
439,cam_0,0,512,3260.0,266.0,156.0,250.0
439,cam_0,0,477,3580.0,256.0,92.0,252.0
439,cam_0,0,447,3750.0,334.0,142.0,324.0
439,cam_0,0,470,2160.0,374.0,162.0,454.0
439,cam_0,0,668,3724.0,226.0,78.0,240.0
440,cam_0,0,7,3576.0,524.0,208.0,452.0
440,cam_0,0,512,3278.0,264.0,162.0,250.0
440,cam_0,0,477,3588.0,250.0,86.0,248.0
440,cam_0,0,447,3762.0,330.0,148.0,318.0
440,cam_0,0,470,2174.0,368.0,158.0,440.0
440,cam_0,0,670,3796.0,332.0,82.0,310.0
440,cam_0,0,631,3782.0,332.0,112.0,318.0
441,cam_0,0,7,3590.0,522.0,206.0,436.0
441,cam_0,0,512,3292.0,264.0,180.0,252.0
441,cam_0,0,477,3594.0,254.0,86.0,264.0
441,cam_0,0,447,3772.0,332.0,134.0,300.0
441,cam_0,0,470,2186.0,366.0,152.0,430.0
441,cam_0,0,670,3804.0,328.0,68.0,298.0
441,cam_0,0,668,3750.0,282.0,86.0,348.0
442,cam_0,0,7,3600.0,530.0,180.0,414.0
442,cam_0,0,512,3312.0,256.0,186.0,242.0
442,cam_0,0,477,3602.0,254.0,90.0,278.0
442,cam_0,0,447,3780.0,328.0,116.0,308.0
442,cam_0,0,470,2198.0,364.0,152.0,420.0
442,cam_0,0,668,3754.0,288.0,88.0,362.0
443,cam_0,0,7,3618.0,528.0,168.0,422.0
443,cam_0,0,512,3360.0,244.0,140.0,234.0
443,cam_0,0,477,3610.0,252.0,98.0,288.0
443,cam_0,0,447,3790.0,318.0,96.0,300.0
443,cam_0,0,470,2212.0,362.0,150.0,420.0
444,cam_0,0,7,3636.0,524.0,158.0,428.0
444,cam_0,0,512,3386.0,238.0,148.0,232.0
444,cam_0,0,477,3614.0,272.0,116.0,340.0
444,cam_0,0,447,3796.0,306.0,84.0,330.0
444,cam_0,0,470,2220.0,356.0,148.0,426.0
444,cam_0,0,668,3764.0,284.0,100.0,366.0
445,cam_0,0,7,3654.0,520.0,144.0,430.0
445,cam_0,0,512,3406.0,238.0,154.0,232.0
445,cam_0,0,477,3616.0,278.0,124.0,350.0
445,cam_0,0,470,2234.0,346.0,140.0,430.0
445,cam_0,0,668,3772.0,280.0,106.0,358.0
446,cam_0,0,7,3674.0,514.0,160.0,440.0
446,cam_0,0,512,3440.0,232.0,142.0,234.0
446,cam_0,0,477,3618.0,280.0,130.0,346.0
446,cam_0,0,470,2248.0,340.0,138.0,432.0
446,cam_0,0,668,3774.0,270.0,110.0,340.0
447,cam_0,0,7,3688.0,506.0,160.0,444.0
447,cam_0,0,512,3460.0,224.0,152.0,236.0
447,cam_0,0,477,3624.0,282.0,140.0,340.0
447,cam_0,0,470,2260.0,338.0,146.0,428.0
447,cam_0,0,668,3770.0,276.0,130.0,348.0
448,cam_0,0,7,3692.0,496.0,174.0,442.0
448,cam_0,0,512,3498.0,218.0,130.0,238.0
448,cam_0,0,477,3628.0,276.0,138.0,332.0
448,cam_0,0,470,2272.0,338.0,158.0,428.0
448,cam_0,0,668,3782.0,258.0,110.0,310.0
449,cam_0,0,7,3716.0,488.0,168.0,424.0
449,cam_0,0,512,3538.0,206.0,96.0,220.0
449,cam_0,0,477,3646.0,274.0,122.0,330.0
449,cam_0,0,470,2280.0,336.0,168.0,424.0
449,cam_0,0,668,3786.0,242.0,102.0,252.0
450,cam_0,0,7,3736.0,476.0,166.0,420.0
450,cam_0,0,512,3576.0,210.0,102.0,228.0
450,cam_0,0,477,3664.0,274.0,110.0,334.0
450,cam_0,0,470,2286.0,328.0,170.0,414.0
450,cam_0,0,668,3786.0,230.0,100.0,232.0
451,cam_0,0,7,3752.0,478.0,144.0,406.0
451,cam_0,0,512,3594.0,202.0,106.0,220.0
451,cam_0,0,477,3670.0,272.0,108.0,340.0
451,cam_0,0,470,2294.0,324.0,174.0,400.0
451,cam_0,0,668,3784.0,222.0,108.0,228.0
452,cam_0,0,7,3772.0,478.0,126.0,400.0
452,cam_0,0,477,3662.0,268.0,142.0,346.0
452,cam_0,0,470,2308.0,320.0,172.0,392.0
452,cam_0,0,668,3784.0,218.0,108.0,228.0
453,cam_0,0,7,3776.0,474.0,126.0,408.0
453,cam_0,0,477,3676.0,264.0,118.0,350.0
453,cam_0,0,470,2326.0,316.0,172.0,388.0
453,cam_0,0,668,3792.0,200.0,94.0,210.0
454,cam_0,0,7,3766.0,468.0,144.0,416.0
454,cam_0,0,477,3688.0,258.0,114.0,348.0
454,cam_0,0,470,2346.0,310.0,158.0,392.0
454,cam_0,0,668,3800.0,194.0,76.0,218.0
455,cam_0,0,7,3778.0,460.0,120.0,424.0
455,cam_0,0,477,3698.0,256.0,130.0,352.0
455,cam_0,0,470,2362.0,302.0,144.0,402.0
455,cam_0,0,668,3806.0,202.0,66.0,236.0
456,cam_0,0,7,3782.0,426.0,112.0,484.0
456,cam_0,0,477,3708.0,256.0,124.0,350.0
456,cam_0,0,470,2372.0,298.0,138.0,416.0
457,cam_0,0,7,3786.0,426.0,106.0,468.0
457,cam_0,0,477,3712.0,258.0,110.0,350.0
457,cam_0,0,470,2384.0,294.0,136.0,420.0
458,cam_0,0,7,3786.0,448.0,104.0,392.0
458,cam_0,0,477,3712.0,260.0,104.0,348.0
458,cam_0,0,470,2396.0,290.0,134.0,418.0
458,cam_0,0,668,3800.0,188.0,76.0,216.0
459,cam_0,0,7,3790.0,452.0,98.0,356.0
459,cam_0,0,477,3714.0,256.0,106.0,344.0
459,cam_0,0,470,2406.0,290.0,142.0,416.0
460,cam_0,0,477,3718.0,254.0,102.0,342.0
460,cam_0,0,470,2418.0,286.0,138.0,410.0
461,cam_0,0,477,3724.0,252.0,106.0,338.0
461,cam_0,0,470,2430.0,284.0,136.0,402.0
462,cam_0,0,477,3728.0,250.0,104.0,342.0
462,cam_0,0,470,2442.0,284.0,132.0,396.0
463,cam_0,0,477,3734.0,248.0,108.0,342.0
463,cam_0,0,470,2452.0,282.0,132.0,392.0
464,cam_0,0,477,3738.0,246.0,104.0,344.0
464,cam_0,0,470,2460.0,280.0,128.0,392.0
465,cam_0,0,477,3742.0,248.0,102.0,342.0
465,cam_0,0,470,2468.0,276.0,126.0,388.0
466,cam_0,0,477,3742.0,252.0,108.0,344.0
466,cam_0,0,470,2478.0,270.0,126.0,390.0
467,cam_0,0,477,3744.0,252.0,110.0,338.0
467,cam_0,0,470,2488.0,266.0,128.0,394.0
468,cam_0,0,477,3746.0,246.0,110.0,328.0
468,cam_0,0,470,2496.0,262.0,136.0,394.0
469,cam_0,0,477,3750.0,242.0,106.0,330.0
469,cam_0,0,470,2504.0,258.0,142.0,392.0
470,cam_0,0,477,3754.0,238.0,108.0,334.0
470,cam_0,0,470,2510.0,256.0,150.0,388.0
471,cam_0,0,477,3758.0,232.0,112.0,336.0
471,cam_0,0,470,2512.0,254.0,158.0,378.0
472,cam_0,0,477,3756.0,228.0,114.0,334.0
472,cam_0,0,470,2518.0,256.0,166.0,372.0
473,cam_0,0,477,3756.0,226.0,122.0,336.0
473,cam_0,0,470,2530.0,252.0,160.0,368.0
474,cam_0,0,477,3752.0,224.0,126.0,338.0
474,cam_0,0,470,2538.0,246.0,146.0,366.0
475,cam_0,0,477,3748.0,226.0,128.0,336.0
475,cam_0,0,470,2556.0,240.0,136.0,366.0
476,cam_0,0,477,3746.0,228.0,128.0,336.0
476,cam_0,0,470,2570.0,240.0,132.0,372.0
477,cam_0,0,477,3748.0,228.0,132.0,332.0
477,cam_0,0,470,2582.0,238.0,124.0,372.0
478,cam_0,0,477,3746.0,228.0,128.0,328.0
478,cam_0,0,470,2588.0,236.0,124.0,378.0
479,cam_0,0,477,3740.0,228.0,116.0,326.0
479,cam_0,0,470,2594.0,232.0,128.0,376.0
480,cam_0,0,477,3736.0,226.0,112.0,330.0
480,cam_0,0,470,2602.0,232.0,128.0,376.0
481,cam_0,0,477,3728.0,226.0,102.0,326.0
481,cam_0,0,470,2606.0,232.0,130.0,376.0
482,cam_0,0,477,3730.0,222.0,96.0,330.0
482,cam_0,0,470,2612.0,230.0,132.0,374.0
483,cam_0,0,477,3728.0,222.0,86.0,324.0
483,cam_0,0,470,2618.0,230.0,136.0,372.0
484,cam_0,0,477,3732.0,220.0,92.0,330.0
484,cam_0,0,470,2626.0,230.0,132.0,370.0
485,cam_0,0,477,3732.0,218.0,96.0,332.0
485,cam_0,0,470,2634.0,228.0,126.0,364.0
486,cam_0,0,477,3734.0,218.0,102.0,336.0
486,cam_0,0,470,2646.0,224.0,120.0,366.0
487,cam_0,0,477,3734.0,216.0,106.0,334.0
487,cam_0,0,470,2654.0,222.0,116.0,368.0
488,cam_0,0,477,3734.0,216.0,116.0,330.0
488,cam_0,0,470,2662.0,218.0,114.0,366.0
489,cam_0,0,477,3734.0,214.0,118.0,328.0
489,cam_0,0,470,2668.0,214.0,116.0,362.0
490,cam_0,0,477,3732.0,212.0,118.0,322.0
490,cam_0,0,470,2672.0,214.0,122.0,364.0
491,cam_0,0,477,3730.0,210.0,124.0,320.0
491,cam_0,0,470,2682.0,212.0,130.0,364.0
492,cam_0,0,477,3728.0,212.0,134.0,320.0
492,cam_0,0,470,2690.0,212.0,140.0,362.0
493,cam_0,0,477,3720.0,214.0,124.0,324.0
493,cam_0,0,470,2696.0,212.0,144.0,362.0
494,cam_0,0,477,3718.0,218.0,118.0,326.0
494,cam_0,0,470,2700.0,212.0,146.0,360.0
495,cam_0,0,477,3708.0,220.0,108.0,324.0
495,cam_0,0,470,2700.0,212.0,144.0,358.0
496,cam_0,0,477,3702.0,224.0,104.0,326.0
496,cam_0,0,470,2702.0,212.0,146.0,356.0
497,cam_0,0,477,3698.0,228.0,104.0,326.0
497,cam_0,0,470,2706.0,212.0,140.0,352.0
498,cam_0,0,477,3692.0,230.0,112.0,328.0
498,cam_0,0,470,2712.0,212.0,140.0,348.0
499,cam_0,0,477,3690.0,232.0,114.0,328.0
499,cam_0,0,470,2718.0,208.0,138.0,352.0
500,cam_0,0,477,3688.0,232.0,112.0,328.0
500,cam_0,0,470,2724.0,206.0,138.0,352.0
501,cam_0,0,477,3686.0,230.0,106.0,328.0
501,cam_0,0,470,2732.0,202.0,122.0,354.0
502,cam_0,0,477,3684.0,230.0,106.0,330.0
502,cam_0,0,470,2740.0,200.0,110.0,354.0
503,cam_0,0,477,3680.0,232.0,100.0,332.0
503,cam_0,0,470,2748.0,198.0,108.0,364.0
504,cam_0,0,477,3676.0,234.0,96.0,332.0
504,cam_0,0,470,2754.0,196.0,110.0,366.0
505,cam_0,0,477,3676.0,234.0,94.0,332.0
505,cam_0,0,470,2756.0,198.0,112.0,362.0
506,cam_0,0,477,3676.0,232.0,90.0,334.0
506,cam_0,0,470,2758.0,200.0,114.0,360.0
507,cam_0,0,477,3672.0,234.0,92.0,336.0
507,cam_0,0,470,2760.0,198.0,114.0,350.0
508,cam_0,0,477,3670.0,234.0,96.0,338.0
508,cam_0,0,470,2764.0,198.0,118.0,346.0
509,cam_0,0,477,3662.0,232.0,108.0,338.0
509,cam_0,0,470,2768.0,200.0,114.0,344.0
510,cam_0,0,477,3654.0,230.0,120.0,338.0
510,cam_0,0,470,2772.0,198.0,114.0,346.0
511,cam_0,0,477,3650.0,232.0,120.0,338.0
511,cam_0,0,470,2778.0,196.0,118.0,346.0
512,cam_0,0,477,3644.0,232.0,124.0,334.0
512,cam_0,0,470,2782.0,192.0,116.0,352.0
513,cam_0,0,477,3632.0,232.0,140.0,334.0
513,cam_0,0,470,2786.0,190.0,112.0,356.0
514,cam_0,0,477,3628.0,230.0,144.0,334.0
514,cam_0,0,470,2792.0,188.0,108.0,356.0
515,cam_0,0,477,3624.0,230.0,148.0,334.0
515,cam_0,0,470,2796.0,188.0,106.0,354.0
516,cam_0,0,477,3624.0,230.0,146.0,334.0
516,cam_0,0,470,2798.0,186.0,104.0,352.0
517,cam_0,0,477,3624.0,232.0,142.0,334.0
517,cam_0,0,470,2804.0,184.0,102.0,348.0
518,cam_0,0,477,3622.0,232.0,144.0,334.0
518,cam_0,0,470,2806.0,182.0,104.0,348.0
519,cam_0,0,477,3620.0,232.0,146.0,336.0
519,cam_0,0,470,2810.0,182.0,104.0,344.0
520,cam_0,0,477,3616.0,230.0,142.0,336.0
520,cam_0,0,470,2814.0,182.0,102.0,344.0
521,cam_0,0,477,3616.0,232.0,144.0,336.0
521,cam_0,0,470,2818.0,184.0,102.0,344.0
522,cam_0,0,477,3618.0,232.0,138.0,336.0
522,cam_0,0,470,2822.0,182.0,106.0,342.0
523,cam_0,0,477,3614.0,232.0,138.0,338.0
523,cam_0,0,470,2826.0,180.0,108.0,344.0
524,cam_0,0,477,3608.0,232.0,138.0,340.0
524,cam_0,0,470,2832.0,178.0,108.0,340.0
